file_path,filename
/Users/jjason3/OneDrive - Georgia Institute of Technology/USGS_GW_data/DE_GW_IV/well_393617075380001_SCD_DP_15B_ALL_IV_72019.csv,well_393617075380001_SCD_DP_15B_ALL_IV_72019.csv
/Users/jjason3/OneDrive - Georgia Institute of Technology/USGS_GW_data/DE_GW_IV/well_393617075380403_SCD_DP_10AA_ALL_IV_72019.csv,well_393617075380403_SCD_DP_10AA_ALL_IV_72019.csv
/Users/jjason3/OneDrive - Georgia Institute of Technology/USGS_GW_data/DE_GW_IV/well_384637075153201_Ng45_02_ALL_IV_72019.csv,well_384637075153201_Ng45_02_ALL_IV_72019.csv
/Users/jjason3/OneDrive - Georgia Institute of Technology/USGS_GW_data/DE_GW_IV/well_393617075380002_SCD_DP_15AA_ALL_IV_72019.csv,well_393617075380002_SCD_DP_15AA_ALL_IV_72019.csv
/Users/jjason3/OneDrive - Georgia Institute of Technology/USGS_GW_data/DE_GW_IV/well_393617075380402_SCD_DP_10B_ALL_IV_72019.csv,well_393617075380402_SCD_DP_10B_ALL_IV_72019.csv
/Users/jjason3/OneDrive - Georgia Institute of Technology/USGS_GW_data/DE_GW_IV/well_390808075293901_DE_A4_MW5D_ALL_IV_72019.csv,well_390808075293901_DE_A4_MW5D_ALL_IV_72019.csv
/Users/jjason3/OneDrive - Georgia Institute of Technology/USGS_GW_data/DE_GW_IV/well_392043075403301_DE_Gb55_08_ALL_IV_72019.csv,well_392043075403301_DE_Gb55_08_ALL_IV_72019.csv
/Users/jjason3/OneDrive - Georgia Institute of Technology/USGS_GW_data/DE_GW_IV/well_390825075295601_DE_KE_234895_ALL_IV_72019.csv,well_390825075295601_DE_KE_234895_ALL_IV_72019.csv
/Users/jjason3/OneDrive - Georgia Institute of Technology/USGS_GW_data/DE_GW_IV/well_394432075430701_DE_Cb12_10_ALL_IV_72019.csv,well_394432075430701_DE_Cb12_10_ALL_IV_72019.csv
/Users/jjason3/OneDrive - Georgia Institute of Technology/USGS_GW_data/DE_GW_IV/well_390832075290501_DE_A4_MW1D_ALL_IV_72019.csv,well_390832075290501_DE_A4_MW1D_ALL_IV_72019.csv
/Users/jjason3/OneDrive - Georgia Institute of Technology/USGS_GW_data/DE_GW_IV/well_390822075292901_DE_A4_MW2D_ALL_IV_72019.csv,well_390822075292901_DE_A4_MW2D_ALL_IV_72019.csv
/Users/jjason3/OneDrive - Georgia Institute of Technology/USGS_GW_data/DE_GW_IV/well_390832075290502_DE_A4_MW1S_ALL_IV_72019.csv,well_390832075290502_DE_A4_MW1S_ALL_IV_72019.csv
/Users/jjason3/OneDrive - Georgia Institute of Technology/USGS_GW_data/DE_GW_IV/well_390822075292902_DE_A4_MW2S_ALL_IV_72019.csv,well_390822075292902_DE_A4_MW2S_ALL_IV_72019.csv
/Users/jjason3/OneDrive - Georgia Institute of Technology/USGS_GW_data/DE_GW_IV/well_385041075395602_Mc51_01a_ALL_IV_72019.csv,well_385041075395602_Mc51_01a_ALL_IV_72019.csv
/Users/jjason3/OneDrive - Georgia Institute of Technology/USGS_GW_data/DE_GW_IV/well_390723075284601_DM337S_ALL_IV_72019.csv,well_390723075284601_DM337S_ALL_IV_72019.csv
/Users/jjason3/OneDrive - Georgia Institute of Technology/USGS_GW_data/DE_GW_IV/well_391933075435001_Hb12_05_ALL_IV_72019.csv,well_391933075435001_Hb12_05_ALL_IV_72019.csv
/Users/jjason3/OneDrive - Georgia Institute of Technology/USGS_GW_data/DE_GW_IV/well_383730075213501_Pf24_02_ALL_IV_72019.csv,well_383730075213501_Pf24_02_ALL_IV_72019.csv
/Users/jjason3/OneDrive - Georgia Institute of Technology/USGS_GW_data/DE_GW_IV/well_384954075192701_DE_Ng11_37_ALL_IV_72019.csv,well_384954075192701_DE_Ng11_37_ALL_IV_72019.csv
/Users/jjason3/OneDrive - Georgia Institute of Technology/USGS_GW_data/DE_GW_IV/well_390808075293801_DE_A4_MW5S_ALL_IV_72019.csv,well_390808075293801_DE_A4_MW5S_ALL_IV_72019.csv
/Users/jjason3/OneDrive - Georgia Institute of Technology/USGS_GW_data/DE_GW_IV/well_390837075291401_DE_A4_MW7D_ALL_IV_72019.csv,well_390837075291401_DE_A4_MW7D_ALL_IV_72019.csv
/Users/jjason3/OneDrive - Georgia Institute of Technology/USGS_GW_data/DE_GW_IV/well_390804075293501_FW_5_ALL_IV_72019.csv,well_390804075293501_FW_5_ALL_IV_72019.csv
/Users/jjason3/OneDrive - Georgia Institute of Technology/USGS_GW_data/DE_GW_IV/well_390757075294101_DE_KE_234910_ALL_IV_72019.csv,well_390757075294101_DE_KE_234910_ALL_IV_72019.csv
/Users/jjason3/OneDrive - Georgia Institute of Technology/USGS_GW_data/DE_GW_IV/well_390837075291402_DE_A4_MW7S_ALL_IV_72019.csv,well_390837075291402_DE_A4_MW7S_ALL_IV_72019.csv
/Users/jjason3/OneDrive - Georgia Institute of Technology/USGS_GW_data/MI_GW_IV/well_415318085243401_ST_JOSEPH_07_09_PIEZOMETER_ALL_IV_72019.csv,well_415318085243401_ST_JOSEPH_07_09_PIEZOMETER_ALL_IV_72019.csv
/Users/jjason3/OneDrive - Georgia Institute of Technology/USGS_GW_data/MI_GW_IV/well_422202083023101_RECOVERY_PARK_SOUTH_05_SHALLOW_RP_S_05_S_ALL_IV_72019.csv,well_422202083023101_RECOVERY_PARK_SOUTH_05_SHALLOW_RP_S_05_S_ALL_IV_72019.csv
/Users/jjason3/OneDrive - Georgia Institute of Technology/USGS_GW_data/MI_GW_IV/well_421641085350601_02S_11W_22CDBB_01_KALAMAZOO_CO_STOCKBRIDGE_ALL_IV_72019.csv,well_421641085350601_02S_11W_22CDBB_01_KALAMAZOO_CO_STOCKBRIDGE_ALL_IV_72019.csv
/Users/jjason3/OneDrive - Georgia Institute of Technology/USGS_GW_data/MI_GW_IV/well_422206083024402_RECOVERY_PARK_NORTHWEST_03_DEEP_RP_NW_03_D_ALL_IV_72019.csv,well_422206083024402_RECOVERY_PARK_NORTHWEST_03_DEEP_RP_NW_03_D_ALL_IV_72019.csv
/Users/jjason3/OneDrive - Georgia Institute of Technology/USGS_GW_data/MI_GW_IV/well_414823084564601_Coldwater_Fen_piezometer_6a_Branch_County_MI_ALL_IV_72019.csv,well_414823084564601_Coldwater_Fen_piezometer_6a_Branch_County_MI_ALL_IV_72019.csv
/Users/jjason3/OneDrive - Georgia Institute of Technology/USGS_GW_data/MI_GW_IV/well_415122085515602_Shavehead_Lake_Fen_piezometer_1b_Cass_County_MI_ALL_IV_72019.csv,well_415122085515602_Shavehead_Lake_Fen_piezometer_1b_Cass_County_MI_ALL_IV_72019.csv
/Users/jjason3/OneDrive - Georgia Institute of Technology/USGS_GW_data/MI_GW_IV/well_420939086223301_Sarett_NC_Fen_piezometer_3a_Berrien_County_MI_ALL_IV_72019.csv,well_420939086223301_Sarett_NC_Fen_piezometer_3a_Berrien_County_MI_ALL_IV_72019.csv
/Users/jjason3/OneDrive - Georgia Institute of Technology/USGS_GW_data/MI_GW_IV/well_422201083023702_RECOVERY_PARK_SOUTHEAST_01_DEEP_RP_SE_01_D_ALL_IV_72019.csv,well_422201083023702_RECOVERY_PARK_SOUTHEAST_01_DEEP_RP_SE_01_D_ALL_IV_72019.csv
/Users/jjason3/OneDrive - Georgia Institute of Technology/USGS_GW_data/MI_GW_IV/well_454427084424002_39N_03W_29CBCB02_CHEBOYGAN_CO_STIMPSON_ROAD_S_ALL_IV_72019.csv,well_454427084424002_39N_03W_29CBCB02_CHEBOYGAN_CO_STIMPSON_ROAD_S_ALL_IV_72019.csv
/Users/jjason3/OneDrive - Georgia Institute of Technology/USGS_GW_data/MI_GW_IV/well_421614085270801_02S_10W_26BBCC_01_KALAMAZOO_CO_MORROW_ALL_IV_72019.csv,well_421614085270801_02S_10W_26BBCC_01_KALAMAZOO_CO_MORROW_ALL_IV_72019.csv
/Users/jjason3/OneDrive - Georgia Institute of Technology/USGS_GW_data/MI_GW_IV/well_414833084564601_Coldwater_Fen_piezometer_2a_Branch_County_MI_ALL_IV_72019.csv,well_414833084564601_Coldwater_Fen_piezometer_2a_Branch_County_MI_ALL_IV_72019.csv
/Users/jjason3/OneDrive - Georgia Institute of Technology/USGS_GW_data/MI_GW_IV/well_421716085373702_02S_11W_20BBBD_02_KALAMAZOO_CO_KENDALL_ALL_IV_72019.csv,well_421716085373702_02S_11W_20BBBD_02_KALAMAZOO_CO_KENDALL_ALL_IV_72019.csv
/Users/jjason3/OneDrive - Georgia Institute of Technology/USGS_GW_data/MI_GW_IV/well_420931086224401_Sarett_NC_Fen_piezometer_2a_Berrien_County_MI_ALL_IV_72019.csv,well_420931086224401_Sarett_NC_Fen_piezometer_2a_Berrien_County_MI_ALL_IV_72019.csv
/Users/jjason3/OneDrive - Georgia Institute of Technology/USGS_GW_data/MI_GW_IV/well_424502084331301_04N_02W_09BDAD_01_INGHAM_CO_SEYMOUR_ALL_IV_72019.csv,well_424502084331301_04N_02W_09BDAD_01_INGHAM_CO_SEYMOUR_ALL_IV_72019.csv
/Users/jjason3/OneDrive - Georgia Institute of Technology/USGS_GW_data/MI_GW_IV/well_421332085401901_03S_12W_11AD_01_KALAMAZOO_CO_SABO_D_ALL_IV_72019.csv,well_421332085401901_03S_12W_11AD_01_KALAMAZOO_CO_SABO_D_ALL_IV_72019.csv
/Users/jjason3/OneDrive - Georgia Institute of Technology/USGS_GW_data/MI_GW_IV/well_414243084353302_09S_03W_01DDAD_02_HILLSDALE_CO_MAW_01_D_ALL_IV_72019.csv,well_414243084353302_09S_03W_01DDAD_02_HILLSDALE_CO_MAW_01_D_ALL_IV_72019.csv
/Users/jjason3/OneDrive - Georgia Institute of Technology/USGS_GW_data/MI_GW_IV/well_422202083023302_RECOVERY_PARK_SOUTH_07_SHALLOW_RP_S_07_S_ALL_IV_72019.csv,well_422202083023302_RECOVERY_PARK_SOUTH_07_SHALLOW_RP_S_07_S_ALL_IV_72019.csv
/Users/jjason3/OneDrive - Georgia Institute of Technology/USGS_GW_data/MI_GW_IV/well_420931086224402_Sarett_NC_Fen_piezometer_2b_Berrien_County_MI_ALL_IV_72019.csv,well_420931086224402_Sarett_NC_Fen_piezometer_2b_Berrien_County_MI_ALL_IV_72019.csv
/Users/jjason3/OneDrive - Georgia Institute of Technology/USGS_GW_data/MI_GW_IV/well_422200083023902_RECOVERY_PARK_SOUTHWEST_02_DEEP_RP_SW_02_D_ALL_IV_72019.csv,well_422200083023902_RECOVERY_PARK_SOUTHWEST_02_DEEP_RP_SW_02_D_ALL_IV_72019.csv
/Users/jjason3/OneDrive - Georgia Institute of Technology/USGS_GW_data/MI_GW_IV/well_420939086223302_Sarett_NC_Fen_piezometer_3b_Berrien_County_MI_ALL_IV_72019.csv,well_420939086223302_Sarett_NC_Fen_piezometer_3b_Berrien_County_MI_ALL_IV_72019.csv
/Users/jjason3/OneDrive - Georgia Institute of Technology/USGS_GW_data/MI_GW_IV/well_422203083023402_RECOVERY_PARK_CENTRAL_05_SHALLOW_RP_C_05_S_ALL_IV_72019.csv,well_422203083023402_RECOVERY_PARK_CENTRAL_05_SHALLOW_RP_C_05_S_ALL_IV_72019.csv
/Users/jjason3/OneDrive - Georgia Institute of Technology/USGS_GW_data/MI_GW_IV/well_422209083023602_RECOVERY_PARK_NORTH_05_DEEP_RP_N_05_D_ALL_IV_72019.csv,well_422209083023602_RECOVERY_PARK_NORTH_05_DEEP_RP_N_05_D_ALL_IV_72019.csv
/Users/jjason3/OneDrive - Georgia Institute of Technology/USGS_GW_data/MI_GW_IV/well_415122085515601_Shavehead_Lake_Fen_piezometer_1a_Cass_County_MI_ALL_IV_72019.csv,well_415122085515601_Shavehead_Lake_Fen_piezometer_1a_Cass_County_MI_ALL_IV_72019.csv
/Users/jjason3/OneDrive - Georgia Institute of Technology/USGS_GW_data/MI_GW_IV/well_414830084564801_Coldwater_Fen_piezometer_4_Branch_County_MI_ALL_IV_72019.csv,well_414830084564801_Coldwater_Fen_piezometer_4_Branch_County_MI_ALL_IV_72019.csv
/Users/jjason3/OneDrive - Georgia Institute of Technology/USGS_GW_data/MI_GW_IV/well_420532084272102_Grand_River_Fen_piezometer_1b_Jackson_County_MI_ALL_IV_72019.csv,well_420532084272102_Grand_River_Fen_piezometer_1b_Jackson_County_MI_ALL_IV_72019.csv
/Users/jjason3/OneDrive - Georgia Institute of Technology/USGS_GW_data/MI_GW_IV/well_420523084272702_Grand_River_Fen_piezometer_3b_Jackson_County_MI_ALL_IV_72019.csv,well_420523084272702_Grand_River_Fen_piezometer_3b_Jackson_County_MI_ALL_IV_72019.csv
/Users/jjason3/OneDrive - Georgia Institute of Technology/USGS_GW_data/MI_GW_IV/well_433133086082601_13N_15W_18AAAA01_OCEANA_CO_HESPERIA_ALL_IV_72019.csv,well_433133086082601_13N_15W_18AAAA01_OCEANA_CO_HESPERIA_ALL_IV_72019.csv
/Users/jjason3/OneDrive - Georgia Institute of Technology/USGS_GW_data/MI_GW_IV/well_421614085354001_02S_11W_28AACC_01_KALAMAZOO_CO_MAPLE_ALL_IV_72019.csv,well_421614085354001_02S_11W_28AACC_01_KALAMAZOO_CO_MAPLE_ALL_IV_72019.csv
/Users/jjason3/OneDrive - Georgia Institute of Technology/USGS_GW_data/MI_GW_IV/well_414215084301703_09S_02W_11ABCC_03_HILLSDALE_CO_MAW_02_D_ALL_IV_72019.csv,well_414215084301703_09S_02W_11ABCC_03_HILLSDALE_CO_MAW_02_D_ALL_IV_72019.csv
/Users/jjason3/OneDrive - Georgia Institute of Technology/USGS_GW_data/MI_GW_IV/well_414243084353301_09S_03W_01DDAD01_HILLSDALE_CO_MAW_01_S_ALL_IV_72019.csv,well_414243084353301_09S_03W_01DDAD01_HILLSDALE_CO_MAW_01_S_ALL_IV_72019.csv
/Users/jjason3/OneDrive - Georgia Institute of Technology/USGS_GW_data/MI_GW_IV/well_435657085171201_18N_08W_17DA01_OSCEOLA_CO_MW_114i_ALL_IV_72019.csv,well_435657085171201_18N_08W_17DA01_OSCEOLA_CO_MW_114i_ALL_IV_72019.csv
/Users/jjason3/OneDrive - Georgia Institute of Technology/USGS_GW_data/MI_GW_IV/well_431548086160201_MUSKEGON_10_17_BEAR_LAKE_WELL_4_ALL_IV_72019.csv,well_431548086160201_MUSKEGON_10_17_BEAR_LAKE_WELL_4_ALL_IV_72019.csv
/Users/jjason3/OneDrive - Georgia Institute of Technology/USGS_GW_data/MI_GW_IV/well_421448085383601_02S_11W_31CDCB_01_KALAMAZOO_CO_COLONY_ALL_IV_72019.csv,well_421448085383601_02S_11W_31CDCB_01_KALAMAZOO_CO_COLONY_ALL_IV_72019.csv
/Users/jjason3/OneDrive - Georgia Institute of Technology/USGS_GW_data/MI_GW_IV/well_422202083023303_RECOVERY_PARK_SOUTH_07_DEEP_RP_S_07_D_ALL_IV_72019.csv,well_422202083023303_RECOVERY_PARK_SOUTH_07_DEEP_RP_S_07_D_ALL_IV_72019.csv
/Users/jjason3/OneDrive - Georgia Institute of Technology/USGS_GW_data/MI_GW_IV/well_435615085173501_18N_08W_20AC01_OSCEOLA_CO_MW_110d_ALL_IV_72019.csv,well_435615085173501_18N_08W_20AC01_OSCEOLA_CO_MW_110d_ALL_IV_72019.csv
/Users/jjason3/OneDrive - Georgia Institute of Technology/USGS_GW_data/MI_GW_IV/well_421435085353701_03S_11W_04ABAD_01_KALAMAZOO_CO_K_32_S_ALL_IV_72019.csv,well_421435085353701_03S_11W_04ABAD_01_KALAMAZOO_CO_K_32_S_ALL_IV_72019.csv
/Users/jjason3/OneDrive - Georgia Institute of Technology/USGS_GW_data/MI_GW_IV/well_443921085213501_26N_09W_14ABAA01_GRAND_TRAVERSE_CO_FIFE_LAKE_ALL_IV_72019.csv,well_443921085213501_26N_09W_14ABAA01_GRAND_TRAVERSE_CO_FIFE_LAKE_ALL_IV_72019.csv
/Users/jjason3/OneDrive - Georgia Institute of Technology/USGS_GW_data/MI_GW_IV/well_434103083130301_15N_11E_32BBCB_01_HURON_CO_GRANT_TWP_H2R_WELL_ALL_IV_72019.csv,well_434103083130301_15N_11E_32BBCB_01_HURON_CO_GRANT_TWP_H2R_WELL_ALL_IV_72019.csv
/Users/jjason3/OneDrive - Georgia Institute of Technology/USGS_GW_data/MI_GW_IV/well_422202083023305_R_PARK_SOUTH_07_SHALLOW_REPLACED_RP_S_07_SR_ALL_IV_72019.csv,well_422202083023305_R_PARK_SOUTH_07_SHALLOW_REPLACED_RP_S_07_SR_ALL_IV_72019.csv
/Users/jjason3/OneDrive - Georgia Institute of Technology/USGS_GW_data/MI_GW_IV/well_414215084301702_09S_02W_11ABCC_02_HILLSDALE_CO_MAW_02_I_ALL_IV_72019.csv,well_414215084301702_09S_02W_11ABCC_02_HILLSDALE_CO_MAW_02_I_ALL_IV_72019.csv
/Users/jjason3/OneDrive - Georgia Institute of Technology/USGS_GW_data/MI_GW_IV/well_422200083023901_RECOVERY_PARK_SOUTHWEST_02_SHALLOW_RP_SW_02_S_ALL_IV_72019.csv,well_422200083023901_RECOVERY_PARK_SOUTHWEST_02_SHALLOW_RP_SW_02_S_ALL_IV_72019.csv
/Users/jjason3/OneDrive - Georgia Institute of Technology/USGS_GW_data/MI_GW_IV/well_422056085211701_01S_09W_27CCC_01_KALAMAZOO_CO_K_5_ALL_IV_72019.csv,well_422056085211701_01S_09W_27CCC_01_KALAMAZOO_CO_K_5_ALL_IV_72019.csv
/Users/jjason3/OneDrive - Georgia Institute of Technology/USGS_GW_data/MI_GW_IV/well_422206083024401_RECOVERY_PARK_NORTHWEST_03_SHALLOW_RP_NW_03_S_ALL_IV_72019.csv,well_422206083024401_RECOVERY_PARK_NORTHWEST_03_SHALLOW_RP_NW_03_S_ALL_IV_72019.csv
/Users/jjason3/OneDrive - Georgia Institute of Technology/USGS_GW_data/MI_GW_IV/well_421457085325801_02S_11W_36CBCD_01_KALAMAZOO_CO_EMERALD_ALL_IV_72019.csv,well_421457085325801_02S_11W_36CBCD_01_KALAMAZOO_CO_EMERALD_ALL_IV_72019.csv
/Users/jjason3/OneDrive - Georgia Institute of Technology/USGS_GW_data/MI_GW_IV/well_414838084564201_Coldwater_Fen_piezometer_1a_Branch_County_MI_ALL_IV_72019.csv,well_414838084564201_Coldwater_Fen_piezometer_1a_Branch_County_MI_ALL_IV_72019.csv
/Users/jjason3/OneDrive - Georgia Institute of Technology/USGS_GW_data/MI_GW_IV/well_420525084272502_Grand_River_Fen_piezometer_2b_Jackson_County_MI_ALL_IV_72019.csv,well_420525084272502_Grand_River_Fen_piezometer_2b_Jackson_County_MI_ALL_IV_72019.csv
/Users/jjason3/OneDrive - Georgia Institute of Technology/USGS_GW_data/MI_GW_IV/well_424424084340301_04N_02W_17ABAA_01_INGHAM_CO_LOGAN_ALL_IV_72019.csv,well_424424084340301_04N_02W_17ABAA_01_INGHAM_CO_LOGAN_ALL_IV_72019.csv
/Users/jjason3/OneDrive - Georgia Institute of Technology/USGS_GW_data/MI_GW_IV/well_422203083023603_R_PARK_CENTRAL_02_SHALLOW_REPLACED_RP_C_02_SR_ALL_IV_72019.csv,well_422203083023603_R_PARK_CENTRAL_02_SHALLOW_REPLACED_RP_C_02_SR_ALL_IV_72019.csv
/Users/jjason3/OneDrive - Georgia Institute of Technology/USGS_GW_data/MI_GW_IV/well_422207083023502_RECOVERY_PARK_NORTH_06_DEEP_RP_N_06_D_ALL_IV_72019.csv,well_422207083023502_RECOVERY_PARK_NORTH_06_DEEP_RP_N_06_D_ALL_IV_72019.csv
/Users/jjason3/OneDrive - Georgia Institute of Technology/USGS_GW_data/MI_GW_IV/well_431556086160101_MUSKEGON_10_17_BEAR_LAKE_WELL_1_ALL_IV_72019.csv,well_431556086160101_MUSKEGON_10_17_BEAR_LAKE_WELL_1_ALL_IV_72019.csv
/Users/jjason3/OneDrive - Georgia Institute of Technology/USGS_GW_data/MI_GW_IV/well_415602084593701_06S_06W_22CABA_01_BRANCH_CO_COLDWATER_TEST_4_ALL_IV_72019.csv,well_415602084593701_06S_06W_22CABA_01_BRANCH_CO_COLDWATER_TEST_4_ALL_IV_72019.csv
/Users/jjason3/OneDrive - Georgia Institute of Technology/USGS_GW_data/MI_GW_IV/well_423423083324001_02N_08E_18DBAD01_OAKLAND_CO_PROUD_LAKE_WELL_ALL_IV_72019.csv,well_423423083324001_02N_08E_18DBAD01_OAKLAND_CO_PROUD_LAKE_WELL_ALL_IV_72019.csv
/Users/jjason3/OneDrive - Georgia Institute of Technology/USGS_GW_data/MI_GW_IV/well_462421087242701_46N_25W_03DDDD_01_MARQUETTE_CO_SP_17_ALL_IV_72019.csv,well_462421087242701_46N_25W_03DDDD_01_MARQUETTE_CO_SP_17_ALL_IV_72019.csv
/Users/jjason3/OneDrive - Georgia Institute of Technology/USGS_GW_data/MI_GW_IV/well_422207083024101_RECOVERY_PARK_NORTHEAST_04_SHALLOW_RP_NE_04_S_ALL_IV_72019.csv,well_422207083024101_RECOVERY_PARK_NORTHEAST_04_SHALLOW_RP_NE_04_S_ALL_IV_72019.csv
/Users/jjason3/OneDrive - Georgia Institute of Technology/USGS_GW_data/MI_GW_IV/well_421435085353702_03S_11W_04ABAD_02_KALAMAZOO_CO_K_32_D_ALL_IV_72019.csv,well_421435085353702_03S_11W_04ABAD_02_KALAMAZOO_CO_K_32_D_ALL_IV_72019.csv
/Users/jjason3/OneDrive - Georgia Institute of Technology/USGS_GW_data/MI_GW_IV/well_422202083023701_RECOVERY_PARK_CENTRAL_01_SHALLOW_RP_C_01_S_ALL_IV_72019.csv,well_422202083023701_RECOVERY_PARK_CENTRAL_01_SHALLOW_RP_C_01_S_ALL_IV_72019.csv
/Users/jjason3/OneDrive - Georgia Institute of Technology/USGS_GW_data/MI_GW_IV/well_424235084311201_04N_02W_26BBDB_01_INGHAM_CO_FENNER_ARBORETUM_ALL_IV_72019.csv,well_424235084311201_04N_02W_26BBDB_01_INGHAM_CO_FENNER_ARBORETUM_ALL_IV_72019.csv
/Users/jjason3/OneDrive - Georgia Institute of Technology/USGS_GW_data/MI_GW_IV/well_422202083023702_RECOVERY_PARK_CENTRAL_01_DEEP_RP_C_01_D_ALL_IV_72019.csv,well_422202083023702_RECOVERY_PARK_CENTRAL_01_DEEP_RP_C_01_D_ALL_IV_72019.csv
/Users/jjason3/OneDrive - Georgia Institute of Technology/USGS_GW_data/MI_GW_IV/well_422203083023601_RECOVERY_PARK_CENTRAL_02_SHALLOW_RP_C_02_S_ALL_IV_72019.csv,well_422203083023601_RECOVERY_PARK_CENTRAL_02_SHALLOW_RP_C_02_S_ALL_IV_72019.csv
/Users/jjason3/OneDrive - Georgia Institute of Technology/USGS_GW_data/MI_GW_IV/well_431553086155701_MUSKEGON_10_17_BEAR_LAKE_WELL_3_ALL_IV_72019.csv,well_431553086155701_MUSKEGON_10_17_BEAR_LAKE_WELL_3_ALL_IV_72019.csv
/Users/jjason3/OneDrive - Georgia Institute of Technology/USGS_GW_data/MI_GW_IV/well_414838084564202_Coldwater_Fen_piezometer_1b_Branch_County_MI_ALL_IV_72019.csv,well_414838084564202_Coldwater_Fen_piezometer_1b_Branch_County_MI_ALL_IV_72019.csv
/Users/jjason3/OneDrive - Georgia Institute of Technology/USGS_GW_data/MI_GW_IV/well_422209083023601_RECOVERY_PARK_NORTH_05_SHALLOW_RP_N_05_S_ALL_IV_72019.csv,well_422209083023601_RECOVERY_PARK_NORTH_05_SHALLOW_RP_N_05_S_ALL_IV_72019.csv
/Users/jjason3/OneDrive - Georgia Institute of Technology/USGS_GW_data/MI_GW_IV/well_422203083023304_RECOVERY_PARK_CENTRAL_03_DEEP_RP_C_03_D_ALL_IV_72019.csv,well_422203083023304_RECOVERY_PARK_CENTRAL_03_DEEP_RP_C_03_D_ALL_IV_72019.csv
/Users/jjason3/OneDrive - Georgia Institute of Technology/USGS_GW_data/MI_GW_IV/well_420523084272701_Grand_River_Fen_piezometer_3a_Jackson_County_MI_ALL_IV_72019.csv,well_420523084272701_Grand_River_Fen_piezometer_3a_Jackson_County_MI_ALL_IV_72019.csv
/Users/jjason3/OneDrive - Georgia Institute of Technology/USGS_GW_data/MI_GW_IV/well_420532084272101_Grand_River_Fen_piezometer_1a_Jackson_County_MI_ALL_IV_72019.csv,well_420532084272101_Grand_River_Fen_piezometer_1a_Jackson_County_MI_ALL_IV_72019.csv
/Users/jjason3/OneDrive - Georgia Institute of Technology/USGS_GW_data/MI_GW_IV/well_423805084311801_03N_02W_23BCBD_01_INGHAM_CO_HOLT_ALL_IV_72019.csv,well_423805084311801_03N_02W_23BCBD_01_INGHAM_CO_HOLT_ALL_IV_72019.csv
/Users/jjason3/OneDrive - Georgia Institute of Technology/USGS_GW_data/MI_GW_IV/well_414830084564901_Coldwater_Fen_piezometer_5_Branch_County_MI_ALL_IV_72019.csv,well_414830084564901_Coldwater_Fen_piezometer_5_Branch_County_MI_ALL_IV_72019.csv
/Users/jjason3/OneDrive - Georgia Institute of Technology/USGS_GW_data/MI_GW_IV/well_414215084301701_09S_02W_11ABCC_01_HILLSDALE_CO_MAW_02_S_ALL_IV_72019.csv,well_414215084301701_09S_02W_11ABCC_01_HILLSDALE_CO_MAW_02_S_ALL_IV_72019.csv
/Users/jjason3/OneDrive - Georgia Institute of Technology/USGS_GW_data/MI_GW_IV/well_421918085283801_02S_10W_04DACC_01_KALAMAZOO_CO_CAMPBELL_ALL_IV_72019.csv,well_421918085283801_02S_10W_04DACC_01_KALAMAZOO_CO_CAMPBELL_ALL_IV_72019.csv
/Users/jjason3/OneDrive - Georgia Institute of Technology/USGS_GW_data/MI_GW_IV/well_422202083023102_RECOVERY_PARK_SOUTH_05_DEEP_RP_S_05_D_ALL_IV_72019.csv,well_422202083023102_RECOVERY_PARK_SOUTH_05_DEEP_RP_S_05_D_ALL_IV_72019.csv
/Users/jjason3/OneDrive - Georgia Institute of Technology/USGS_GW_data/MI_GW_IV/well_422203083023301_RECOVERY_PARK_CENTRAL_03_SHALLOW_RP_C_03_S_ALL_IV_72019.csv,well_422203083023301_RECOVERY_PARK_CENTRAL_03_SHALLOW_RP_C_03_S_ALL_IV_72019.csv
/Users/jjason3/OneDrive - Georgia Institute of Technology/USGS_GW_data/MI_GW_IV/well_420929086224402_Sarett_NC_Fen_piezometer_1b_Berrien_County_MI_ALL_IV_72019.csv,well_420929086224402_Sarett_NC_Fen_piezometer_1b_Berrien_County_MI_ALL_IV_72019.csv
/Users/jjason3/OneDrive - Georgia Institute of Technology/USGS_GW_data/MI_GW_IV/well_422203083023403_RECOVERY_PARK_CENTRAL_05_DEEP_RP_C_05_D_ALL_IV_72019.csv,well_422203083023403_RECOVERY_PARK_CENTRAL_05_DEEP_RP_C_05_D_ALL_IV_72019.csv
/Users/jjason3/OneDrive - Georgia Institute of Technology/USGS_GW_data/MI_GW_IV/well_414833084564602_Coldwater_Fen_piezometer_2b_Branch_County_MI_ALL_IV_72019.csv,well_414833084564602_Coldwater_Fen_piezometer_2b_Branch_County_MI_ALL_IV_72019.csv
/Users/jjason3/OneDrive - Georgia Institute of Technology/USGS_GW_data/MI_GW_IV/well_422202083023301_RECOVERY_PARK_SOUTH_06_SHALLOW_RP_S_06_S_ALL_IV_72019.csv,well_422202083023301_RECOVERY_PARK_SOUTH_06_SHALLOW_RP_S_06_S_ALL_IV_72019.csv
/Users/jjason3/OneDrive - Georgia Institute of Technology/USGS_GW_data/MI_GW_IV/well_462159084442201_46N_04W_24DAAD01_CHIPPEWA_CO_RACO_ALL_IV_72019.csv,well_462159084442201_46N_04W_24DAAD01_CHIPPEWA_CO_RACO_ALL_IV_72019.csv
/Users/jjason3/OneDrive - Georgia Institute of Technology/USGS_GW_data/MI_GW_IV/well_414823084564602_Coldwater_Fen_piezometer_6b_Branch_County_MI_ALL_IV_72019.csv,well_414823084564602_Coldwater_Fen_piezometer_6b_Branch_County_MI_ALL_IV_72019.csv
/Users/jjason3/OneDrive - Georgia Institute of Technology/USGS_GW_data/MI_GW_IV/well_415114085513801_Shavehead_Lake_Fen_piezometer_2a_Cass_County_MI_ALL_IV_72019.csv,well_415114085513801_Shavehead_Lake_Fen_piezometer_2a_Cass_County_MI_ALL_IV_72019.csv
/Users/jjason3/OneDrive - Georgia Institute of Technology/USGS_GW_data/MI_GW_IV/well_420525084272501_Grand_River_Fen_piezometer_2a_Jackson_County_MI_ALL_IV_72019.csv,well_420525084272501_Grand_River_Fen_piezometer_2a_Jackson_County_MI_ALL_IV_72019.csv
/Users/jjason3/OneDrive - Georgia Institute of Technology/USGS_GW_data/MI_GW_IV/well_422203083023401_RECOVERY_PARK_CENTRAL_04_SHALLOW_RP_C_04_S_ALL_IV_72019.csv,well_422203083023401_RECOVERY_PARK_CENTRAL_04_SHALLOW_RP_C_04_S_ALL_IV_72019.csv
/Users/jjason3/OneDrive - Georgia Institute of Technology/USGS_GW_data/MI_GW_IV/well_415114085513802_Shavehead_Lake_Fen_piezometer_2b_Cass_County_MI_ALL_IV_72019.csv,well_415114085513802_Shavehead_Lake_Fen_piezometer_2b_Cass_County_MI_ALL_IV_72019.csv
/Users/jjason3/OneDrive - Georgia Institute of Technology/USGS_GW_data/MI_GW_IV/well_422207083023501_RECOVERY_PARK_NORTH_06_SHALLOW_RP_N_06_S_ALL_IV_72019.csv,well_422207083023501_RECOVERY_PARK_NORTH_06_SHALLOW_RP_N_06_S_ALL_IV_72019.csv
/Users/jjason3/OneDrive - Georgia Institute of Technology/USGS_GW_data/MI_GW_IV/well_422203083023602_RECOVERY_PARK_CENTRAL_02_DEEP_RP_C_02_D_ALL_IV_72019.csv,well_422203083023602_RECOVERY_PARK_CENTRAL_02_DEEP_RP_C_02_D_ALL_IV_72019.csv
/Users/jjason3/OneDrive - Georgia Institute of Technology/USGS_GW_data/MI_GW_IV/well_423127084321901_04N_02W_16DAAA_01_INGHAM_CO_CEDAR_ALL_IV_72019.csv,well_423127084321901_04N_02W_16DAAA_01_INGHAM_CO_CEDAR_ALL_IV_72019.csv
/Users/jjason3/OneDrive - Georgia Institute of Technology/USGS_GW_data/MI_GW_IV/well_420929086224401_Sarett_NC_Fen_piezometer_1a_Berrien_County_MI_ALL_IV_72019.csv,well_420929086224401_Sarett_NC_Fen_piezometer_1a_Berrien_County_MI_ALL_IV_72019.csv
/Users/jjason3/OneDrive - Georgia Institute of Technology/USGS_GW_data/MI_GW_IV/well_422201083023701_RECOVERY_PARK_SOUTHEAST_01_SHALLOW_RP_SE_01_S_ALL_IV_72019.csv,well_422201083023701_RECOVERY_PARK_SOUTHEAST_01_SHALLOW_RP_SE_01_S_ALL_IV_72019.csv
/Users/jjason3/OneDrive - Georgia Institute of Technology/USGS_GW_data/MI_GW_IV/well_422207083024102_RECOVERY_PARK_NORTHEAST_04_DEEP_RP_NE_04_D_ALL_IV_72019.csv,well_422207083024102_RECOVERY_PARK_NORTHEAST_04_DEEP_RP_NE_04_D_ALL_IV_72019.csv
/Users/jjason3/OneDrive - Georgia Institute of Technology/USGS_GW_data/MI_GW_IV/well_421332085401902_03S_12W_11AD_02_KALAMAZOO_CO_SABO_S_ALL_IV_72019.csv,well_421332085401902_03S_12W_11AD_02_KALAMAZOO_CO_SABO_S_ALL_IV_72019.csv
/Users/jjason3/OneDrive - Georgia Institute of Technology/USGS_GW_data/MI_GW_IV/well_414830084564601_Coldwater_Fen_piezometer_3_Branch_County_MI_ALL_IV_72019.csv,well_414830084564601_Coldwater_Fen_piezometer_3_Branch_County_MI_ALL_IV_72019.csv
/Users/jjason3/OneDrive - Georgia Institute of Technology/USGS_GW_data/IL_GW_IV/well_385512088112401_6N9E_34_1h_Jasper_CRN_ALL_IV_72019.csv,well_385512088112401_6N9E_34_1h_Jasper_CRN_ALL_IV_72019.csv
/Users/jjason3/OneDrive - Georgia Institute of Technology/USGS_GW_data/IL_GW_IV/well_421145088194801_43N8E_20_6h1_17_ALG_S_ALL_IV_72019.csv,well_421145088194801_43N8E_20_6h1_17_ALG_S_ALL_IV_72019.csv
/Users/jjason3/OneDrive - Georgia Institute of Technology/USGS_GW_data/IL_GW_IV/well_412053088101801_33N9E_14_8h_ALL_IV_72019.csv,well_412053088101801_33N9E_14_8h_ALL_IV_72019.csv
/Users/jjason3/OneDrive - Georgia Institute of Technology/USGS_GW_data/IL_GW_IV/well_421820088154502_44N8E_11_3d2_13_NUN_D_ALL_IV_72019.csv,well_421820088154502_44N8E_11_3d2_13_NUN_D_ALL_IV_72019.csv
/Users/jjason3/OneDrive - Georgia Institute of Technology/USGS_GW_data/IL_GW_IV/well_401654088212004_21N7E_13_4h4_CHAM08_09WT_ALL_IV_72019.csv,well_401654088212004_21N7E_13_4h4_CHAM08_09WT_ALL_IV_72019.csv
/Users/jjason3/OneDrive - Georgia Institute of Technology/USGS_GW_data/IL_GW_IV/well_415109087395402_39N14E_20_8a2_ALL_IV_72019.csv,well_415109087395402_39N14E_20_8a2_ALL_IV_72019.csv
/Users/jjason3/OneDrive - Georgia Institute of Technology/USGS_GW_data/IL_GW_IV/well_415109087395401_39N14E_20_8a_ALL_IV_72019.csv,well_415109087395401_39N14E_20_8a_ALL_IV_72019.csv
/Users/jjason3/OneDrive - Georgia Institute of Technology/USGS_GW_data/IL_GW_IV/well_415713088284701_40N7E_18_3h_Campton_Township_ALL_IV_72019.csv,well_415713088284701_40N7E_18_3h_Campton_Township_ALL_IV_72019.csv
/Users/jjason3/OneDrive - Georgia Institute of Technology/USGS_GW_data/IL_GW_IV/well_421914088125301_44N9E_05_7d1_WAUC_08_13_ALL_IV_72019.csv,well_421914088125301_44N9E_05_7d1_WAUC_08_13_ALL_IV_72019.csv
/Users/jjason3/OneDrive - Georgia Institute of Technology/USGS_GW_data/IL_GW_IV/well_422925088255402_46N7E_04_8b2_3_HEB_D_ALL_IV_72019.csv,well_422925088255402_46N7E_04_8b2_3_HEB_D_ALL_IV_72019.csv
/Users/jjason3/OneDrive - Georgia Institute of Technology/USGS_GW_data/IL_GW_IV/well_421820088154501_44N8E_11_3d1_13_NUN_I_ALL_IV_72019.csv,well_421820088154501_44N8E_11_3d1_13_NUN_I_ALL_IV_72019.csv
/Users/jjason3/OneDrive - Georgia Institute of Technology/USGS_GW_data/IL_GW_IV/well_412249088015801_34N10E_36_6a_ALL_IV_72019.csv,well_412249088015801_34N10E_36_6a_ALL_IV_72019.csv
/Users/jjason3/OneDrive - Georgia Institute of Technology/USGS_GW_data/IL_GW_IV/well_402732088523901_23N3E_9_6a2_ALL_IV_72019.csv,well_402732088523901_23N3E_9_6a2_ALL_IV_72019.csv
/Users/jjason3/OneDrive - Georgia Institute of Technology/USGS_GW_data/IL_GW_IV/well_422925088255401_46N7E_04_8b1_3_HEB_I_ALL_IV_72019.csv,well_422925088255401_46N7E_04_8b1_3_HEB_I_ALL_IV_72019.csv
/Users/jjason3/OneDrive - Georgia Institute of Technology/USGS_GW_data/IL_GW_IV/well_422142088303103_45N6E_23_7d3_7_HRT_D_ALL_IV_72019.csv,well_422142088303103_45N6E_23_7d3_7_HRT_D_ALL_IV_72019.csv
/Users/jjason3/OneDrive - Georgia Institute of Technology/USGS_GW_data/IL_GW_IV/well_422142088303101_45N6E_23_7d1_7_HRT_S_ALL_IV_72019.csv,well_422142088303101_45N6E_23_7d1_7_HRT_S_ALL_IV_72019.csv
/Users/jjason3/OneDrive - Georgia Institute of Technology/USGS_GW_data/IL_GW_IV/well_402741088524102_23N3E_9_7b4_MW5U4_ALL_IV_72019.csv,well_402741088524102_23N3E_9_7b4_MW5U4_ALL_IV_72019.csv
/Users/jjason3/OneDrive - Georgia Institute of Technology/USGS_GW_data/IL_GW_IV/well_422704088385301_46N5E_21_1d1_1_CHE_S_ALL_IV_72019.csv,well_422704088385301_46N5E_21_1d1_1_CHE_S_ALL_IV_72019.csv
/Users/jjason3/OneDrive - Georgia Institute of Technology/USGS_GW_data/IL_GW_IV/well_421122088222702_43N7E_23_1d2_16_GRF_D_ALL_IV_72019.csv,well_421122088222702_43N7E_23_1d2_16_GRF_D_ALL_IV_72019.csv
/Users/jjason3/OneDrive - Georgia Institute of Technology/USGS_GW_data/IL_GW_IV/well_422032088222001_45N7E_25_7a_MHEN_08_01_ALL_IV_72019.csv,well_422032088222001_45N7E_25_7a_MHEN_08_01_ALL_IV_72019.csv
/Users/jjason3/OneDrive - Georgia Institute of Technology/USGS_GW_data/IL_GW_IV/well_415109087385901_39N14E_29_2h_ALL_IV_72019.csv,well_415109087385901_39N14E_29_2h_ALL_IV_72019.csv
/Users/jjason3/OneDrive - Georgia Institute of Technology/USGS_GW_data/IL_GW_IV/well_401934089541701_22N7W_29_1d1_DP_1_ALL_IV_72019.csv,well_401934089541701_22N7W_29_1d1_DP_1_ALL_IV_72019.csv
/Users/jjason3/OneDrive - Georgia Institute of Technology/USGS_GW_data/IL_GW_IV/well_422433088140601_45N9E_06_7e_NW_6_45_9_ALL_IV_72019.csv,well_422433088140601_45N9E_06_7e_NW_6_45_9_ALL_IV_72019.csv
/Users/jjason3/OneDrive - Georgia Institute of Technology/USGS_GW_data/IL_GW_IV/well_421321088341101_43N6E_07_1g_MARS_09_01_ALL_IV_72019.csv,well_421321088341101_43N6E_07_1g_MARS_09_01_ALL_IV_72019.csv
/Users/jjason3/OneDrive - Georgia Institute of Technology/USGS_GW_data/IL_GW_IV/well_421122088222701_43N7E_23_1d1_16_GRF_I_ALL_IV_72019.csv,well_421122088222701_43N7E_23_1d1_16_GRF_I_ALL_IV_72019.csv
/Users/jjason3/OneDrive - Georgia Institute of Technology/USGS_GW_data/IL_GW_IV/well_391350087385301_023_3_12_3760_Clark_IDOA_CRN_ALL_IV_72019.csv,well_391350087385301_023_3_12_3760_Clark_IDOA_CRN_ALL_IV_72019.csv
/Users/jjason3/OneDrive - Georgia Institute of Technology/USGS_GW_data/IL_GW_IV/well_401921089282103_22N3W_29_8a3_MTH_17WT_CRN_ALL_IV_72019.csv,well_401921089282103_22N3W_29_8a3_MTH_17WT_CRN_ALL_IV_72019.csv
/Users/jjason3/OneDrive - Georgia Institute of Technology/USGS_GW_data/IL_GW_IV/well_422308088231002_45N7E_11_5a2_8_GRN_D_ALL_IV_72019.csv,well_422308088231002_45N7E_11_5a2_8_GRN_D_ALL_IV_72019.csv
/Users/jjason3/OneDrive - Georgia Institute of Technology/USGS_GW_data/IL_GW_IV/well_401934089541705_22N7W_29_1d5_DP_3_ALL_IV_72019.csv,well_401934089541705_22N7W_29_1d5_DP_3_ALL_IV_72019.csv
/Users/jjason3/OneDrive - Georgia Institute of Technology/USGS_GW_data/IL_GW_IV/well_422803087475304_46N12E_14_6g4_Zion_well_4_ALL_IV_72019.csv,well_422803087475304_46N12E_14_6g4_Zion_well_4_ALL_IV_72019.csv
/Users/jjason3/OneDrive - Georgia Institute of Technology/USGS_GW_data/IL_GW_IV/well_422308088231001_45N7E_11_5a1_8_GRN_I_ALL_IV_72019.csv,well_422308088231001_45N7E_11_5a1_8_GRN_I_ALL_IV_72019.csv
/Users/jjason3/OneDrive - Georgia Institute of Technology/USGS_GW_data/IL_GW_IV/well_421626088311401_44N6E_22_4c1_11_SEN_I_ALL_IV_72019.csv,well_421626088311401_44N6E_22_4c1_11_SEN_I_ALL_IV_72019.csv
/Users/jjason3/OneDrive - Georgia Institute of Technology/USGS_GW_data/IL_GW_IV/well_422704088385302_46N5E_21_1d2_1_CHE_D_ALL_IV_72019.csv,well_422704088385302_46N5E_21_1d2_1_CHE_D_ALL_IV_72019.csv
/Users/jjason3/OneDrive - Georgia Institute of Technology/USGS_GW_data/IL_GW_IV/well_421036088054501_43N10E_29_6e1_Deer_Park_ALL_IV_72019.csv,well_421036088054501_43N10E_29_6e1_Deer_Park_ALL_IV_72019.csv
/Users/jjason3/OneDrive - Georgia Institute of Technology/USGS_GW_data/IL_GW_IV/well_414659087411702_38N13E_11_2c2_MS_2S_ALL_IV_72019.csv,well_414659087411702_38N13E_11_2c2_MS_2S_ALL_IV_72019.csv
/Users/jjason3/OneDrive - Georgia Institute of Technology/USGS_GW_data/IL_GW_IV/well_422308088264201_45N7E_08_5a_HEBR_08_02_ALL_IV_72019.csv,well_422308088264201_45N7E_08_5a_HEBR_08_02_ALL_IV_72019.csv
/Users/jjason3/OneDrive - Georgia Institute of Technology/USGS_GW_data/IL_GW_IV/well_421653088370901_44N5E_23_5g_MARN_09_02_ALL_IV_72019.csv,well_421653088370901_44N5E_23_5g_MARN_09_02_ALL_IV_72019.csv
/Users/jjason3/OneDrive - Georgia Institute of Technology/USGS_GW_data/IL_GW_IV/well_421626088311402_44N6E_22_4c2_11_SEN_D_ALL_IV_72019.csv,well_421626088311402_44N6E_22_4c2_11_SEN_D_ALL_IV_72019.csv
/Users/jjason3/OneDrive - Georgia Institute of Technology/USGS_GW_data/IL_GW_IV/well_421653088370902_44N5E_23_5g2_MARN_10_03_ALL_IV_72019.csv,well_421653088370902_44N5E_23_5g2_MARN_10_03_ALL_IV_72019.csv
/Users/jjason3/OneDrive - Georgia Institute of Technology/USGS_GW_data/IL_GW_IV/well_421547088142301_44N9E_25_1d_WAUC_02_12_ALL_IV_72019.csv,well_421547088142301_44N9E_25_1d_WAUC_02_12_ALL_IV_72019.csv
/Users/jjason3/OneDrive - Georgia Institute of Technology/USGS_GW_data/IL_GW_IV/well_393750090333101_171_5_22_1183_Scott_IDOA_CRN_ALL_IV_72019.csv,well_393750090333101_171_5_22_1183_Scott_IDOA_CRN_ALL_IV_72019.csv
/Users/jjason3/OneDrive - Georgia Institute of Technology/USGS_GW_data/IL_GW_IV/well_422358088360201_45N5E_12_5h_HARV_09_01_ALL_IV_72019.csv,well_422358088360201_45N5E_12_5h_HARV_09_01_ALL_IV_72019.csv
/Users/jjason3/OneDrive - Georgia Institute of Technology/USGS_GW_data/IL_GW_IV/well_422803087475302_46N12E_14_6g2_Zion_well_2_ALL_IV_72019.csv,well_422803087475302_46N12E_14_6g2_Zion_well_2_ALL_IV_72019.csv
/Users/jjason3/OneDrive - Georgia Institute of Technology/USGS_GW_data/IL_GW_IV/well_421533088421801_44N5E_30_8c1_10_MAR_S_McHenry_Co_CRN_ALL_IV_72019.csv,well_421533088421801_44N5E_30_8c1_10_MAR_S_McHenry_Co_CRN_ALL_IV_72019.csv
/Users/jjason3/OneDrive - Georgia Institute of Technology/USGS_GW_data/IL_GW_IV/well_421653088370903_44N5E_23_5g3_MARN_10_04_ALL_IV_72019.csv,well_421653088370903_44N5E_23_5g3_MARN_10_04_ALL_IV_72019.csv
/Users/jjason3/OneDrive - Georgia Institute of Technology/USGS_GW_data/IL_GW_IV/well_422828088333301_46N6E_08_46l_2_ALD_D_ALL_IV_72019.csv,well_422828088333301_46N6E_08_46l_2_ALD_D_ALL_IV_72019.csv
/Users/jjason3/OneDrive - Georgia Institute of Technology/USGS_GW_data/IL_GW_IV/well_402736088523902_23N3E_9_6a3_ALL_IV_72019.csv,well_402736088523902_23N3E_9_6a3_ALL_IV_72019.csv
/Users/jjason3/OneDrive - Georgia Institute of Technology/USGS_GW_data/IL_GW_IV/well_421145088194802_43N8E_20_6h2_17_ALG_D_ALL_IV_72019.csv,well_421145088194802_43N8E_20_6h2_17_ALG_D_ALL_IV_72019.csv
/Users/jjason3/OneDrive - Georgia Institute of Technology/USGS_GW_data/IL_GW_IV/well_421132088085901_43N9E_23_4e1_North_Barrington_ALL_IV_72019.csv,well_421132088085901_43N9E_23_4e1_North_Barrington_ALL_IV_72019.csv
/Users/jjason3/OneDrive - Georgia Institute of Technology/USGS_GW_data/IL_GW_IV/well_421341088283702_43N6E_01_3b2_15_COR_I_ALL_IV_72019.csv,well_421341088283702_43N6E_01_3b2_15_COR_I_ALL_IV_72019.csv
/Users/jjason3/OneDrive - Georgia Institute of Technology/USGS_GW_data/IL_GW_IV/well_383048089263201_027_3_18_4159_Clinton_IDOA_CRN_ALL_IV_72019.csv,well_383048089263201_027_3_18_4159_Clinton_IDOA_CRN_ALL_IV_72019.csv
/Users/jjason3/OneDrive - Georgia Institute of Technology/USGS_GW_data/IL_GW_IV/well_421317088182301_43N8E_9_5f_South_Lake_Well_ALL_IV_72019.csv,well_421317088182301_43N8E_9_5f_South_Lake_Well_ALL_IV_72019.csv
/Users/jjason3/OneDrive - Georgia Institute of Technology/USGS_GW_data/IL_GW_IV/well_413941087331201_37N15E_30_6b1_GS_1D_ALL_IV_72019.csv,well_413941087331201_37N15E_30_6b1_GS_1D_ALL_IV_72019.csv
/Users/jjason3/OneDrive - Georgia Institute of Technology/USGS_GW_data/IL_GW_IV/well_422803087475303_46N12E_14_6g3_Zion_well_3_ALL_IV_72019.csv,well_422803087475303_46N12E_14_6g3_Zion_well_3_ALL_IV_72019.csv
/Users/jjason3/OneDrive - Georgia Institute of Technology/USGS_GW_data/IL_GW_IV/well_422845088285401_46N6E_12_5d_HEBR_09_03_ALL_IV_72019.csv,well_422845088285401_46N6E_12_5d_HEBR_09_03_ALL_IV_72019.csv
/Users/jjason3/OneDrive - Georgia Institute of Technology/USGS_GW_data/IL_GW_IV/well_421241088101801_43N9E_15_4e1_Lake_Barrington_ALL_IV_72019.csv,well_421241088101801_43N9E_15_4e1_Lake_Barrington_ALL_IV_72019.csv
/Users/jjason3/OneDrive - Georgia Institute of Technology/USGS_GW_data/IL_GW_IV/well_422308088195602_45N8E_17_7h2_9_MCH_D_ALL_IV_72019.csv,well_422308088195602_45N8E_17_7h2_9_MCH_D_ALL_IV_72019.csv
/Users/jjason3/OneDrive - Georgia Institute of Technology/USGS_GW_data/IL_GW_IV/well_415108087392801_39N14E_29_5h1_ALL_IV_72019.csv,well_415108087392801_39N14E_29_5h1_ALL_IV_72019.csv
/Users/jjason3/OneDrive - Georgia Institute of Technology/USGS_GW_data/IL_GW_IV/well_422848088191002_46N8E_08_2e2_4_RCH_I_ALL_IV_72019.csv,well_422848088191002_46N8E_08_2e2_4_RCH_I_ALL_IV_72019.csv
/Users/jjason3/OneDrive - Georgia Institute of Technology/USGS_GW_data/IL_GW_IV/well_413942087331301_37N15E_30_6b2_GS_2S_ALL_IV_72019.csv,well_413942087331301_37N15E_30_6b2_GS_2S_ALL_IV_72019.csv
/Users/jjason3/OneDrive - Georgia Institute of Technology/USGS_GW_data/IL_GW_IV/well_421120088281801_43N7E_19_8d_HUNT_09_03_ALL_IV_72019.csv,well_421120088281801_43N7E_19_8d_HUNT_09_03_ALL_IV_72019.csv
/Users/jjason3/OneDrive - Georgia Institute of Technology/USGS_GW_data/IL_GW_IV/well_402558087351501_23N11W_22_8a1_Hoopeston_CRN_ALL_IV_72019.csv,well_402558087351501_23N11W_22_8a1_Hoopeston_CRN_ALL_IV_72019.csv
/Users/jjason3/OneDrive - Georgia Institute of Technology/USGS_GW_data/IL_GW_IV/well_402739088524102_23N3E_9_7b2_MW4UD_ALL_IV_72019.csv,well_402739088524102_23N3E_9_7b2_MW4UD_ALL_IV_72019.csv
/Users/jjason3/OneDrive - Georgia Institute of Technology/USGS_GW_data/IL_GW_IV/well_422803087475305_46N12E_14_6g5_Zion_well_5_ALL_IV_72019.csv,well_422803087475305_46N12E_14_6g5_Zion_well_5_ALL_IV_72019.csv
/Users/jjason3/OneDrive - Georgia Institute of Technology/USGS_GW_data/IL_GW_IV/well_401921089282102_22N3W_29_8a2_MTH_17N_ALL_IV_72019.csv,well_401921089282102_22N3W_29_8a2_MTH_17N_ALL_IV_72019.csv
/Users/jjason3/OneDrive - Georgia Institute of Technology/USGS_GW_data/IL_GW_IV/well_401934089541702_22N7W_29_1d2_SH_1_ALL_IV_72019.csv,well_401934089541702_22N7W_29_1d2_SH_1_ALL_IV_72019.csv
/Users/jjason3/OneDrive - Georgia Institute of Technology/USGS_GW_data/IL_GW_IV/well_420457088105801_42N9E_28_2a_South_Barrington_ALL_IV_72019.csv,well_420457088105801_42N9E_28_2a_South_Barrington_ALL_IV_72019.csv
/Users/jjason3/OneDrive - Georgia Institute of Technology/USGS_GW_data/IL_GW_IV/well_374453088261701_9S7E_9_4a_SE_Illinois_College_CRN_ALL_IV_72019.csv,well_374453088261701_9S7E_9_4a_SE_Illinois_College_CRN_ALL_IV_72019.csv
/Users/jjason3/OneDrive - Georgia Institute of Technology/USGS_GW_data/IL_GW_IV/well_422858088235601_46N7E_10_2f_HEBR_08_01_ALL_IV_72019.csv,well_422858088235601_46N7E_10_2f_HEBR_08_01_ALL_IV_72019.csv
/Users/jjason3/OneDrive - Georgia Institute of Technology/USGS_GW_data/IL_GW_IV/well_421056088380801_43N5E_27_4h1_14_RIL_S_ALL_IV_72019.csv,well_421056088380801_43N5E_27_4h1_14_RIL_S_ALL_IV_72019.csv
/Users/jjason3/OneDrive - Georgia Institute of Technology/USGS_GW_data/IL_GW_IV/well_413743089310102_19N8E_13_1a2_LEE_92E_ALL_IV_72019.csv,well_413743089310102_19N8E_13_1a2_LEE_92E_ALL_IV_72019.csv
/Users/jjason3/OneDrive - Georgia Institute of Technology/USGS_GW_data/IL_GW_IV/well_421341088283701_43N6E_01_3b1_15_COR_S_ALL_IV_72019.csv,well_421341088283701_43N6E_01_3b1_15_COR_S_ALL_IV_72019.csv
/Users/jjason3/OneDrive - Georgia Institute of Technology/USGS_GW_data/IL_GW_IV/well_401913089534501_22N7W_28_5a_IL_Tree_Nursery_ALL_IV_72019.csv,well_401913089534501_22N7W_28_5a_IL_Tree_Nursery_ALL_IV_72019.csv
/Users/jjason3/OneDrive - Georgia Institute of Technology/USGS_GW_data/IL_GW_IV/well_422142088303102_45N6E_23_7d2_7_HRT_I_ALL_IV_72019.csv,well_422142088303102_45N6E_23_7d2_7_HRT_I_ALL_IV_72019.csv
/Users/jjason3/OneDrive - Georgia Institute of Technology/USGS_GW_data/IL_GW_IV/well_421341088283703_43N6E_01_3b3_15_COR_D_ALL_IV_72019.csv,well_421341088283703_43N6E_01_3b3_15_COR_D_ALL_IV_72019.csv
/Users/jjason3/OneDrive - Georgia Institute of Technology/USGS_GW_data/IL_GW_IV/well_414659087411701_38N13E_13_2c1_MS_1D_ALL_IV_72019.csv,well_414659087411701_38N13E_13_2c1_MS_1D_ALL_IV_72019.csv
/Users/jjason3/OneDrive - Georgia Institute of Technology/USGS_GW_data/IL_GW_IV/well_421633088125801_44N9E_20_7c_ALL_IV_72019.csv,well_421633088125801_44N9E_20_7c_ALL_IV_72019.csv
/Users/jjason3/OneDrive - Georgia Institute of Technology/USGS_GW_data/IL_GW_IV/well_402739088524101_23N3E_9_7b_ALL_IV_72019.csv,well_402739088524101_23N3E_9_7b_ALL_IV_72019.csv
/Users/jjason3/OneDrive - Georgia Institute of Technology/USGS_GW_data/IL_GW_IV/well_413743089310101_19N8E_13_1a1_LEE_92F_CRN_ALL_IV_72019.csv,well_413743089310101_19N8E_13_1a1_LEE_92F_CRN_ALL_IV_72019.csv
/Users/jjason3/OneDrive - Georgia Institute of Technology/USGS_GW_data/IL_GW_IV/well_401934089541706_22N7W_29_1d6_SH_3_ALL_IV_72019.csv,well_401934089541706_22N7W_29_1d6_SH_3_ALL_IV_72019.csv
/Users/jjason3/OneDrive - Georgia Institute of Technology/USGS_GW_data/IL_GW_IV/well_402736088523901_23N3E_9_6a1_ALL_IV_72019.csv,well_402736088523901_23N3E_9_6a1_ALL_IV_72019.csv
/Users/jjason3/OneDrive - Georgia Institute of Technology/USGS_GW_data/IL_GW_IV/well_402750088523801_23N3E_9_6d_ALL_IV_72019.csv,well_402750088523801_23N3E_9_6d_ALL_IV_72019.csv
/Users/jjason3/OneDrive - Georgia Institute of Technology/USGS_GW_data/IL_GW_IV/well_422120088330901_45N6E_29_1h_MARN_09_01_ALL_IV_72019.csv,well_422120088330901_45N6E_29_1h_MARN_09_01_ALL_IV_72019.csv
/Users/jjason3/OneDrive - Georgia Institute of Technology/USGS_GW_data/IL_GW_IV/well_401654088212001_21N7E_13_4h1_CHAM08_09A_ALL_IV_72019.csv,well_401654088212001_21N7E_13_4h1_CHAM08_09A_ALL_IV_72019.csv
/Users/jjason3/OneDrive - Georgia Institute of Technology/USGS_GW_data/IL_GW_IV/well_422308088195601_45N8E_17_7h1_9_MCH_S_ALL_IV_72019.csv,well_422308088195601_45N8E_17_7h1_9_MCH_S_ALL_IV_72019.csv
/Users/jjason3/OneDrive - Georgia Institute of Technology/USGS_GW_data/IL_GW_IV/well_421747088270701_44N7E_17_8h1_WOOD_08_01_ALL_IV_72019.csv,well_421747088270701_44N7E_17_8h1_WOOD_08_01_ALL_IV_72019.csv
/Users/jjason3/OneDrive - Georgia Institute of Technology/USGS_GW_data/IL_GW_IV/well_415046087405401_39N14E_30_7e_ALL_IV_72019.csv,well_415046087405401_39N14E_30_7e_ALL_IV_72019.csv
/Users/jjason3/OneDrive - Georgia Institute of Technology/USGS_GW_data/IL_GW_IV/well_422803087475301_46N12E_14_6g1_Zion_well_1_ALL_IV_72019.csv,well_422803087475301_46N12E_14_6g1_Zion_well_1_ALL_IV_72019.csv
/Users/jjason3/OneDrive - Georgia Institute of Technology/USGS_GW_data/AR_GW_IV/well_351508090511301_07N02E02CDD1_CS1_SW19_ALL_IV_72019.csv,well_351508090511301_07N02E02CDD1_CS1_SW19_ALL_IV_72019.csv
/Users/jjason3/OneDrive - Georgia Institute of Technology/USGS_GW_data/AR_GW_IV/well_343043092584601_02S18W31CAC1_FFH_ALL_IV_72019.csv,well_343043092584601_02S18W31CAC1_FFH_ALL_IV_72019.csv
/Users/jjason3/OneDrive - Georgia Institute of Technology/USGS_GW_data/AR_GW_IV/well_343222092590301_02S19W24DDA2_HUC_ALL_IV_72019.csv,well_343222092590301_02S19W24DDA2_HUC_ALL_IV_72019.csv
/Users/jjason3/OneDrive - Georgia Institute of Technology/USGS_GW_data/AR_GW_IV/well_343108092585201_02S18W30BBD1_CKM_ALL_IV_72019.csv,well_343108092585201_02S18W30BBD1_CKM_ALL_IV_72019.csv
/Users/jjason3/OneDrive - Georgia Institute of Technology/USGS_GW_data/AR_GW_IV/well_343340092584901_02S18W18BBC1_GRS_ALL_IV_72019.csv,well_343340092584901_02S18W18BBC1_GRS_ALL_IV_72019.csv
/Users/jjason3/OneDrive - Georgia Institute of Technology/USGS_GW_data/AR_GW_IV/well_343132092585402_02S18W30CCB3_GR2_ALL_IV_72019.csv,well_343132092585402_02S18W30CCB3_GR2_ALL_IV_72019.csv
/Users/jjason3/OneDrive - Georgia Institute of Technology/USGS_GW_data/AR_GW_IV/well_360536094105701_UA_WREC_6_ALL_IV_72019.csv,well_360536094105701_UA_WREC_6_ALL_IV_72019.csv
/Users/jjason3/OneDrive - Georgia Institute of Technology/USGS_GW_data/AR_GW_IV/well_351354092232401_07N13W21BAD1_at_Greenbri_ALL_IV_72019.csv,well_351354092232401_07N13W21BAD1_at_Greenbri_ALL_IV_72019.csv
/Users/jjason3/OneDrive - Georgia Institute of Technology/USGS_GW_data/AR_GW_IV/well_344651091460301_02N07W21_Bayou_Two_Prairie_well_ALL_IV_72019.csv,well_344651091460301_02N07W21_Bayou_Two_Prairie_well_ALL_IV_72019.csv
/Users/jjason3/OneDrive - Georgia Institute of Technology/USGS_GW_data/AR_GW_IV/well_342649091251916_03S04W03DCA16_Rice_Resea_ALL_IV_72019.csv,well_342649091251916_03S04W03DCA16_Rice_Resea_ALL_IV_72019.csv
/Users/jjason3/OneDrive - Georgia Institute of Technology/USGS_GW_data/AR_GW_IV/well_352341090213101_09N07E21BBB1_near_Heafer_ALL_IV_72019.csv,well_352341090213101_09N07E21BBB1_near_Heafer_ALL_IV_72019.csv
/Users/jjason3/OneDrive - Georgia Institute of Technology/USGS_GW_data/AR_GW_IV/well_331145092413001_17S15W31DCB1_ALL_IV_72019.csv,well_331145092413001_17S15W31DCB1_ALL_IV_72019.csv
/Users/jjason3/OneDrive - Georgia Institute of Technology/USGS_GW_data/AR_GW_IV/well_344408091545102_01N08W06_Lonoke_Shallow_ALL_IV_72019.csv,well_344408091545102_01N08W06_Lonoke_Shallow_ALL_IV_72019.csv
/Users/jjason3/OneDrive - Georgia Institute of Technology/USGS_GW_data/AR_GW_IV/well_352726090523101_10N02E34BBB1_near_Fisher_ALL_IV_72019.csv,well_352726090523101_10N02E34BBB1_near_Fisher_ALL_IV_72019.csv
/Users/jjason3/OneDrive - Georgia Institute of Technology/USGS_GW_data/AR_GW_IV/well_331144092410601_17S15W31DDA1_ALL_IV_72019.csv,well_331144092410601_17S15W31DDA1_ALL_IV_72019.csv
/Users/jjason3/OneDrive - Georgia Institute of Technology/USGS_GW_data/AR_GW_IV/well_343329092585101_02S18W18BCC2_JFT_ALL_IV_72019.csv,well_343329092585101_02S18W18BCC2_JFT_ALL_IV_72019.csv
/Users/jjason3/OneDrive - Georgia Institute of Technology/USGS_GW_data/AR_GW_IV/well_343250092585901_02S19W24AAA1_TNC_South_ALL_IV_72019.csv,well_343250092585901_02S19W24AAA1_TNC_South_ALL_IV_72019.csv
/Users/jjason3/OneDrive - Georgia Institute of Technology/USGS_GW_data/AR_GW_IV/well_331354092322401_17S14W22BAB1_Union_School_ALL_IV_72019.csv,well_331354092322401_17S14W22BAB1_Union_School_ALL_IV_72019.csv
/Users/jjason3/OneDrive - Georgia Institute of Technology/USGS_GW_data/AR_GW_IV/well_343826091361302_01S06W12BAB1_ALL_IV_72019.csv,well_343826091361302_01S06W12BAB1_ALL_IV_72019.csv
/Users/jjason3/OneDrive - Georgia Institute of Technology/USGS_GW_data/AR_GW_IV/well_344651091355102_02N06W24CAA2_at_Hazen_S_ALL_IV_72019.csv,well_344651091355102_02N06W24CAA2_at_Hazen_S_ALL_IV_72019.csv
/Users/jjason3/OneDrive - Georgia Institute of Technology/USGS_GW_data/AR_GW_IV/well_330855092505601_18S17W22BDD1_McKinnon_ALL_IV_72019.csv,well_330855092505601_18S17W22BDD1_McKinnon_ALL_IV_72019.csv
/Users/jjason3/OneDrive - Georgia Institute of Technology/USGS_GW_data/AR_GW_IV/well_331107092380201_18S15W03DAB2_Welcome_Cen_ALL_IV_72019.csv,well_331107092380201_18S15W03DAB2_Welcome_Cen_ALL_IV_72019.csv
/Users/jjason3/OneDrive - Georgia Institute of Technology/USGS_GW_data/AR_GW_IV/well_355927092122401_16N12W25DCB1_Webb_Cabin_ALL_IV_72019.csv,well_355927092122401_16N12W25DCB1_Webb_Cabin_ALL_IV_72019.csv
/Users/jjason3/OneDrive - Georgia Institute of Technology/USGS_GW_data/AR_GW_IV/well_331104092380201_18S15W03DAB1_Welcome_Cen_ALL_IV_72019.csv,well_331104092380201_18S15W03DAB1_Welcome_Cen_ALL_IV_72019.csv
/Users/jjason3/OneDrive - Georgia Institute of Technology/USGS_GW_data/AR_GW_IV/well_343108090462601_02S03E15ACD1_near_Barton_ALL_IV_72019.csv,well_343108090462601_02S03E15ACD1_near_Barton_ALL_IV_72019.csv
/Users/jjason3/OneDrive - Georgia Institute of Technology/USGS_GW_data/AR_GW_IV/well_354916090512501_14N02E27AAA1_near_Cash_ALL_IV_72019.csv,well_354916090512501_14N02E27AAA1_near_Cash_ALL_IV_72019.csv
/Users/jjason3/OneDrive - Georgia Institute of Technology/USGS_GW_data/AR_GW_IV/well_345413091493401_03N08W11ACA1_ALL_IV_72019.csv,well_345413091493401_03N08W11ACA1_ALL_IV_72019.csv
/Users/jjason3/OneDrive - Georgia Institute of Technology/USGS_GW_data/AR_GW_IV/well_330624091552801_18S08W28DDD2_near_Crosse_ALL_IV_72019.csv,well_330624091552801_18S08W28DDD2_near_Crosse_ALL_IV_72019.csv
/Users/jjason3/OneDrive - Georgia Institute of Technology/USGS_GW_data/AR_GW_IV/well_335258091152301_09S02W26DDC1_near_Watson_ALL_IV_72019.csv,well_335258091152301_09S02W26DDC1_near_Watson_ALL_IV_72019.csv
/Users/jjason3/OneDrive - Georgia Institute of Technology/USGS_GW_data/AR_GW_IV/well_343826091361301_01S06W12BAB2_ALL_IV_72019.csv,well_343826091361301_01S06W12BAB2_ALL_IV_72019.csv
/Users/jjason3/OneDrive - Georgia Institute of Technology/USGS_GW_data/AR_GW_IV/well_343332092584001_02S18W18BCA1_TNC_Powerline_ALL_IV_72019.csv,well_343332092584001_02S18W18BCA1_TNC_Powerline_ALL_IV_72019.csv
/Users/jjason3/OneDrive - Georgia Institute of Technology/USGS_GW_data/AR_GW_IV/well_331346092391101_17S15W28DBA1_Eld_8_ALL_IV_72019.csv,well_331346092391101_17S15W28DBA1_Eld_8_ALL_IV_72019.csv
/Users/jjason3/OneDrive - Georgia Institute of Technology/USGS_GW_data/AR_GW_IV/well_354817090303001_14N05E36BAD1_near_Jonesboro_AR_ALL_IV_72019.csv,well_354817090303001_14N05E36BAD1_near_Jonesboro_AR_ALL_IV_72019.csv
/Users/jjason3/OneDrive - Georgia Institute of Technology/USGS_GW_data/AR_GW_IV/well_345057091525601_03N08W32ABB1_UAPB_Lonoke_ALL_IV_72019.csv,well_345057091525601_03N08W32ABB1_UAPB_Lonoke_ALL_IV_72019.csv
/Users/jjason3/OneDrive - Georgia Institute of Technology/USGS_GW_data/AR_GW_IV/well_331438092411901_17S15W18DBB1_Monsanto_ALL_IV_72019.csv,well_331438092411901_17S15W18DBB1_Monsanto_ALL_IV_72019.csv
/Users/jjason3/OneDrive - Georgia Institute of Technology/USGS_GW_data/AR_GW_IV/well_331609093144902_17S21W11DCC2_Magnolia_ALL_IV_72019.csv,well_331609093144902_17S21W11DCC2_Magnolia_ALL_IV_72019.csv
/Users/jjason3/OneDrive - Georgia Institute of Technology/USGS_GW_data/AR_GW_IV/well_343153092582401_02S18W30ACB1_PAN_ALL_IV_72019.csv,well_343153092582401_02S18W30ACB1_PAN_ALL_IV_72019.csv
/Users/jjason3/OneDrive - Georgia Institute of Technology/USGS_GW_data/AR_GW_IV/well_353606090510701_11N02E11BDC1_near_Weiner_ALL_IV_72019.csv,well_353606090510701_11N02E11BDC1_near_Weiner_ALL_IV_72019.csv
/Users/jjason3/OneDrive - Georgia Institute of Technology/USGS_GW_data/AR_GW_IV/well_353831090502401_12N02E26DAD1_PN3_SW26_ALL_IV_72019.csv,well_353831090502401_12N02E26DAD1_PN3_SW26_ALL_IV_72019.csv
/Users/jjason3/OneDrive - Georgia Institute of Technology/USGS_GW_data/AR_GW_IV/well_351611091140601_08N02W31_Patterson_ALL_IV_72019.csv,well_351611091140601_08N02W31_Patterson_ALL_IV_72019.csv
/Users/jjason3/OneDrive - Georgia Institute of Technology/USGS_GW_data/AR_GW_IV/well_343145092584801_02S18W30CBB1_WEA_ALL_IV_72019.csv,well_343145092584801_02S18W30CBB1_WEA_ALL_IV_72019.csv
/Users/jjason3/OneDrive - Georgia Institute of Technology/USGS_GW_data/AR_GW_IV/well_341453091544101_05S08W30ADB1_near_Pine_B_ALL_IV_72019.csv,well_341453091544101_05S08W30ADB1_near_Pine_B_ALL_IV_72019.csv
/Users/jjason3/OneDrive - Georgia Institute of Technology/USGS_GW_data/AR_GW_IV/well_362155094254801_20N32W31CAD1_ALL_IV_72019.csv,well_362155094254801_20N32W31CAD1_ALL_IV_72019.csv
/Users/jjason3/OneDrive - Georgia Institute of Technology/USGS_GW_data/AR_GW_IV/well_344653091382701_02N06W22BCC1_near_Hazen_ALL_IV_72019.csv,well_344653091382701_02N06W22BCC1_near_Hazen_ALL_IV_72019.csv
/Users/jjason3/OneDrive - Georgia Institute of Technology/USGS_GW_data/AR_GW_IV/well_343316092584201_02S18W18CCA1_TNC_East_ALL_IV_72019.csv,well_343316092584201_02S18W18CCA1_TNC_East_ALL_IV_72019.csv
/Users/jjason3/OneDrive - Georgia Institute of Technology/USGS_GW_data/AR_GW_IV/well_343244092585601_02S18W19BCB1_Ar_B4_ALL_IV_72019.csv,well_343244092585601_02S18W19BCB1_Ar_B4_ALL_IV_72019.csv
/Users/jjason3/OneDrive - Georgia Institute of Technology/USGS_GW_data/AR_GW_IV/well_332205092433001_16S16W02ABC1_Smackover_ALL_IV_72019.csv,well_332205092433001_16S16W02ABC1_Smackover_ALL_IV_72019.csv
/Users/jjason3/OneDrive - Georgia Institute of Technology/USGS_GW_data/AR_GW_IV/well_343726093481801_01S26W29DCC1_Oden_Forest_ALL_IV_72019.csv,well_343726093481801_01S26W29DCC1_Oden_Forest_ALL_IV_72019.csv
/Users/jjason3/OneDrive - Georgia Institute of Technology/USGS_GW_data/AR_GW_IV/well_344543091510601_02N08W27DCC1_ALL_IV_72019.csv,well_344543091510601_02N08W27DCC1_ALL_IV_72019.csv
/Users/jjason3/OneDrive - Georgia Institute of Technology/USGS_GW_data/AR_GW_IV/well_331256092483702_17S17W25DBA2_Airport_ALL_IV_72019.csv,well_331256092483702_17S17W25DBA2_Airport_ALL_IV_72019.csv
/Users/jjason3/OneDrive - Georgia Institute of Technology/USGS_GW_data/AK_GW_IV/well_644331147183901_FD00200222DABD1_006_DSAP_16_ALL_IV_72019.csv,well_644331147183901_FD00200222DABD1_006_DSAP_16_ALL_IV_72019.csv
/Users/jjason3/OneDrive - Georgia Institute of Technology/USGS_GW_data/AK_GW_IV/well_645434147385101_FB00100113DDBC2_001_MCGRATH_WELL_ALL_IV_72019.csv,well_645434147385101_FB00100113DDBC2_001_MCGRATH_WELL_ALL_IV_72019.csv
/Users/jjason3/OneDrive - Georgia Institute of Technology/USGS_GW_data/AK_GW_IV/well_644528147131202_FD00200307ACBD2_001_P_252A_ALL_IV_72019.csv,well_644528147131202_FD00200307ACBD2_001_P_252A_ALL_IV_72019.csv
/Users/jjason3/OneDrive - Georgia Institute of Technology/USGS_GW_data/AK_GW_IV/well_582359134352103_CD04006618CBCA3_019_ALL_IV_72019.csv,well_582359134352103_CD04006618CBCA3_019_ALL_IV_72019.csv
/Users/jjason3/OneDrive - Georgia Institute of Technology/USGS_GW_data/AK_GW_IV/well_644400147151502_FD00200224ABBB2_001_P_251A_ALL_IV_72019.csv,well_644400147151502_FD00200224ABBB2_001_P_251A_ALL_IV_72019.csv
/Users/jjason3/OneDrive - Georgia Institute of Technology/USGS_GW_data/AK_GW_IV/well_644454147151701_FD00200213ABBB1_006_DSAP_6_ALL_IV_72019.csv,well_644454147151701_FD00200213ABBB1_006_DSAP_6_ALL_IV_72019.csv
/Users/jjason3/OneDrive - Georgia Institute of Technology/USGS_GW_data/AK_GW_IV/well_611725149335401_SB01400223BCCD1_003_KB_6_ALL_IV_72019.csv,well_611725149335401_SB01400223BCCD1_003_KB_6_ALL_IV_72019.csv
/Users/jjason3/OneDrive - Georgia Institute of Technology/USGS_GW_data/AK_GW_IV/well_644435147172001_FD00200214ACBC1_002_DSAP_9_ALL_IV_72019.csv,well_644435147172001_FD00200214ACBC1_002_DSAP_9_ALL_IV_72019.csv
/Users/jjason3/OneDrive - Georgia Institute of Technology/USGS_GW_data/IN_GW_IV/well_413654087230501_USGS_WELL_P5_AT_PINE_STATION_NP_NEAR_GARY_IN_ALL_IV_72019.csv,well_413654087230501_USGS_WELL_P5_AT_PINE_STATION_NP_NEAR_GARY_IN_ALL_IV_72019.csv
/Users/jjason3/OneDrive - Georgia Institute of Technology/USGS_GW_data/IN_GW_IV/well_400541085213701_DELAWARE_4_DW_4_ALL_IV_72019.csv,well_400541085213701_DELAWARE_4_DW_4_ALL_IV_72019.csv
/Users/jjason3/OneDrive - Georgia Institute of Technology/USGS_GW_data/IN_GW_IV/well_404331085064701_WELLS_4_WL_4_ALL_IV_72019.csv,well_404331085064701_WELLS_4_WL_4_ALL_IV_72019.csv
/Users/jjason3/OneDrive - Georgia Institute of Technology/USGS_GW_data/IN_GW_IV/well_383012086124501_WASHINGTON_2_WA_2_ALL_IV_72019.csv,well_383012086124501_WASHINGTON_2_WA_2_ALL_IV_72019.csv
/Users/jjason3/OneDrive - Georgia Institute of Technology/USGS_GW_data/IN_GW_IV/well_401151086030201_HAMILTON_8_HA_8_ALL_IV_72019.csv,well_401151086030201_HAMILTON_8_HA_8_ALL_IV_72019.csv
/Users/jjason3/OneDrive - Georgia Institute of Technology/USGS_GW_data/IN_GW_IV/well_400000086023201_HAMILTON_7_HA_7_ALL_IV_72019.csv,well_400000086023201_HAMILTON_7_HA_7_ALL_IV_72019.csv
/Users/jjason3/OneDrive - Georgia Institute of Technology/USGS_GW_data/IN_GW_IV/well_393943085490901_SHELBY_2_SH_2_ALL_IV_72019.csv,well_393943085490901_SHELBY_2_SH_2_ALL_IV_72019.csv
/Users/jjason3/OneDrive - Georgia Institute of Technology/USGS_GW_data/IN_GW_IV/well_413718087233701_USGS_WELL_P1_AT_PINE_STATION_NP_NEAR_GARY_IN_ALL_IV_72019.csv,well_413718087233701_USGS_WELL_P1_AT_PINE_STATION_NP_NEAR_GARY_IN_ALL_IV_72019.csv
/Users/jjason3/OneDrive - Georgia Institute of Technology/USGS_GW_data/IN_GW_IV/well_410739086365201_PULASKI_7_PU_7_ALL_IV_72019.csv,well_410739086365201_PULASKI_7_PU_7_ALL_IV_72019.csv
/Users/jjason3/OneDrive - Georgia Institute of Technology/USGS_GW_data/IN_GW_IV/well_395223086214201_USGS_WELL_SCHOOL_BRANCH_SNW_AT_BROWNSBURG_IN_ALL_IV_72019.csv,well_395223086214201_USGS_WELL_SCHOOL_BRANCH_SNW_AT_BROWNSBURG_IN_ALL_IV_72019.csv
/Users/jjason3/OneDrive - Georgia Institute of Technology/USGS_GW_data/IN_GW_IV/well_412359086421101_KANKAKEE_WELL_FIELD_S_1_NEAR_HANNA_IN_ALL_IV_72019.csv,well_412359086421101_KANKAKEE_WELL_FIELD_S_1_NEAR_HANNA_IN_ALL_IV_72019.csv
/Users/jjason3/OneDrive - Georgia Institute of Technology/USGS_GW_data/IN_GW_IV/well_380626087344401_VANDERBURGH_7_VA_7_ALL_IV_72019.csv,well_380626087344401_VANDERBURGH_7_VA_7_ALL_IV_72019.csv
/Users/jjason3/OneDrive - Georgia Institute of Technology/USGS_GW_data/IN_GW_IV/well_393616086134502_JOHNSON_10_JO_10_ALL_IV_72019.csv,well_393616086134502_JOHNSON_10_JO_10_ALL_IV_72019.csv
/Users/jjason3/OneDrive - Georgia Institute of Technology/USGS_GW_data/IN_GW_IV/well_410337085264201_WHITLEY_3_WY_3_ALL_IV_72019.csv,well_410337085264201_WHITLEY_3_WY_3_ALL_IV_72019.csv
/Users/jjason3/OneDrive - Georgia Institute of Technology/USGS_GW_data/IN_GW_IV/well_411922085221801_NOBLE_8_NO_8_ALL_IV_72019.csv,well_411922085221801_NOBLE_8_NO_8_ALL_IV_72019.csv
/Users/jjason3/OneDrive - Georgia Institute of Technology/USGS_GW_data/IN_GW_IV/well_412354086421010_KANKAKEE_WELL_FIELD_WT_1_NEAR_HANNA_IN_ALL_IV_72019.csv,well_412354086421010_KANKAKEE_WELL_FIELD_WT_1_NEAR_HANNA_IN_ALL_IV_72019.csv
/Users/jjason3/OneDrive - Georgia Institute of Technology/USGS_GW_data/IN_GW_IV/well_412354086421002_KANKAKEE_WELL_FIELD_DP_1_NEAR_HANNA_IN_ALL_IV_72019.csv,well_412354086421002_KANKAKEE_WELL_FIELD_DP_1_NEAR_HANNA_IN_ALL_IV_72019.csv
/Users/jjason3/OneDrive - Georgia Institute of Technology/USGS_GW_data/IN_GW_IV/well_393855086120701_MARION_34_MA_34_ALL_IV_72019.csv,well_393855086120701_MARION_34_MA_34_ALL_IV_72019.csv
/Users/jjason3/OneDrive - Georgia Institute of Technology/USGS_GW_data/IN_GW_IV/well_412357086421001_KANKAKEE_WELL_FIELD_N_1_NEAR_HANNA_IN_ALL_IV_72019.csv,well_412357086421001_KANKAKEE_WELL_FIELD_N_1_NEAR_HANNA_IN_ALL_IV_72019.csv
/Users/jjason3/OneDrive - Georgia Institute of Technology/USGS_GW_data/IN_GW_IV/well_390950085553501_BARTHOLOMEW_8_BA_8_ALL_IV_72019.csv,well_390950085553501_BARTHOLOMEW_8_BA_8_ALL_IV_72019.csv
/Users/jjason3/OneDrive - Georgia Institute of Technology/USGS_GW_data/IN_GW_IV/well_393522085555401_SHELBY_3_SH_3_ALL_IV_72019.csv,well_393522085555401_SHELBY_3_SH_3_ALL_IV_72019.csv
/Users/jjason3/OneDrive - Georgia Institute of Technology/USGS_GW_data/IN_GW_IV/well_393423086161001_MORGAN_4_MG_4_ALL_IV_72019.csv,well_393423086161001_MORGAN_4_MG_4_ALL_IV_72019.csv
/Users/jjason3/OneDrive - Georgia Institute of Technology/USGS_GW_data/IN_GW_IV/well_383659086545901_MARTIN_5_MT_5_ALL_IV_72019.csv,well_383659086545901_MARTIN_5_MT_5_ALL_IV_72019.csv
/Users/jjason3/OneDrive - Georgia Institute of Technology/USGS_GW_data/IN_GW_IV/well_384047087142702_DAVIESS_10_DA_10_ALL_IV_72019.csv,well_384047087142702_DAVIESS_10_DA_10_ALL_IV_72019.csv
/Users/jjason3/OneDrive - Georgia Institute of Technology/USGS_GW_data/IN_GW_IV/well_405520085310801_HUNTINGTON_3_HU_3_ALL_IV_72019.csv,well_405520085310801_HUNTINGTON_3_HU_3_ALL_IV_72019.csv
/Users/jjason3/OneDrive - Georgia Institute of Technology/USGS_GW_data/IN_GW_IV/well_385542086005601_JACKSON_1_JK1_ALL_IV_72019.csv,well_385542086005601_JACKSON_1_JK1_ALL_IV_72019.csv
/Users/jjason3/OneDrive - Georgia Institute of Technology/USGS_GW_data/IN_GW_IV/well_414202086035001_USGS_WELL_21_23_NEAR_PLEASANT_VALLEY_IN_ALL_IV_72019.csv,well_414202086035001_USGS_WELL_21_23_NEAR_PLEASANT_VALLEY_IN_ALL_IV_72019.csv
/Users/jjason3/OneDrive - Georgia Institute of Technology/USGS_GW_data/IN_GW_IV/well_395223086214203_USGS_WELL_SCHOOL_BRANCH_SNE_AT_BROWNSBURG_IN_ALL_IV_72019.csv,well_395223086214203_USGS_WELL_SCHOOL_BRANCH_SNE_AT_BROWNSBURG_IN_ALL_IV_72019.csv
/Users/jjason3/OneDrive - Georgia Institute of Technology/USGS_GW_data/IN_GW_IV/well_403948085414601_WABASH_4_WB_4_ALL_IV_72019.csv,well_403948085414601_WABASH_4_WB_4_ALL_IV_72019.csv
/Users/jjason3/OneDrive - Georgia Institute of Technology/USGS_GW_data/IN_GW_IV/well_394608086311001_HENDRICKS_9_HD_9_ALL_IV_72019.csv,well_394608086311001_HENDRICKS_9_HD_9_ALL_IV_72019.csv
/Users/jjason3/OneDrive - Georgia Institute of Technology/USGS_GW_data/IN_GW_IV/well_402322085481901_GRANT_8_GT_8_ALL_IV_72019.csv,well_402322085481901_GRANT_8_GT_8_ALL_IV_72019.csv
/Users/jjason3/OneDrive - Georgia Institute of Technology/USGS_GW_data/IN_GW_IV/well_414325084552401_STEUBEN_10_SB_10_ALL_IV_72019.csv,well_414325084552401_STEUBEN_10_SB_10_ALL_IV_72019.csv
/Users/jjason3/OneDrive - Georgia Institute of Technology/USGS_GW_data/IN_GW_IV/well_380758087551001_POSEY_3_PY_3_ALL_IV_72019.csv,well_380758087551001_POSEY_3_PY_3_ALL_IV_72019.csv
/Users/jjason3/OneDrive - Georgia Institute of Technology/USGS_GW_data/IN_GW_IV/well_395159086253101_HENDRICKS_5_HD_5_ALL_IV_72019.csv,well_395159086253101_HENDRICKS_5_HD_5_ALL_IV_72019.csv
/Users/jjason3/OneDrive - Georgia Institute of Technology/USGS_GW_data/IN_GW_IV/well_411043085035201_ALLEN_10_AL_10_ALL_IV_72019.csv,well_411043085035201_ALLEN_10_AL_10_ALL_IV_72019.csv
/Users/jjason3/OneDrive - Georgia Institute of Technology/USGS_GW_data/IN_GW_IV/well_394426085080601_WAYNE_6_WE_6_ALL_IV_72019.csv,well_394426085080601_WAYNE_6_WE_6_ALL_IV_72019.csv
/Users/jjason3/OneDrive - Georgia Institute of Technology/USGS_GW_data/IN_GW_IV/well_405829086175801_FULTON_7_FU_7_ALL_IV_72019.csv,well_405829086175801_FULTON_7_FU_7_ALL_IV_72019.csv
/Users/jjason3/OneDrive - Georgia Institute of Technology/USGS_GW_data/IN_GW_IV/well_413721087235801_USGS_WELL_C4_AT_CLARK_AND_PINE_NP_NEAR_GARY_IN_ALL_IV_72019.csv,well_413721087235801_USGS_WELL_C4_AT_CLARK_AND_PINE_NP_NEAR_GARY_IN_ALL_IV_72019.csv
/Users/jjason3/OneDrive - Georgia Institute of Technology/USGS_GW_data/IN_GW_IV/well_395240086273301_HENDRICKS_6_HD6_ALL_IV_72019.csv,well_395240086273301_HENDRICKS_6_HD6_ALL_IV_72019.csv
/Users/jjason3/OneDrive - Georgia Institute of Technology/USGS_GW_data/IN_GW_IV/well_402734087033402_TIPPECANOE_18_TC_18_ALL_IV_72019.csv,well_402734087033402_TIPPECANOE_18_TC_18_ALL_IV_72019.csv
/Users/jjason3/OneDrive - Georgia Institute of Technology/USGS_GW_data/IN_GW_IV/well_414202086035002_USGS_WELL_21_133_NEAR_PLEASANT_VALLEY_IN_ALL_IV_72019.csv,well_414202086035002_USGS_WELL_21_133_NEAR_PLEASANT_VALLEY_IN_ALL_IV_72019.csv
/Users/jjason3/OneDrive - Georgia Institute of Technology/USGS_GW_data/IN_GW_IV/well_404006085244801_HUNTINGTON_4_HU_4_ALL_IV_72019.csv,well_404006085244801_HUNTINGTON_4_HU_4_ALL_IV_72019.csv
/Users/jjason3/OneDrive - Georgia Institute of Technology/USGS_GW_data/IN_GW_IV/well_392232086333101_MORGAN_7_MG_7_ALL_IV_72019.csv,well_392232086333101_MORGAN_7_MG_7_ALL_IV_72019.csv
/Users/jjason3/OneDrive - Georgia Institute of Technology/USGS_GW_data/IN_GW_IV/well_412012085594301_KOSCIUSKO_12_KO_12_ALL_IV_72019.csv,well_412012085594301_KOSCIUSKO_12_KO_12_ALL_IV_72019.csv
/Users/jjason3/OneDrive - Georgia Institute of Technology/USGS_GW_data/IN_GW_IV/well_395245086273501_HENDRICKS_8_HD_8_ALL_IV_72019.csv,well_395245086273501_HENDRICKS_8_HD_8_ALL_IV_72019.csv
/Users/jjason3/OneDrive - Georgia Institute of Technology/USGS_GW_data/IN_GW_IV/well_413715087232101_USGS_WELL_P2_AT_PINE_STATION_NP_NEAR_GARY_IN_ALL_IV_72019.csv,well_413715087232101_USGS_WELL_P2_AT_PINE_STATION_NP_NEAR_GARY_IN_ALL_IV_72019.csv
/Users/jjason3/OneDrive - Georgia Institute of Technology/USGS_GW_data/IN_GW_IV/well_411856085455801_KOSCIUSKO_11_KO_11_ALL_IV_72019.csv,well_411856085455801_KOSCIUSKO_11_KO_11_ALL_IV_72019.csv
/Users/jjason3/OneDrive - Georgia Institute of Technology/USGS_GW_data/IN_GW_IV/well_411232084541101_Bull_Rapids_E_MW1_12_ALL_IV_72019.csv,well_411232084541101_Bull_Rapids_E_MW1_12_ALL_IV_72019.csv
/Users/jjason3/OneDrive - Georgia Institute of Technology/USGS_GW_data/IN_GW_IV/well_410809087580801_JASPER_7_JP_7_ALL_IV_72019.csv,well_410809087580801_JASPER_7_JP_7_ALL_IV_72019.csv
/Users/jjason3/OneDrive - Georgia Institute of Technology/USGS_GW_data/IN_GW_IV/well_405959087282902_NEWTON_9_NE_9_ALL_IV_72019.csv,well_405959087282902_NEWTON_9_NE_9_ALL_IV_72019.csv
/Users/jjason3/OneDrive - Georgia Institute of Technology/USGS_GW_data/IN_GW_IV/well_403836085374401_GRANT_10_GT_10_ALL_IV_72019.csv,well_403836085374401_GRANT_10_GT_10_ALL_IV_72019.csv
/Users/jjason3/OneDrive - Georgia Institute of Technology/USGS_GW_data/IN_GW_IV/well_382156085382401_CLARK_20_ALL_IV_72019.csv,well_382156085382401_CLARK_20_ALL_IV_72019.csv
/Users/jjason3/OneDrive - Georgia Institute of Technology/USGS_GW_data/IN_GW_IV/well_413704087233101_USGS_WELL_P14_AT_PINE_STATION_NP_NEAR_GARY_IN_ALL_IV_72019.csv,well_413704087233101_USGS_WELL_P14_AT_PINE_STATION_NP_NEAR_GARY_IN_ALL_IV_72019.csv
/Users/jjason3/OneDrive - Georgia Institute of Technology/USGS_GW_data/IN_GW_IV/well_400245086482801_MONTGOMERY_8_ALL_IV_72019.csv,well_400245086482801_MONTGOMERY_8_ALL_IV_72019.csv
/Users/jjason3/OneDrive - Georgia Institute of Technology/USGS_GW_data/IN_GW_IV/well_414318085200601_LAGRANGE_2_LG_2_ALL_IV_72019.csv,well_414318085200601_LAGRANGE_2_LG_2_ALL_IV_72019.csv
/Users/jjason3/OneDrive - Georgia Institute of Technology/USGS_GW_data/IN_GW_IV/well_404603086021801_MIAMI_7_MI_7_ALL_IV_72019.csv,well_404603086021801_MIAMI_7_MI_7_ALL_IV_72019.csv
/Users/jjason3/OneDrive - Georgia Institute of Technology/USGS_GW_data/IN_GW_IV/well_413754084540602_STEUBEN_12_SB_12_ALL_IV_72019.csv,well_413754084540602_STEUBEN_12_SB_12_ALL_IV_72019.csv
/Users/jjason3/OneDrive - Georgia Institute of Technology/USGS_GW_data/IN_GW_IV/well_394510087105001_PARKE_7_PA_7_ALL_IV_72019.csv,well_394510087105001_PARKE_7_PA_7_ALL_IV_72019.csv
/Users/jjason3/OneDrive - Georgia Institute of Technology/USGS_GW_data/IN_GW_IV/well_413653087232201_USGS_WELL_P7_AT_PINE_STATION_NP_NEAR_GARY_IN_ALL_IV_72019.csv,well_413653087232201_USGS_WELL_P7_AT_PINE_STATION_NP_NEAR_GARY_IN_ALL_IV_72019.csv
/Users/jjason3/OneDrive - Georgia Institute of Technology/USGS_GW_data/IN_GW_IV/well_413434086434701_LA_PORTE_12_LP_12_ALL_IV_72019.csv,well_413434086434701_LA_PORTE_12_LP_12_ALL_IV_72019.csv
/Users/jjason3/OneDrive - Georgia Institute of Technology/USGS_GW_data/IN_GW_IV/well_411229084541701_Bull_Rapids_W_MW1_10_ALL_IV_72019.csv,well_411229084541701_Bull_Rapids_W_MW1_10_ALL_IV_72019.csv
/Users/jjason3/OneDrive - Georgia Institute of Technology/USGS_GW_data/IN_GW_IV/well_402848085340201_GRANT_11_GT_11_ALL_IV_72019.csv,well_402848085340201_GRANT_11_GT_11_ALL_IV_72019.csv
/Users/jjason3/OneDrive - Georgia Institute of Technology/USGS_GW_data/IN_GW_IV/well_412354086421001_KANKAKEE_WELL_FIELD_SH_1_NEAR_HANNA_IN_ALL_IV_72019.csv,well_412354086421001_KANKAKEE_WELL_FIELD_SH_1_NEAR_HANNA_IN_ALL_IV_72019.csv
/Users/jjason3/OneDrive - Georgia Institute of Technology/USGS_GW_data/IN_GW_IV/well_394952086110901_MARION_39_MA_39_ALL_IV_72019.csv,well_394952086110901_MARION_39_MA_39_ALL_IV_72019.csv
/Users/jjason3/OneDrive - Georgia Institute of Technology/USGS_GW_data/IN_GW_IV/well_390758087363301_SULLIVAN_10_SU_10_ALL_IV_72019.csv,well_390758087363301_SULLIVAN_10_SU_10_ALL_IV_72019.csv
/Users/jjason3/OneDrive - Georgia Institute of Technology/USGS_GW_data/IN_GW_IV/well_400247086482101_MONTGOMERY_7_MY_7_ALL_IV_72019.csv,well_400247086482101_MONTGOMERY_7_MY_7_ALL_IV_72019.csv
/Users/jjason3/OneDrive - Georgia Institute of Technology/USGS_GW_data/IN_GW_IV/well_383403085352601_CLARK_21_CK_21_ALL_IV_72019.csv,well_383403085352601_CLARK_21_CK_21_ALL_IV_72019.csv
/Users/jjason3/OneDrive - Georgia Institute of Technology/USGS_GW_data/IN_GW_IV/well_384047087142701_DAVIESS_10_DA_10_WELL_NO_1_ALL_IV_72019.csv,well_384047087142701_DAVIESS_10_DA_10_WELL_NO_1_ALL_IV_72019.csv
/Users/jjason3/OneDrive - Georgia Institute of Technology/USGS_GW_data/IN_GW_IV/well_382305085381701_Clark_22_CK_22_ALL_IV_72019.csv,well_382305085381701_Clark_22_CK_22_ALL_IV_72019.csv
/Users/jjason3/OneDrive - Georgia Institute of Technology/USGS_GW_data/IN_GW_IV/well_414431085313001_LAGRANGE_11_LG_11_ALL_IV_72019.csv,well_414431085313001_LAGRANGE_11_LG_11_ALL_IV_72019.csv
/Users/jjason3/OneDrive - Georgia Institute of Technology/USGS_GW_data/IN_GW_IV/well_413141084544201_DEKALB_12_DK_12_ALL_IV_72019.csv,well_413141084544201_DEKALB_12_DK_12_ALL_IV_72019.csv
/Users/jjason3/OneDrive - Georgia Institute of Technology/USGS_GW_data/IN_GW_IV/well_410428087231501_NEWTON_8_NE_8_ALL_IV_72019.csv,well_410428087231501_NEWTON_8_NE_8_ALL_IV_72019.csv
/Users/jjason3/OneDrive - Georgia Institute of Technology/USGS_GW_data/IN_GW_IV/well_413559087270301_LAKE_13_LK_13_ALL_IV_72019.csv,well_413559087270301_LAKE_13_LK_13_ALL_IV_72019.csv
/Users/jjason3/OneDrive - Georgia Institute of Technology/USGS_GW_data/IN_GW_IV/well_413657087231201_USGS_WELL_P12_AT_PINE_STATION_NP_NEAR_GARY_IN_ALL_IV_72019.csv,well_413657087231201_USGS_WELL_P12_AT_PINE_STATION_NP_NEAR_GARY_IN_ALL_IV_72019.csv
/Users/jjason3/OneDrive - Georgia Institute of Technology/USGS_GW_data/IN_GW_IV/well_392820087242601_VIGO_7_VI_7_ALL_IV_72019.csv,well_392820087242601_VIGO_7_VI_7_ALL_IV_72019.csv
/Users/jjason3/OneDrive - Georgia Institute of Technology/USGS_GW_data/IN_GW_IV/well_405959087282901_NEWTON_7_NE_7_ALL_IV_72019.csv,well_405959087282901_NEWTON_7_NE_7_ALL_IV_72019.csv
/Users/jjason3/OneDrive - Georgia Institute of Technology/USGS_GW_data/IN_GW_IV/well_400131085504301_MADISON_10_MD_10_ALL_IV_72019.csv,well_400131085504301_MADISON_10_MD_10_ALL_IV_72019.csv
/Users/jjason3/OneDrive - Georgia Institute of Technology/USGS_GW_data/IN_GW_IV/well_410249087011201_JASPER_4_JP_4_ALL_IV_72019.csv,well_410249087011201_JASPER_4_JP_4_ALL_IV_72019.csv
/Users/jjason3/OneDrive - Georgia Institute of Technology/USGS_GW_data/IN_GW_IV/well_413121085481301_ELKHART_4_EH_4_ALL_IV_72019.csv,well_413121085481301_ELKHART_4_EH_4_ALL_IV_72019.csv
/Users/jjason3/OneDrive - Georgia Institute of Technology/USGS_GW_data/IN_GW_IV/well_402851087213501_BENTON_4_BE_4_ALL_IV_72019.csv,well_402851087213501_BENTON_4_BE_4_ALL_IV_72019.csv
/Users/jjason3/OneDrive - Georgia Institute of Technology/USGS_GW_data/IN_GW_IV/well_401532085085301_RANDOLPH_3_RA_3_ALL_IV_72019.csv,well_401532085085301_RANDOLPH_3_RA_3_ALL_IV_72019.csv
/Users/jjason3/OneDrive - Georgia Institute of Technology/USGS_GW_data/IN_GW_IV/well_411038087284701_LAKE_12_LK_12_ALL_IV_72019.csv,well_411038087284701_LAKE_12_LK_12_ALL_IV_72019.csv
/Users/jjason3/OneDrive - Georgia Institute of Technology/USGS_GW_data/IN_GW_IV/well_395717086051801_USGS_WELL_CAR_6_AT_CARMEL_IN_ALL_IV_72019.csv,well_395717086051801_USGS_WELL_CAR_6_AT_CARMEL_IN_ALL_IV_72019.csv
/Users/jjason3/OneDrive - Georgia Institute of Technology/USGS_GW_data/IN_GW_IV/well_403810086403701_CARROLL_3_CA_3_ALL_IV_72019.csv,well_403810086403701_CARROLL_3_CA_3_ALL_IV_72019.csv
/Users/jjason3/OneDrive - Georgia Institute of Technology/USGS_GW_data/IN_GW_IV/well_395223086214204_USGS_WELL_SCHOOL_BRANCH_DNE_AT_BROWNSBURG_IN_ALL_IV_72019.csv,well_395223086214204_USGS_WELL_SCHOOL_BRANCH_DNE_AT_BROWNSBURG_IN_ALL_IV_72019.csv
/Users/jjason3/OneDrive - Georgia Institute of Technology/USGS_GW_data/IN_GW_IV/well_414149086183101_CITY_OF_SOUTH_BEND_MONITORING_WELL_NEAR_AIRPORT_ALL_IV_72019.csv,well_414149086183101_CITY_OF_SOUTH_BEND_MONITORING_WELL_NEAR_AIRPORT_ALL_IV_72019.csv
/Users/jjason3/OneDrive - Georgia Institute of Technology/USGS_GW_data/IN_GW_IV/well_394605086311001_HENDRICKS_7_HD_7_ALL_IV_72019.csv,well_394605086311001_HENDRICKS_7_HD_7_ALL_IV_72019.csv
/Users/jjason3/OneDrive - Georgia Institute of Technology/USGS_GW_data/IN_GW_IV/well_384745086354301_LAWRENCE_10_LW_10_ALL_IV_72019.csv,well_384745086354301_LAWRENCE_10_LW_10_ALL_IV_72019.csv
/Users/jjason3/OneDrive - Georgia Institute of Technology/USGS_GW_data/IN_GW_IV/well_401143086394501_CLINTON_4_CN_4_ALL_IV_72019.csv,well_401143086394501_CLINTON_4_CN_4_ALL_IV_72019.csv
/Users/jjason3/OneDrive - Georgia Institute of Technology/USGS_GW_data/IN_GW_IV/well_413139086341401_LA_PORTE_10_LP_10_ALL_IV_72019.csv,well_413139086341401_LA_PORTE_10_LP_10_ALL_IV_72019.csv
/Users/jjason3/OneDrive - Georgia Institute of Technology/USGS_GW_data/IN_GW_IV/well_392022085371801_DECATUR_2_DC_2_ALL_IV_72019.csv,well_392022085371801_DECATUR_2_DC_2_ALL_IV_72019.csv
/Users/jjason3/OneDrive - Georgia Institute of Technology/USGS_GW_data/IN_GW_IV/well_395223086214202_NAWQA_AG_WELL_TP26_NEAR_BROWNSBURG_IN_ALL_IV_72019.csv,well_395223086214202_NAWQA_AG_WELL_TP26_NEAR_BROWNSBURG_IN_ALL_IV_72019.csv
/Users/jjason3/OneDrive - Georgia Institute of Technology/USGS_GW_data/IN_GW_IV/well_411042085035201_ALLEN_11_AL_11_ALL_IV_72019.csv,well_411042085035201_ALLEN_11_AL_11_ALL_IV_72019.csv
/Users/jjason3/OneDrive - Georgia Institute of Technology/USGS_GW_data/IN_GW_IV/well_382323086044501_HARRISON_8_HR_8_ALL_IV_72019.csv,well_382323086044501_HARRISON_8_HR_8_ALL_IV_72019.csv
/Users/jjason3/OneDrive - Georgia Institute of Technology/USGS_GW_data/IN_GW_IV/well_412018085483401_KOSCIUSKO_10_KO_10_ALL_IV_72019.csv,well_412018085483401_KOSCIUSKO_10_KO_10_ALL_IV_72019.csv
/Users/jjason3/OneDrive - Georgia Institute of Technology/USGS_GW_data/IN_GW_IV/well_375406087105401_SPENCER_10_SP_10_ALL_IV_72019.csv,well_375406087105401_SPENCER_10_SP_10_ALL_IV_72019.csv
/Users/jjason3/OneDrive - Georgia Institute of Technology/USGS_GW_data/IN_GW_IV/well_400104086023101_HAMILTON_9_HA_9_ALL_IV_72019.csv,well_400104086023101_HAMILTON_9_HA_9_ALL_IV_72019.csv
/Users/jjason3/OneDrive - Georgia Institute of Technology/USGS_GW_data/IN_GW_IV/well_400641085413701_MADISON_12_MD_12_ALL_IV_72019.csv,well_400641085413701_MADISON_12_MD_12_ALL_IV_72019.csv
/Users/jjason3/OneDrive - Georgia Institute of Technology/USGS_GW_data/IN_GW_IV/well_383655086504601_MARTIN_6_MT_6_ALL_IV_72019.csv,well_383655086504601_MARTIN_6_MT_6_ALL_IV_72019.csv
/Users/jjason3/OneDrive - Georgia Institute of Technology/USGS_GW_data/IN_GW_IV/well_383946086475701_MARTIN_7_MT_7_ALL_IV_72019.csv,well_383946086475701_MARTIN_7_MT_7_ALL_IV_72019.csv
/Users/jjason3/OneDrive - Georgia Institute of Technology/USGS_GW_data/IN_GW_IV/well_413426085181801_LAGRANGE_10_LG_10_ALL_IV_72019.csv,well_413426085181801_LAGRANGE_10_LG_10_ALL_IV_72019.csv
/Users/jjason3/OneDrive - Georgia Institute of Technology/USGS_GW_data/IN_GW_IV/well_393746086222901_MORGAN_6_MG_6_ALL_IV_72019.csv,well_393746086222901_MORGAN_6_MG_6_ALL_IV_72019.csv
/Users/jjason3/OneDrive - Georgia Institute of Technology/USGS_GW_data/IN_GW_IV/well_413705087231601_USGS_WELL_P8_AT_PINE_STATION_NP_NEAR_GARY_IN_ALL_IV_72019.csv,well_413705087231601_USGS_WELL_P8_AT_PINE_STATION_NP_NEAR_GARY_IN_ALL_IV_72019.csv
/Users/jjason3/OneDrive - Georgia Institute of Technology/USGS_GW_data/IN_GW_IV/well_412354086421006_KANKAKEE_WELL_FIELD_WT_3_NEAR_HANNA_IN_ALL_IV_72019.csv,well_412354086421006_KANKAKEE_WELL_FIELD_WT_3_NEAR_HANNA_IN_ALL_IV_72019.csv
/Users/jjason3/OneDrive - Georgia Institute of Technology/USGS_GW_data/IN_GW_IV/well_401308085394101_MADISON_11_MD_11_ALL_IV_72019.csv,well_401308085394101_MADISON_11_MD_11_ALL_IV_72019.csv
/Users/jjason3/OneDrive - Georgia Institute of Technology/USGS_GW_data/IN_GW_IV/well_412354086421005_KANKAKEE_WELL_FIELD_SH_3_NEAR_HANNA_IN_ALL_IV_72019.csv,well_412354086421005_KANKAKEE_WELL_FIELD_SH_3_NEAR_HANNA_IN_ALL_IV_72019.csv
/Users/jjason3/OneDrive - Georgia Institute of Technology/USGS_GW_data/IN_GW_IV/well_405902087141501_JASPER_13_JP_13_ALL_IV_72019.csv,well_405902087141501_JASPER_13_JP_13_ALL_IV_72019.csv
/Users/jjason3/OneDrive - Georgia Institute of Technology/USGS_GW_data/IN_GW_IV/well_412350086512801_LA_PORTE_9_LP_9_ALL_IV_72019.csv,well_412350086512801_LA_PORTE_9_LP_9_ALL_IV_72019.csv
/Users/jjason3/OneDrive - Georgia Institute of Technology/USGS_GW_data/IN_GW_IV/well_400532086183901_BOONE_17_BO_17_ALL_IV_72019.csv,well_400532086183901_BOONE_17_BO_17_ALL_IV_72019.csv
/Users/jjason3/OneDrive - Georgia Institute of Technology/USGS_GW_data/IN_GW_IV/well_392612086230001_MORGAN_5_MG_5_ALL_IV_72019.csv,well_392612086230001_MORGAN_5_MG_5_ALL_IV_72019.csv
/Users/jjason3/OneDrive - Georgia Institute of Technology/USGS_GW_data/IN_GW_IV/well_410428087231502_NEWTON_10_NE_10_ALL_IV_72019.csv,well_410428087231502_NEWTON_10_NE_10_ALL_IV_72019.csv
/Users/jjason3/OneDrive - Georgia Institute of Technology/USGS_GW_data/IN_GW_IV/well_392527085005201_FRANKLIN_10_FR_10_ALL_IV_72019.csv,well_392527085005201_FRANKLIN_10_FR_10_ALL_IV_72019.csv
/Users/jjason3/OneDrive - Georgia Institute of Technology/USGS_GW_data/IN_GW_IV/well_395107086021301_MARION_41_MA_41_ALL_IV_72019.csv,well_395107086021301_MARION_41_MA_41_ALL_IV_72019.csv
/Users/jjason3/OneDrive - Georgia Institute of Technology/USGS_GW_data/IN_GW_IV/well_414202086283801_ST_JOSEPH_32_SJ_32_ALL_IV_72019.csv,well_414202086283801_ST_JOSEPH_32_SJ_32_ALL_IV_72019.csv
/Users/jjason3/OneDrive - Georgia Institute of Technology/USGS_GW_data/IN_GW_IV/well_404606086023201_MIAMI_6_MI_6_ALL_IV_72019.csv,well_404606086023201_MIAMI_6_MI_6_ALL_IV_72019.csv
/Users/jjason3/OneDrive - Georgia Institute of Technology/USGS_GW_data/IN_GW_IV/well_410941084520101_Ehle_MW1_37_ALL_IV_72019.csv,well_410941084520101_Ehle_MW1_37_ALL_IV_72019.csv
/Users/jjason3/OneDrive - Georgia Institute of Technology/USGS_GW_data/IN_GW_IV/well_391035085560401_BARTHOLOMEW_9_BA_9_ALL_IV_72019.csv,well_391035085560401_BARTHOLOMEW_9_BA_9_ALL_IV_72019.csv
/Users/jjason3/OneDrive - Georgia Institute of Technology/USGS_GW_data/IN_GW_IV/well_410428085171701_ALLEN_9_AL9_CH8_ALL_IV_72019.csv,well_410428085171701_ALLEN_9_AL9_CH8_ALL_IV_72019.csv
/Users/jjason3/OneDrive - Georgia Institute of Technology/USGS_GW_data/IN_GW_IV/well_410917087285801_NEWTON_14_NE_14_ALL_IV_72019.csv,well_410917087285801_NEWTON_14_NE_14_ALL_IV_72019.csv
/Users/jjason3/OneDrive - Georgia Institute of Technology/USGS_GW_data/IN_GW_IV/well_395332085594501_MARION_40_MA_40_ALL_IV_72019.csv,well_395332085594501_MARION_40_MA_40_ALL_IV_72019.csv
/Users/jjason3/OneDrive - Georgia Institute of Technology/USGS_GW_data/IN_GW_IV/well_413720087233901_USGS_WELL_C1_AT_CLARK_AND_PINE_NP_NEAR_GARY_IN_ALL_IV_72019.csv,well_413720087233901_USGS_WELL_C1_AT_CLARK_AND_PINE_NP_NEAR_GARY_IN_ALL_IV_72019.csv
/Users/jjason3/OneDrive - Georgia Institute of Technology/USGS_GW_data/IN_GW_IV/well_385601085365701_JENNINGS_3_JN_3_ALL_IV_72019.csv,well_385601085365701_JENNINGS_3_JN_3_ALL_IV_72019.csv
/Users/jjason3/OneDrive - Georgia Institute of Technology/USGS_GW_data/IN_GW_IV/well_384951087202501_KNOX_8_KN_8_ALL_IV_72019.csv,well_384951087202501_KNOX_8_KN_8_ALL_IV_72019.csv
/Users/jjason3/OneDrive - Georgia Institute of Technology/USGS_GW_data/IN_GW_IV/well_394940085460101_HANCOCK_25_HK_25_ALL_IV_72019.csv,well_394940085460101_HANCOCK_25_HK_25_ALL_IV_72019.csv
/Users/jjason3/OneDrive - Georgia Institute of Technology/USGS_GW_data/IN_GW_IV/well_384949085251901_JEFFERSON_5_JF_5_LINEAMENT_WELL_5_AT_JPG_ALL_IV_72019.csv,well_384949085251901_JEFFERSON_5_JF_5_LINEAMENT_WELL_5_AT_JPG_ALL_IV_72019.csv
/Users/jjason3/OneDrive - Georgia Institute of Technology/USGS_GW_data/IN_GW_IV/well_391627085534401_BARTHOLOMEW_4_BA_4_ALL_IV_72019.csv,well_391627085534401_BARTHOLOMEW_4_BA_4_ALL_IV_72019.csv
/Users/jjason3/OneDrive - Georgia Institute of Technology/USGS_GW_data/IN_GW_IV/well_394632086092701_MARION_35_MA_35_ALL_IV_72019.csv,well_394632086092701_MARION_35_MA_35_ALL_IV_72019.csv
/Users/jjason3/OneDrive - Georgia Institute of Technology/USGS_GW_data/IN_GW_IV/well_413703087230501_USGS_WELL_P4_AT_PINE_STATION_NP_NEAR_GARY_IN_ALL_IV_72019.csv,well_413703087230501_USGS_WELL_P4_AT_PINE_STATION_NP_NEAR_GARY_IN_ALL_IV_72019.csv
/Users/jjason3/OneDrive - Georgia Institute of Technology/USGS_GW_data/IN_GW_IV/well_403407086175701_CASS_3_CS_3_ALL_IV_72019.csv,well_403407086175701_CASS_3_CS_3_ALL_IV_72019.csv
/Users/jjason3/OneDrive - Georgia Institute of Technology/USGS_GW_data/IN_GW_IV/well_413644087230601_USGS_WELL_P16_AT_PINE_STATION_NP_NEAR_GARY_IN_ALL_IV_72019.csv,well_413644087230601_USGS_WELL_P16_AT_PINE_STATION_NP_NEAR_GARY_IN_ALL_IV_72019.csv
/Users/jjason3/OneDrive - Georgia Institute of Technology/USGS_GW_data/IN_GW_IV/well_383247087361001_KNOX_7_KN_7_ALL_IV_72019.csv,well_383247087361001_KNOX_7_KN_7_ALL_IV_72019.csv
/Users/jjason3/OneDrive - Georgia Institute of Technology/USGS_GW_data/IN_GW_IV/well_413754084540601_STEUBEN_11_SB_11_ALL_IV_72019.csv,well_413754084540601_STEUBEN_11_SB_11_ALL_IV_72019.csv
/Users/jjason3/OneDrive - Georgia Institute of Technology/USGS_GW_data/IN_GW_IV/well_402734087033401_TIPPECANOE_17_TC_17_ALL_IV_72019.csv,well_402734087033401_TIPPECANOE_17_TC_17_ALL_IV_72019.csv
/Users/jjason3/OneDrive - Georgia Institute of Technology/USGS_GW_data/IN_GW_IV/well_393619087043001_PARKE_6_PA_6_ALL_IV_72019.csv,well_393619087043001_PARKE_6_PA_6_ALL_IV_72019.csv
/Users/jjason3/OneDrive - Georgia Institute of Technology/USGS_GW_data/CT_GW_IV/well_414831072173002_CT_MS_80_MANSFIELD_CT_ALL_IV_72019.csv,well_414831072173002_CT_MS_80_MANSFIELD_CT_ALL_IV_72019.csv
/Users/jjason3/OneDrive - Georgia Institute of Technology/USGS_GW_data/CT_GW_IV/well_414240072033201_CT_SC_22_SCOTLAND_ALL_IV_72019.csv,well_414240072033201_CT_SC_22_SCOTLAND_ALL_IV_72019.csv
/Users/jjason3/OneDrive - Georgia Institute of Technology/USGS_GW_data/CT_GW_IV/well_414741072134501_CT_MS_44_MANSFIELD_CT_ALL_IV_72019.csv,well_414741072134501_CT_MS_44_MANSFIELD_CT_ALL_IV_72019.csv
/Users/jjason3/OneDrive - Georgia Institute of Technology/USGS_GW_data/CT_GW_IV/well_412429073165101_CT_NT_15_NEWTOWN_CT_ALL_IV_72019.csv,well_412429073165101_CT_NT_15_NEWTOWN_CT_ALL_IV_72019.csv
/Users/jjason3/OneDrive - Georgia Institute of Technology/USGS_GW_data/CT_GW_IV/well_411832072325501_CT_CL_223_CLINTON_CT_ALL_IV_72019.csv,well_411832072325501_CT_CL_223_CLINTON_CT_ALL_IV_72019.csv
/Users/jjason3/OneDrive - Georgia Institute of Technology/USGS_GW_data/CT_GW_IV/well_412916073121701_CT_SB_42_SOUTHBURY_CT_ALL_IV_72019.csv,well_412916073121701_CT_SB_42_SOUTHBURY_CT_ALL_IV_72019.csv
/Users/jjason3/OneDrive - Georgia Institute of Technology/USGS_GW_data/CT_GW_IV/well_415956073241501_CT_SY_24_SALISBURY_CT_ALL_IV_72019.csv,well_415956073241501_CT_SY_24_SALISBURY_CT_ALL_IV_72019.csv
/Users/jjason3/OneDrive - Georgia Institute of Technology/USGS_GW_data/CT_GW_IV/well_413535072253701_CT_MB_32_MARLBOROUGH_CT_ALL_IV_72019.csv,well_413535072253701_CT_MB_32_MARLBOROUGH_CT_ALL_IV_72019.csv
/Users/jjason3/OneDrive - Georgia Institute of Technology/USGS_GW_data/CT_GW_IV/well_410628073413301_CT_GW_21_GREENWICH_CT_ALL_IV_72019.csv,well_410628073413301_CT_GW_21_GREENWICH_CT_ALL_IV_72019.csv
/Users/jjason3/OneDrive - Georgia Institute of Technology/USGS_GW_data/CT_GW_IV/well_412825072410501_CT_D_117_DURHAM_CT_ALL_IV_72019.csv,well_412825072410501_CT_D_117_DURHAM_CT_ALL_IV_72019.csv
/Users/jjason3/OneDrive - Georgia Institute of Technology/USGS_GW_data/CO_GW_IV/well_385134104550601_SC01406705CBA_NR_WHEELER_SP_ALL_IV_72019.csv,well_385134104550601_SC01406705CBA_NR_WHEELER_SP_ALL_IV_72019.csv
/Users/jjason3/OneDrive - Georgia Institute of Technology/USGS_GW_data/CO_GW_IV/well_385721104501101_SC01206736DCD_USAF_ACADEMY_NEAR_ICE_LAKE_CO_ALL_IV_72019.csv,well_385721104501101_SC01206736DCD_USAF_ACADEMY_NEAR_ICE_LAKE_CO_ALL_IV_72019.csv
/Users/jjason3/OneDrive - Georgia Institute of Technology/USGS_GW_data/CO_GW_IV/well_385201106085801_SC01407806AAB_GW_014_ALL_IV_72019.csv,well_385201106085801_SC01407806AAB_GW_014_ALL_IV_72019.csv
/Users/jjason3/OneDrive - Georgia Institute of Technology/USGS_GW_data/CO_GW_IV/well_383632107560201_NC05001012DD_LGRB_Poly_16_ALL_IV_72019.csv,well_383632107560201_NC05001012DD_LGRB_Poly_16_ALL_IV_72019.csv
/Users/jjason3/OneDrive - Georgia Institute of Technology/USGS_GW_data/CO_GW_IV/well_393227104343401_SC00606408DBB_DAWMAS19_ALL_IV_72019.csv,well_393227104343401_SC00606408DBB_DAWMAS19_ALL_IV_72019.csv
/Users/jjason3/OneDrive - Georgia Institute of Technology/USGS_GW_data/CO_GW_IV/well_384348104232201_SC01506324DAB_QAL14_ALL_IV_72019.csv,well_384348104232201_SC01506324DAB_QAL14_ALL_IV_72019.csv
/Users/jjason3/OneDrive - Georgia Institute of Technology/USGS_GW_data/CO_GW_IV/well_395648105485300_SC00107519DBD_FRASER_VISITOR_CENTER_ALL_IV_72019.csv,well_395648105485300_SC00107519DBD_FRASER_VISITOR_CENTER_ALL_IV_72019.csv
/Users/jjason3/OneDrive - Georgia Institute of Technology/USGS_GW_data/CO_GW_IV/well_391143104482501_SC01006608CA_LDAW_6_ALL_IV_72019.csv,well_391143104482501_SC01006608CA_LDAW_6_ALL_IV_72019.csv
/Users/jjason3/OneDrive - Georgia Institute of Technology/USGS_GW_data/CO_GW_IV/well_405159102444201_SB01004805CCC_NAWQA_22_ALL_IV_72019.csv,well_405159102444201_SB01004805CCC_NAWQA_22_ALL_IV_72019.csv
/Users/jjason3/OneDrive - Georgia Institute of Technology/USGS_GW_data/CO_GW_IV/well_381947108513802_NB04701816ACC_3W3_DEEP_ALL_IV_72019.csv,well_381947108513802_NB04701816ACC_3W3_DEEP_ALL_IV_72019.csv
/Users/jjason3/OneDrive - Georgia Institute of Technology/USGS_GW_data/CO_GW_IV/well_392133104310201_SC00806414AA_UDAW_12_ALL_IV_72019.csv,well_392133104310201_SC00806414AA_UDAW_12_ALL_IV_72019.csv
/Users/jjason3/OneDrive - Georgia Institute of Technology/USGS_GW_data/CO_GW_IV/well_385155104550302_SC01406705BAC_WILLIAMS_CANYON_SHALLOW_ALL_IV_72019.csv,well_385155104550302_SC01406705BAC_WILLIAMS_CANYON_SHALLOW_ALL_IV_72019.csv
/Users/jjason3/OneDrive - Georgia Institute of Technology/USGS_GW_data/CO_GW_IV/well_384824104332601_SC01406428AAC_KA6_ALL_IV_72019.csv,well_384824104332601_SC01406428AAC_KA6_ALL_IV_72019.csv
/Users/jjason3/OneDrive - Georgia Institute of Technology/USGS_GW_data/CO_GW_IV/well_384538106503101_SC01508512CAA_ER1_ALL_IV_72019.csv,well_384538106503101_SC01508512CAA_ER1_ALL_IV_72019.csv
/Users/jjason3/OneDrive - Georgia Institute of Technology/USGS_GW_data/CO_GW_IV/well_385131104544201_SC01406705DB_SEVEN_MINUTE_SPRING_ALL_IV_72019.csv,well_385131104544201_SC01406705DB_SEVEN_MINUTE_SPRING_ALL_IV_72019.csv
/Users/jjason3/OneDrive - Georgia Institute of Technology/USGS_GW_data/CO_GW_IV/well_392235105003001_SC00806809BA_DENV_5_ALL_IV_72019.csv,well_392235105003001_SC00806809BA_DENV_5_ALL_IV_72019.csv
/Users/jjason3/OneDrive - Georgia Institute of Technology/USGS_GW_data/CO_GW_IV/well_384648104454501_SC01506603ABA_TH_22_ALL_IV_72019.csv,well_384648104454501_SC01506603ABA_TH_22_ALL_IV_72019.csv
/Users/jjason3/OneDrive - Georgia Institute of Technology/USGS_GW_data/CO_GW_IV/well_392916104423601_SC00606531BD_UDAW_10_ALL_IV_72019.csv,well_392916104423601_SC00606531BD_UDAW_10_ALL_IV_72019.csv
/Users/jjason3/OneDrive - Georgia Institute of Technology/USGS_GW_data/CO_GW_IV/well_395755108211400_SC00109814ADC1_TH_75_6A_ALL_IV_72019.csv,well_395755108211400_SC00109814ADC1_TH_75_6A_ALL_IV_72019.csv
/Users/jjason3/OneDrive - Georgia Institute of Technology/USGS_GW_data/CO_GW_IV/well_384707104421901_SC01406531DAC_T11_MW001_ALL_IV_72019.csv,well_384707104421901_SC01406531DAC_T11_MW001_ALL_IV_72019.csv
/Users/jjason3/OneDrive - Georgia Institute of Technology/USGS_GW_data/CO_GW_IV/well_382917107483101_LGRB_Poly_29_ALL_IV_72019.csv,well_382917107483101_LGRB_Poly_29_ALL_IV_72019.csv
/Users/jjason3/OneDrive - Georgia Institute of Technology/USGS_GW_data/CO_GW_IV/well_400237104500301_SB00106619BAB_NAWQA_1_ALL_IV_72019.csv,well_400237104500301_SB00106619BAB_NAWQA_1_ALL_IV_72019.csv
/Users/jjason3/OneDrive - Georgia Institute of Technology/USGS_GW_data/CO_GW_IV/well_383705106071601_NA05000806ACA_GW_064_ALL_IV_72019.csv,well_383705106071601_NA05000806ACA_GW_064_ALL_IV_72019.csv
/Users/jjason3/OneDrive - Georgia Institute of Technology/USGS_GW_data/CO_GW_IV/well_402538103242001_SB00505404ADD_NAWQA_14_ALL_IV_72019.csv,well_402538103242001_SB00505404ADD_NAWQA_14_ALL_IV_72019.csv
/Users/jjason3/OneDrive - Georgia Institute of Technology/USGS_GW_data/CO_GW_IV/well_401544103443101_SB00305703BBA_NAWQA_5_ALL_IV_72019.csv,well_401544103443101_SB00305703BBA_NAWQA_5_ALL_IV_72019.csv
/Users/jjason3/OneDrive - Georgia Institute of Technology/USGS_GW_data/CO_GW_IV/well_404450103013501_SB00905123BDD_NAWQA_20_ALL_IV_72019.csv,well_404450103013501_SB00905123BDD_NAWQA_20_ALL_IV_72019.csv
/Users/jjason3/OneDrive - Georgia Institute of Technology/USGS_GW_data/CO_GW_IV/well_384425106512101_SC01508514DCD_ER4_ALL_IV_72019.csv,well_384425106512101_SC01508514DCD_ER4_ALL_IV_72019.csv
/Users/jjason3/OneDrive - Georgia Institute of Technology/USGS_GW_data/CO_GW_IV/well_390129104344401_SC01206408ABC_TDW33_ALL_IV_72019.csv,well_390129104344401_SC01206408ABC_TDW33_ALL_IV_72019.csv
/Users/jjason3/OneDrive - Georgia Institute of Technology/USGS_GW_data/CO_GW_IV/well_403426103200401_SB00705317BCB1_NAWQA_17_ALL_IV_72019.csv,well_403426103200401_SB00705317BCB1_NAWQA_17_ALL_IV_72019.csv
/Users/jjason3/OneDrive - Georgia Institute of Technology/USGS_GW_data/CO_GW_IV/well_405039102485601_SB01004915BCC_NAWQA_21_ALL_IV_72019.csv,well_405039102485601_SB01004915BCC_NAWQA_21_ALL_IV_72019.csv
/Users/jjason3/OneDrive - Georgia Institute of Technology/USGS_GW_data/CO_GW_IV/well_393350104151701_SC00606106AA_DENV_12_ALL_IV_72019.csv,well_393350104151701_SC00606106AA_DENV_12_ALL_IV_72019.csv
/Users/jjason3/OneDrive - Georgia Institute of Technology/USGS_GW_data/CO_GW_IV/well_401440103373201_SB00305610ACD_NAWQA_3_ALL_IV_72019.csv,well_401440103373201_SB00305610ACD_NAWQA_3_ALL_IV_72019.csv
/Users/jjason3/OneDrive - Georgia Institute of Technology/USGS_GW_data/CO_GW_IV/well_383334106555400_NB05000135DDD_VULCAN_ALL_IV_72019.csv,well_383334106555400_NB05000135DDD_VULCAN_ALL_IV_72019.csv
/Users/jjason3/OneDrive - Georgia Institute of Technology/USGS_GW_data/CO_GW_IV/well_384356106510801_SC01508523DAB_ER5_ALL_IV_72019.csv,well_384356106510801_SC01508523DAB_ER5_ALL_IV_72019.csv
/Users/jjason3/OneDrive - Georgia Institute of Technology/USGS_GW_data/CO_GW_IV/well_384348104232901_SC01506324DBA2_KLF5_ALL_IV_72019.csv,well_384348104232901_SC01506324DBA2_KLF5_ALL_IV_72019.csv
/Users/jjason3/OneDrive - Georgia Institute of Technology/USGS_GW_data/CO_GW_IV/well_404320103053801_SB00905130DAA_NAWQA_19_ALL_IV_72019.csv,well_404320103053801_SB00905130DAA_NAWQA_19_ALL_IV_72019.csv
/Users/jjason3/OneDrive - Georgia Institute of Technology/USGS_GW_data/CO_GW_IV/well_402104104404501_SB00506532DDB_NAWQA_11_ALL_IV_72019.csv,well_402104104404501_SB00506532DDB_NAWQA_11_ALL_IV_72019.csv
/Users/jjason3/OneDrive - Georgia Institute of Technology/USGS_GW_data/CO_GW_IV/well_385124104554201_SC01406706DCA_NR_IRON_SP_ALL_IV_72019.csv,well_385124104554201_SC01406706DCA_NR_IRON_SP_ALL_IV_72019.csv
/Users/jjason3/OneDrive - Georgia Institute of Technology/USGS_GW_data/CO_GW_IV/well_383207106043901_NA04900803BBA_GW_120_ALL_IV_72019.csv,well_383207106043901_NA04900803BBA_GW_120_ALL_IV_72019.csv
/Users/jjason3/OneDrive - Georgia Institute of Technology/USGS_GW_data/CO_GW_IV/well_385807104485001_SC01206731AAA_USAF_ACADEMY_AIRFIELD_DR_CO_ALL_IV_72019.csv,well_385807104485001_SC01206731AAA_USAF_ACADEMY_AIRFIELD_DR_CO_ALL_IV_72019.csv
/Users/jjason3/OneDrive - Georgia Institute of Technology/USGS_GW_data/CO_GW_IV/well_401702103483901_SB00405825ADD_NAWQA_6_ALL_IV_72019.csv,well_401702103483901_SB00405825ADD_NAWQA_6_ALL_IV_72019.csv
/Users/jjason3/OneDrive - Georgia Institute of Technology/USGS_GW_data/CO_GW_IV/well_384949104424501_SC01406518CAA_MW_1_1_ALL_IV_72019.csv,well_384949104424501_SC01406518CAA_MW_1_1_ALL_IV_72019.csv
/Users/jjason3/OneDrive - Georgia Institute of Technology/USGS_GW_data/CO_GW_IV/well_392934104414901_SC00606532BB_UDAW_4_ALL_IV_72019.csv,well_392934104414901_SC00606532BB_UDAW_4_ALL_IV_72019.csv
/Users/jjason3/OneDrive - Georgia Institute of Technology/USGS_GW_data/CO_GW_IV/well_375531105255201_SC02407227CDD_ALL_IV_72019.csv,well_375531105255201_SC02407227CDD_ALL_IV_72019.csv
/Users/jjason3/OneDrive - Georgia Institute of Technology/USGS_GW_data/CO_GW_IV/well_381947108513801_NB04701816ACC_3W3_SHALLOW_ALL_IV_72019.csv,well_381947108513801_NB04701816ACC_3W3_SHALLOW_ALL_IV_72019.csv
/Users/jjason3/OneDrive - Georgia Institute of Technology/USGS_GW_data/CO_GW_IV/well_392616103591001_SC00705915CA_LARA_3_ALL_IV_72019.csv,well_392616103591001_SC00705915CA_LARA_3_ALL_IV_72019.csv
/Users/jjason3/OneDrive - Georgia Institute of Technology/USGS_GW_data/CO_GW_IV/well_390010104385101_SC01206515DAC_TDW17_ALL_IV_72019.csv,well_390010104385101_SC01206515DAC_TDW17_ALL_IV_72019.csv
/Users/jjason3/OneDrive - Georgia Institute of Technology/USGS_GW_data/CO_GW_IV/well_381132105355301_NA04601236DAB_ALL_IV_72019.csv,well_381132105355301_NA04601236DAB_ALL_IV_72019.csv
/Users/jjason3/OneDrive - Georgia Institute of Technology/USGS_GW_data/CO_GW_IV/well_381937108514601_NB04701816CAA_LOWER_POND_DP_ALL_IV_72019.csv,well_381937108514601_NB04701816CAA_LOWER_POND_DP_ALL_IV_72019.csv
/Users/jjason3/OneDrive - Georgia Institute of Technology/USGS_GW_data/CO_GW_IV/well_385818104525901_SC01206727CCA_USAF_ACADEMY_NR_W_MONUMENT_CR_RD_CO_ALL_IV_72019.csv,well_385818104525901_SC01206727CCA_USAF_ACADEMY_NR_W_MONUMENT_CR_RD_CO_ALL_IV_72019.csv
/Users/jjason3/OneDrive - Georgia Institute of Technology/USGS_GW_data/CO_GW_IV/well_404106103082201_SB00805201CCD_NAWQA_18_ALL_IV_72019.csv,well_404106103082201_SB00805201CCD_NAWQA_18_ALL_IV_72019.csv
/Users/jjason3/OneDrive - Georgia Institute of Technology/USGS_GW_data/CO_GW_IV/well_385132104551001_SC01406705CBA_STRATTON_SPRING_ALL_IV_72019.csv,well_385132104551001_SC01406705CBA_STRATTON_SPRING_ALL_IV_72019.csv
/Users/jjason3/OneDrive - Georgia Institute of Technology/USGS_GW_data/CO_GW_IV/well_391929104574101_SC00806826DA_DENV_2_ALL_IV_72019.csv,well_391929104574101_SC00806826DA_DENV_2_ALL_IV_72019.csv
/Users/jjason3/OneDrive - Georgia Institute of Technology/USGS_GW_data/CO_GW_IV/well_402213104015501_SB00505930CBA_NAWQA_13_ALL_IV_72019.csv,well_402213104015501_SB00505930CBA_NAWQA_13_ALL_IV_72019.csv
/Users/jjason3/OneDrive - Georgia Institute of Technology/USGS_GW_data/CO_GW_IV/well_405658102231201_SB01104509CCC_NAWQA_23_ALL_IV_72019.csv,well_405658102231201_SB01104509CCC_NAWQA_23_ALL_IV_72019.csv
/Users/jjason3/OneDrive - Georgia Institute of Technology/USGS_GW_data/CO_GW_IV/well_400711104481801_SB00206620CCA_NAWQA_2_ALL_IV_72019.csv,well_400711104481801_SB00206620CCA_NAWQA_2_ALL_IV_72019.csv
/Users/jjason3/OneDrive - Georgia Institute of Technology/USGS_GW_data/CO_GW_IV/well_402955103163501_SB00605311CCC_NAWQA_16_ALL_IV_72019.csv,well_402955103163501_SB00605311CCC_NAWQA_16_ALL_IV_72019.csv
/Users/jjason3/OneDrive - Georgia Institute of Technology/USGS_GW_data/CO_GW_IV/well_393040105003201_SC00606821CD_DENV_6_ALL_IV_72019.csv,well_393040105003201_SC00606821CD_DENV_6_ALL_IV_72019.csv
/Users/jjason3/OneDrive - Georgia Institute of Technology/USGS_GW_data/CO_GW_IV/well_385435107014201_SC01308620DBB_OBJ1_D_ALL_IV_72019.csv,well_385435107014201_SC01308620DBB_OBJ1_D_ALL_IV_72019.csv
/Users/jjason3/OneDrive - Georgia Institute of Technology/USGS_GW_data/CO_GW_IV/well_393226104394401_SC00606509DD_UDAW_9_ALL_IV_72019.csv,well_393226104394401_SC00606509DD_UDAW_9_ALL_IV_72019.csv
/Users/jjason3/OneDrive - Georgia Institute of Technology/USGS_GW_data/CO_GW_IV/well_381814105374301_NA04701222CDC_ALL_IV_72019.csv,well_381814105374301_NA04701222CDC_ALL_IV_72019.csv
/Users/jjason3/OneDrive - Georgia Institute of Technology/USGS_GW_data/CO_GW_IV/well_380714105273801_SC02207220CAD_ALL_IV_72019.csv,well_380714105273801_SC02207220CAD_ALL_IV_72019.csv
/Users/jjason3/OneDrive - Georgia Institute of Technology/USGS_GW_data/CO_GW_IV/well_385128104544701_SC01406705DBC_MANSIONS_SPRING_ALL_IV_72019.csv,well_385128104544701_SC01406705DBC_MANSIONS_SPRING_ALL_IV_72019.csv
/Users/jjason3/OneDrive - Georgia Institute of Technology/USGS_GW_data/CO_GW_IV/well_385208104324401_SC01306434CDD_TKD7_ALL_IV_72019.csv,well_385208104324401_SC01306434CDD_TKD7_ALL_IV_72019.csv
/Users/jjason3/OneDrive - Georgia Institute of Technology/USGS_GW_data/CO_GW_IV/well_385827104525201_SC01206727CAC_USAF_ACA_RD_601_NR_W_MONUMENT_CK_CO_ALL_IV_72019.csv,well_385827104525201_SC01206727CAC_USAF_ACA_RD_601_NR_W_MONUMENT_CK_CO_ALL_IV_72019.csv
/Users/jjason3/OneDrive - Georgia Institute of Technology/USGS_GW_data/CO_GW_IV/well_395605105473100_SC001017528BCB_GRAND_COUNTY_FIRE_STATION_ALL_IV_72019.csv,well_395605105473100_SC001017528BCB_GRAND_COUNTY_FIRE_STATION_ALL_IV_72019.csv
/Users/jjason3/OneDrive - Georgia Institute of Technology/USGS_GW_data/CO_GW_IV/well_381333105364801_NA04601223BAD_ALL_IV_72019.csv,well_381333105364801_NA04601223BAD_ALL_IV_72019.csv
/Users/jjason3/OneDrive - Georgia Institute of Technology/USGS_GW_data/CO_GW_IV/well_383631106052401_NA05000804CDD_GW_066_ALL_IV_72019.csv,well_383631106052401_NA05000804CDD_GW_066_ALL_IV_72019.csv
/Users/jjason3/OneDrive - Georgia Institute of Technology/USGS_GW_data/CO_GW_IV/well_381409105343401_SC02107307DDD_ALL_IV_72019.csv,well_381409105343401_SC02107307DDD_ALL_IV_72019.csv
/Users/jjason3/OneDrive - Georgia Institute of Technology/USGS_GW_data/CO_GW_IV/well_392149104415501_SC00806517BB_UDAW_5_ALL_IV_72019.csv,well_392149104415501_SC00806517BB_UDAW_5_ALL_IV_72019.csv
/Users/jjason3/OneDrive - Georgia Institute of Technology/USGS_GW_data/CO_GW_IV/well_393253104484401_SC00606509BB_GDAW1C_ALL_IV_72019.csv,well_393253104484401_SC00606509BB_GDAW1C_ALL_IV_72019.csv
/Users/jjason3/OneDrive - Georgia Institute of Technology/USGS_GW_data/CO_GW_IV/well_382947107465801_LGRB_Poly_30_ALL_IV_72019.csv,well_382947107465801_LGRB_Poly_30_ALL_IV_72019.csv
/Users/jjason3/OneDrive - Georgia Institute of Technology/USGS_GW_data/CO_GW_IV/well_381947108514701_NB04701816BDA_UPPER_POND_DP_ALL_IV_72019.csv,well_381947108514701_NB04701816BDA_UPPER_POND_DP_ALL_IV_72019.csv
/Users/jjason3/OneDrive - Georgia Institute of Technology/USGS_GW_data/CO_GW_IV/well_383626107581501_LGRB_Poly_1_ALL_IV_72019.csv,well_383626107581501_LGRB_Poly_1_ALL_IV_72019.csv
/Users/jjason3/OneDrive - Georgia Institute of Technology/USGS_GW_data/CO_GW_IV/well_385732104204501_SC01206233CBD_TKD27_ALL_IV_72019.csv,well_385732104204501_SC01206233CBD_TKD27_ALL_IV_72019.csv
/Users/jjason3/OneDrive - Georgia Institute of Technology/USGS_GW_data/CO_GW_IV/well_384542106515101_SC01508511CBA_ER2_ALL_IV_72019.csv,well_384542106515101_SC01508511CBA_ER2_ALL_IV_72019.csv
/Users/jjason3/OneDrive - Georgia Institute of Technology/USGS_GW_data/CO_GW_IV/well_384240108000701_LGRB_Poly_4_ALL_IV_72019.csv,well_384240108000701_LGRB_Poly_4_ALL_IV_72019.csv
/Users/jjason3/OneDrive - Georgia Institute of Technology/USGS_GW_data/CO_GW_IV/well_391229104421901_SC01006506DB_UDAW_1_ALL_IV_72019.csv,well_391229104421901_SC01006506DB_UDAW_1_ALL_IV_72019.csv
/Users/jjason3/OneDrive - Georgia Institute of Technology/USGS_GW_data/CO_GW_IV/well_385109106565701_SC01408612ACD_BRUSH_CREEK_ROAD_WELL_ALL_IV_72019.csv,well_385109106565701_SC01408612ACD_BRUSH_CREEK_ROAD_WELL_ALL_IV_72019.csv
/Users/jjason3/OneDrive - Georgia Institute of Technology/USGS_GW_data/CO_GW_IV/well_391829104385301_SC00806534DA_LDAW_15_ALL_IV_72019.csv,well_391829104385301_SC00806534DA_LDAW_15_ALL_IV_72019.csv
/Users/jjason3/OneDrive - Georgia Institute of Technology/USGS_GW_data/CO_GW_IV/well_390756104453801_SC01006634DD_LDAW_2_ALL_IV_72019.csv,well_390756104453801_SC01006634DD_LDAW_2_ALL_IV_72019.csv
/Users/jjason3/OneDrive - Georgia Institute of Technology/USGS_GW_data/CO_GW_IV/well_383232106554700_NB04900101BCB_RODEO_GROUNDS_ALL_IV_72019.csv,well_383232106554700_NB04900101BCB_RODEO_GROUNDS_ALL_IV_72019.csv
/Users/jjason3/OneDrive - Georgia Institute of Technology/USGS_GW_data/CO_GW_IV/well_383051107525501_LGRB_Poly_21_ALL_IV_72019.csv,well_383051107525501_LGRB_Poly_21_ALL_IV_72019.csv
/Users/jjason3/OneDrive - Georgia Institute of Technology/USGS_GW_data/CO_GW_IV/well_393902103554001_SC00505806BBD1_DTX10A_MUDDY_CREEK_ALL_IV_72019.csv,well_393902103554001_SC00505806BBD1_DTX10A_MUDDY_CREEK_ALL_IV_72019.csv
/Users/jjason3/OneDrive - Georgia Institute of Technology/USGS_GW_data/CO_GW_IV/well_382656107500701_NC04800902BB_LGRB_Poly_26_ALL_IV_72019.csv,well_382656107500701_NC04800902BB_LGRB_Poly_26_ALL_IV_72019.csv
/Users/jjason3/OneDrive - Georgia Institute of Technology/USGS_GW_data/CO_GW_IV/well_393259104491001_SC00606607ABCA_GRNDAW4_ALL_IV_72019.csv,well_393259104491001_SC00606607ABCA_GRNDAW4_ALL_IV_72019.csv
/Users/jjason3/OneDrive - Georgia Institute of Technology/USGS_GW_data/CO_GW_IV/well_383315107525201_NC05000933DB_LGRB_Poly_20_ALL_IV_72019.csv,well_383315107525201_NC05000933DB_LGRB_Poly_20_ALL_IV_72019.csv
/Users/jjason3/OneDrive - Georgia Institute of Technology/USGS_GW_data/CO_GW_IV/well_402658104400001_SB00606533ABD1_NAWQA_15_ALL_IV_72019.csv,well_402658104400001_SB00606533ABD1_NAWQA_15_ALL_IV_72019.csv
/Users/jjason3/OneDrive - Georgia Institute of Technology/USGS_GW_data/CO_GW_IV/well_405801102284501_SB01104603BBC_NAWQA_24_ALL_IV_72019.csv,well_405801102284501_SB01104603BBC_NAWQA_24_ALL_IV_72019.csv
/Users/jjason3/OneDrive - Georgia Institute of Technology/USGS_GW_data/CO_GW_IV/well_391654104464501_SC00906609DA_LDAW_7_ALL_IV_72019.csv,well_391654104464501_SC00906609DA_LDAW_7_ALL_IV_72019.csv
/Users/jjason3/OneDrive - Georgia Institute of Technology/USGS_GW_data/CO_GW_IV/well_374012105410401_NA04001232BAA_RG42_ALL_IV_72019.csv,well_374012105410401_NA04001232BAA_RG42_ALL_IV_72019.csv
/Users/jjason3/OneDrive - Georgia Institute of Technology/USGS_GW_data/CO_GW_IV/well_384322106095401_SC01507925AAA_GW_043_ALL_IV_72019.csv,well_384322106095401_SC01507925AAA_GW_043_ALL_IV_72019.csv
/Users/jjason3/OneDrive - Georgia Institute of Technology/USGS_GW_data/CO_GW_IV/well_390900106191901_SC01008027CAB_GW_005_ALL_IV_72019.csv,well_390900106191901_SC01008027CAB_GW_005_ALL_IV_72019.csv
/Users/jjason3/OneDrive - Georgia Institute of Technology/USGS_GW_data/CO_GW_IV/well_380445105324301_SC02307304DAD_ALL_IV_72019.csv,well_380445105324301_SC02307304DAD_ALL_IV_72019.csv
/Users/jjason3/OneDrive - Georgia Institute of Technology/USGS_GW_data/CO_GW_IV/well_402150103322801_SB00505528CCC_NAWQA_12_ALL_IV_72019.csv,well_402150103322801_SB00505528CCC_NAWQA_12_ALL_IV_72019.csv
/Users/jjason3/OneDrive - Georgia Institute of Technology/USGS_GW_data/CO_GW_IV/well_390148104285401_SC01206306DDB_TDW21_ALL_IV_72019.csv,well_390148104285401_SC01206306DDB_TDW21_ALL_IV_72019.csv
/Users/jjason3/OneDrive - Georgia Institute of Technology/USGS_GW_data/CO_GW_IV/well_395136108210004_SC00209824CBB4_TH75_13U_ALL_IV_72019.csv,well_395136108210004_SC00209824CBB4_TH75_13U_ALL_IV_72019.csv
/Users/jjason3/OneDrive - Georgia Institute of Technology/USGS_GW_data/CO_GW_IV/well_385821104194601_SC01206227CBC_TKD24_ALL_IV_72019.csv,well_385821104194601_SC01206227CBC_TKD24_ALL_IV_72019.csv
/Users/jjason3/OneDrive - Georgia Institute of Technology/USGS_GW_data/CO_GW_IV/well_383844107572801_NC05101035BD_LGRB_Poly_8_ALL_IV_72019.csv,well_383844107572801_NC05101035BD_LGRB_Poly_8_ALL_IV_72019.csv
/Users/jjason3/OneDrive - Georgia Institute of Technology/USGS_GW_data/CO_GW_IV/well_382323104200701_SC01906221AAA_DROUGHT_WELL_NEAR_PUEBLO_CO_ALL_IV_72019.csv,well_382323104200701_SC01906221AAA_DROUGHT_WELL_NEAR_PUEBLO_CO_ALL_IV_72019.csv
/Users/jjason3/OneDrive - Georgia Institute of Technology/USGS_GW_data/CO_GW_IV/well_385727104225101_SC01206231CDB_QAL11_ALL_IV_72019.csv,well_385727104225101_SC01206231CDB_QAL11_ALL_IV_72019.csv
/Users/jjason3/OneDrive - Georgia Institute of Technology/USGS_GW_data/CO_GW_IV/well_393252104492101_SC00606607BDAB_GRNDEV3_ALL_IV_72019.csv,well_393252104492101_SC00606607BDAB_GRNDEV3_ALL_IV_72019.csv
/Users/jjason3/OneDrive - Georgia Institute of Technology/USGS_GW_data/CO_GW_IV/well_384540106513001_SC01508511DBB_ER3_ALL_IV_72019.csv,well_384540106513001_SC01508511DBB_ER3_ALL_IV_72019.csv
/Users/jjason3/OneDrive - Georgia Institute of Technology/USGS_GW_data/CO_GW_IV/well_383320106555401_SC05000135AAD_ALL_IV_72019.csv,well_383320106555401_SC05000135AAD_ALL_IV_72019.csv
/Users/jjason3/OneDrive - Georgia Institute of Technology/USGS_GW_data/CO_GW_IV/well_385858104335701_SC01206428BAB1_KA45_ALL_IV_72019.csv,well_385858104335701_SC01206428BAB1_KA45_ALL_IV_72019.csv
/Users/jjason3/OneDrive - Georgia Institute of Technology/USGS_GW_data/CO_GW_IV/well_384745104413601_SC01406529CDD_PAFB07MW03_ALL_IV_72019.csv,well_384745104413601_SC01406529CDD_PAFB07MW03_ALL_IV_72019.csv
/Users/jjason3/OneDrive - Georgia Institute of Technology/USGS_GW_data/CO_GW_IV/well_380732105304701_SC02207323ACC_ALL_IV_72019.csv,well_380732105304701_SC02207323ACC_ALL_IV_72019.csv
/Users/jjason3/OneDrive - Georgia Institute of Technology/USGS_GW_data/CO_GW_IV/well_390740103055801_SC01105103BAA1_LKWD_RT_WELL_ALL_IV_72019.csv,well_390740103055801_SC01105103BAA1_LKWD_RT_WELL_ALL_IV_72019.csv
/Users/jjason3/OneDrive - Georgia Institute of Technology/USGS_GW_data/CO_GW_IV/well_395136108210000_SC00209824CBB_TH_75_13A_C2_98_24_CBB2_ALL_IV_72019.csv,well_395136108210000_SC00209824CBB_TH_75_13A_C2_98_24_CBB2_ALL_IV_72019.csv
/Users/jjason3/OneDrive - Georgia Institute of Technology/USGS_GW_data/CO_GW_IV/well_380652105341801_SC02207329BDA_ALL_IV_72019.csv,well_380652105341801_SC02207329BDA_ALL_IV_72019.csv
/Users/jjason3/OneDrive - Georgia Institute of Technology/USGS_GW_data/CO_GW_IV/well_391656104473001_SC00906609CB_DENV_1_ALL_IV_72019.csv,well_391656104473001_SC00906609CB_DENV_1_ALL_IV_72019.csv
/Users/jjason3/OneDrive - Georgia Institute of Technology/USGS_GW_data/CO_GW_IV/well_385858104335702_SC01206428BAB2_KLF44_ALL_IV_72019.csv,well_385858104335702_SC01206428BAB2_KLF44_ALL_IV_72019.csv
/Users/jjason3/OneDrive - Georgia Institute of Technology/USGS_GW_data/CO_GW_IV/well_384933106064301_SC01407816DDC_GW_026_ALL_IV_72019.csv,well_384933106064301_SC01407816DDC_GW_026_ALL_IV_72019.csv
/Users/jjason3/OneDrive - Georgia Institute of Technology/USGS_GW_data/CO_GW_IV/well_395136108210001_SC00209824CBB_TH_75_13B_ALL_IV_72019.csv,well_395136108210001_SC00209824CBB_TH_75_13B_ALL_IV_72019.csv
/Users/jjason3/OneDrive - Georgia Institute of Technology/USGS_GW_data/CO_GW_IV/well_384110107591801_LGRB_Poly_3_ALL_IV_72019.csv,well_384110107591801_LGRB_Poly_3_ALL_IV_72019.csv
/Users/jjason3/OneDrive - Georgia Institute of Technology/USGS_GW_data/CO_GW_IV/well_392412104434201_SC00706636AC_UDAW_3_ALL_IV_72019.csv,well_392412104434201_SC00706636AC_UDAW_3_ALL_IV_72019.csv
/Users/jjason3/OneDrive - Georgia Institute of Technology/USGS_GW_data/CO_GW_IV/well_382427107491401_LGRB_Poly_25_ALL_IV_72019.csv,well_382427107491401_LGRB_Poly_25_ALL_IV_72019.csv
/Users/jjason3/OneDrive - Georgia Institute of Technology/USGS_GW_data/CO_GW_IV/well_392058104364401_SC00806513DC_LDAW_12_ALL_IV_72019.csv,well_392058104364401_SC00806513DC_LDAW_12_ALL_IV_72019.csv
/Users/jjason3/OneDrive - Georgia Institute of Technology/USGS_GW_data/CO_GW_IV/well_385900104494501_SC01206630BBB_USAF_ACADEMY_NR_MONUMENT_CREEK_2_CO_ALL_IV_72019.csv,well_385900104494501_SC01206630BBB_USAF_ACADEMY_NR_MONUMENT_CREEK_2_CO_ALL_IV_72019.csv
/Users/jjason3/OneDrive - Georgia Institute of Technology/USGS_GW_data/CO_GW_IV/well_395755108211401_SC00109814ADC2_TH_75_6B_C1_98_14_ADC2_ALL_IV_72019.csv,well_395755108211401_SC00109814ADC2_TH_75_6B_C1_98_14_ADC2_ALL_IV_72019.csv
/Users/jjason3/OneDrive - Georgia Institute of Technology/USGS_GW_data/MT_GW_IV/well_453107106110601_04S45E04BDDB01_Otter_ALL_IV_72019.csv,well_453107106110601_04S45E04BDDB01_Otter_ALL_IV_72019.csv
/Users/jjason3/OneDrive - Georgia Institute of Technology/USGS_GW_data/MT_GW_IV/well_451746106301101_06S43E19DDBA02_Birney_ALL_IV_72019.csv,well_451746106301101_06S43E19DDBA02_Birney_ALL_IV_72019.csv
/Users/jjason3/OneDrive - Georgia Institute of Technology/USGS_GW_data/MT_GW_IV/well_452416106413001_05S41E17ADBD01_NC02_3_ALL_IV_72019.csv,well_452416106413001_05S41E17ADBD01_NC02_3_ALL_IV_72019.csv
/Users/jjason3/OneDrive - Georgia Institute of Technology/USGS_GW_data/MT_GW_IV/well_455024107355601_01N33E15ABAB01_Hardin_ALL_IV_72019.csv,well_455024107355601_01N33E15ABAB01_Hardin_ALL_IV_72019.csv
/Users/jjason3/OneDrive - Georgia Institute of Technology/USGS_GW_data/MT_GW_IV/well_454302108392001_01S25E28CBAC01_WAG_06_ALL_IV_72019.csv,well_454302108392001_01S25E28CBAC01_WAG_06_ALL_IV_72019.csv
/Users/jjason3/OneDrive - Georgia Institute of Technology/USGS_GW_data/MT_GW_IV/well_450524112380701_08S08W31CCAA01_Matador_ALL_IV_72019.csv,well_450524112380701_08S08W31CCAA01_Matador_ALL_IV_72019.csv
/Users/jjason3/OneDrive - Georgia Institute of Technology/USGS_GW_data/MT_GW_IV/well_454149108415401_02S25E06BBBB01_KNF_MDT6_ALL_IV_72019.csv,well_454149108415401_02S25E06BBBB01_KNF_MDT6_ALL_IV_72019.csv
/Users/jjason3/OneDrive - Georgia Institute of Technology/USGS_GW_data/MT_GW_IV/well_480550113585001_27N19W14CCAD01_Swan_4_ALL_IV_72019.csv,well_480550113585001_27N19W14CCAD01_Swan_4_ALL_IV_72019.csv
/Users/jjason3/OneDrive - Georgia Institute of Technology/USGS_GW_data/MT_GW_IV/well_481558104492301_29N53E15CBBB01_MBMG85_10A_ALL_IV_72019.csv,well_481558104492301_29N53E15CBBB01_MBMG85_10A_ALL_IV_72019.csv
/Users/jjason3/OneDrive - Georgia Institute of Technology/USGS_GW_data/MT_GW_IV/well_471740114051301_18N20W25BADD01_Johnson_MW6_ALL_IV_72019.csv,well_471740114051301_18N20W25BADD01_Johnson_MW6_ALL_IV_72019.csv
/Users/jjason3/OneDrive - Georgia Institute of Technology/USGS_GW_data/MT_GW_IV/well_453136112420301_03S09W34CDDA01_Streambank_well_at_station_06025500_ALL_IV_72019.csv,well_453136112420301_03S09W34CDDA01_Streambank_well_at_station_06025500_ALL_IV_72019.csv
/Users/jjason3/OneDrive - Georgia Institute of Technology/USGS_GW_data/MT_GW_IV/well_480736106200201_27N42E05BCAA01_PC_MW_ALL_IV_72019.csv,well_480736106200201_27N42E05BCAA01_PC_MW_ALL_IV_72019.csv
/Users/jjason3/OneDrive - Georgia Institute of Technology/USGS_GW_data/MT_GW_IV/well_481357104475701_29N53E26CCAC01_FH_MW_ALL_IV_72019.csv,well_481357104475701_29N53E26CCAC01_FH_MW_ALL_IV_72019.csv
/Users/jjason3/OneDrive - Georgia Institute of Technology/USGS_GW_data/MT_GW_IV/well_481713105052804_29N51E09ABBA04_USGS93_1_ALL_IV_72019.csv,well_481713105052804_29N51E09ABBA04_USGS93_1_ALL_IV_72019.csv
/Users/jjason3/OneDrive - Georgia Institute of Technology/USGS_GW_data/MT_GW_IV/well_455313113093401_02N13W36ABBB02_SPORTSMAN_ALL_IV_72019.csv,well_455313113093401_02N13W36ABBB02_SPORTSMAN_ALL_IV_72019.csv
/Users/jjason3/OneDrive - Georgia Institute of Technology/USGS_GW_data/MT_GW_IV/well_455016107360402_01N33E15ABCC02_Tunnicliff_ALL_IV_72019.csv,well_455016107360402_01N33E15ABCC02_Tunnicliff_ALL_IV_72019.csv
/Users/jjason3/OneDrive - Georgia Institute of Technology/USGS_GW_data/MT_GW_IV/well_480728105243901_27N49E05ADAB01_TC_MW_ALL_IV_72019.csv,well_480728105243901_27N49E05ADAB01_TC_MW_ALL_IV_72019.csv
/Users/jjason3/OneDrive - Georgia Institute of Technology/USGS_GW_data/MT_GW_IV/well_475209115241901_24N30W02ACDC01_GW_G1_ALL_IV_72019.csv,well_475209115241901_24N30W02ACDC01_GW_G1_ALL_IV_72019.csv
/Users/jjason3/OneDrive - Georgia Institute of Technology/USGS_GW_data/MT_GW_IV/well_471729114052201_18N20W25BDCD02_JHN_MW13_ALL_IV_72019.csv,well_471729114052201_18N20W25BDCD02_JHN_MW13_ALL_IV_72019.csv
/Users/jjason3/OneDrive - Georgia Institute of Technology/USGS_GW_data/MT_GW_IV/well_484623108252201_35N25E23CDDD01_Kimmel_ALL_IV_72019.csv,well_484623108252201_35N25E23CDDD01_Kimmel_ALL_IV_72019.csv
/Users/jjason3/OneDrive - Georgia Institute of Technology/USGS_GW_data/MT_GW_IV/well_470709106061401_16N44E25BBAC01_Van_Norman_ALL_IV_72019.csv,well_470709106061401_16N44E25BBAC01_Van_Norman_ALL_IV_72019.csv
/Users/jjason3/OneDrive - Georgia Institute of Technology/USGS_GW_data/MT_GW_IV/well_480034105195401_26N49E13ACAB01_Wolf_Point_ALL_IV_72019.csv,well_480034105195401_26N49E13ACAB01_Wolf_Point_ALL_IV_72019.csv
/Users/jjason3/OneDrive - Georgia Institute of Technology/USGS_GW_data/MT_GW_IV/well_471735114052701_18N20W25BDBC01_JHN_MW11_ALL_IV_72019.csv,well_471735114052701_18N20W25BDBC01_JHN_MW11_ALL_IV_72019.csv
/Users/jjason3/OneDrive - Georgia Institute of Technology/USGS_GW_data/MT_GW_IV/well_471736114052601_18N20W25BDBB01_JHN_MW15_ALL_IV_72019.csv,well_471736114052601_18N20W25BDBB01_JHN_MW15_ALL_IV_72019.csv
/Users/jjason3/OneDrive - Georgia Institute of Technology/USGS_GW_data/MT_GW_IV/well_484047112353301_34N08W25ABCB01_CBC1_ALL_IV_72019.csv,well_484047112353301_34N08W25ABCB01_CBC1_ALL_IV_72019.csv
/Users/jjason3/OneDrive - Georgia Institute of Technology/USGS_GW_data/MT_GW_IV/well_480746105080104_28N51E33DDCC04_USGS93_4B_ALL_IV_72019.csv,well_480746105080104_28N51E33DDCC04_USGS93_4B_ALL_IV_72019.csv
/Users/jjason3/OneDrive - Georgia Institute of Technology/USGS_GW_data/MT_GW_IV/well_460005112391901_02N08W24DDDB01_SIL_02_P2_ALL_IV_72019.csv,well_460005112391901_02N08W24DDDB01_SIL_02_P2_ALL_IV_72019.csv
/Users/jjason3/OneDrive - Georgia Institute of Technology/USGS_GW_data/MT_GW_IV/well_483148106281601_32N40E13CBAA01_MID_01_ALL_IV_72019.csv,well_483148106281601_32N40E13CBAA01_MID_01_ALL_IV_72019.csv
/Users/jjason3/OneDrive - Georgia Institute of Technology/USGS_GW_data/MT_GW_IV/well_480621115244901_27N30W13BCAD01_Libby_ALL_IV_72019.csv,well_480621115244901_27N30W13BCAD01_Libby_ALL_IV_72019.csv
/Users/jjason3/OneDrive - Georgia Institute of Technology/USGS_GW_data/MT_GW_IV/well_472203111112602_19N04E26CACC02_Chartier_ALL_IV_72019.csv,well_472203111112602_19N04E26CACC02_Chartier_ALL_IV_72019.csv
/Users/jjason3/OneDrive - Georgia Institute of Technology/USGS_GW_data/MT_GW_IV/well_454043110005101_02S06E08BDCD01_BZN_03_ALL_IV_72019.csv,well_454043110005101_02S06E08BDCD01_BZN_03_ALL_IV_72019.csv
/Users/jjason3/OneDrive - Georgia Institute of Technology/USGS_GW_data/MT_GW_IV/well_480844104382601_28N55E29CDAB01_FK_01_ALL_IV_72019.csv,well_480844104382601_28N55E29CDAB01_FK_01_ALL_IV_72019.csv
/Users/jjason3/OneDrive - Georgia Institute of Technology/USGS_GW_data/MT_GW_IV/well_453910106172601_02S44E22BCAA01_NCRP_10B_ALL_IV_72019.csv,well_453910106172601_02S44E22BCAA01_NCRP_10B_ALL_IV_72019.csv
/Users/jjason3/OneDrive - Georgia Institute of Technology/USGS_GW_data/MT_GW_IV/well_462148114062801_07N20W16CABB01_TUC_05_ALL_IV_72019.csv,well_462148114062801_07N20W16CABB01_TUC_05_ALL_IV_72019.csv
/Users/jjason3/OneDrive - Georgia Institute of Technology/USGS_GW_data/MT_GW_IV/well_483320109451101_32N15E02CCDB01_TLM_ALL_IV_72019.csv,well_483320109451101_32N15E02CCDB01_TLM_ALL_IV_72019.csv
/Users/jjason3/OneDrive - Georgia Institute of Technology/USGS_GW_data/MT_GW_IV/well_470207114210901_15N22W26BBDB01_RCD_01_ALL_IV_72019.csv,well_470207114210901_15N22W26BBDB01_RCD_01_ALL_IV_72019.csv
/Users/jjason3/OneDrive - Georgia Institute of Technology/USGS_GW_data/MT_GW_IV/well_471729114052101_18N20W25BDCD01_JHN_MW2_ALL_IV_72019.csv,well_471729114052101_18N20W25BDCD01_JHN_MW2_ALL_IV_72019.csv
/Users/jjason3/OneDrive - Georgia Institute of Technology/USGS_GW_data/MT_GW_IV/well_462641110561701_08N06E23ABBC01_White_Sulphur_Springs_ALL_IV_72019.csv,well_462641110561701_08N06E23ABBC01_White_Sulphur_Springs_ALL_IV_72019.csv
/Users/jjason3/OneDrive - Georgia Institute of Technology/USGS_GW_data/MT_GW_IV/well_452454106273801_05S43E08CBCB01_NC_MON_P_3_ALL_IV_72019.csv,well_452454106273801_05S43E08CBCB01_NC_MON_P_3_ALL_IV_72019.csv
/Users/jjason3/OneDrive - Georgia Institute of Technology/USGS_GW_data/MO_GW_IV/well_403501091420401_Battle_of_Athens_SP_ALL_IV_72019.csv,well_403501091420401_Battle_of_Athens_SP_ALL_IV_72019.csv
/Users/jjason3/OneDrive - Georgia Institute of Technology/USGS_GW_data/MO_GW_IV/well_372521089362401_Jackson_ALL_IV_72019.csv,well_372521089362401_Jackson_ALL_IV_72019.csv
/Users/jjason3/OneDrive - Georgia Institute of Technology/USGS_GW_data/MO_GW_IV/well_391825091285101_Vandalia_ALL_IV_72019.csv,well_391825091285101_Vandalia_ALL_IV_72019.csv
/Users/jjason3/OneDrive - Georgia Institute of Technology/USGS_GW_data/MO_GW_IV/well_374649090242601_Farmington_Well_10_ALL_IV_72019.csv,well_374649090242601_Farmington_Well_10_ALL_IV_72019.csv
/Users/jjason3/OneDrive - Georgia Institute of Technology/USGS_GW_data/MO_GW_IV/well_375907091432201_Rolla_Industrial_Park_ALL_IV_72019.csv,well_375907091432201_Rolla_Industrial_Park_ALL_IV_72019.csv
/Users/jjason3/OneDrive - Georgia Institute of Technology/USGS_GW_data/MO_GW_IV/well_365634093542701_Monett_Well_16_ALL_IV_72019.csv,well_365634093542701_Monett_Well_16_ALL_IV_72019.csv
/Users/jjason3/OneDrive - Georgia Institute of Technology/USGS_GW_data/MO_GW_IV/well_381652093215501_Warsaw_ALL_IV_72019.csv,well_381652093215501_Warsaw_ALL_IV_72019.csv
/Users/jjason3/OneDrive - Georgia Institute of Technology/USGS_GW_data/MO_GW_IV/well_381045091564801_Vienna_ALL_IV_72019.csv,well_381045091564801_Vienna_ALL_IV_72019.csv
/Users/jjason3/OneDrive - Georgia Institute of Technology/USGS_GW_data/MO_GW_IV/well_395355095051601_Forest_City_7_ALL_IV_72019.csv,well_395355095051601_Forest_City_7_ALL_IV_72019.csv
/Users/jjason3/OneDrive - Georgia Institute of Technology/USGS_GW_data/MO_GW_IV/well_383929092464901_Tipton_ALL_IV_72019.csv,well_383929092464901_Tipton_ALL_IV_72019.csv
/Users/jjason3/OneDrive - Georgia Institute of Technology/USGS_GW_data/MO_GW_IV/well_393640092303901_Bee_Hollow_Conservation_Area_ALL_IV_72019.csv,well_393640092303901_Bee_Hollow_Conservation_Area_ALL_IV_72019.csv
/Users/jjason3/OneDrive - Georgia Institute of Technology/USGS_GW_data/MO_GW_IV/well_370539093494002_Mt_Vernon_Springfield_Plateau_Aquifer_ALL_IV_72019.csv,well_370539093494002_Mt_Vernon_Springfield_Plateau_Aquifer_ALL_IV_72019.csv
/Users/jjason3/OneDrive - Georgia Institute of Technology/USGS_GW_data/MO_GW_IV/well_363442090364301_Naylor_ALL_IV_72019.csv,well_363442090364301_Naylor_ALL_IV_72019.csv
/Users/jjason3/OneDrive - Georgia Institute of Technology/USGS_GW_data/MO_GW_IV/well_384455093201001_Dresden_R_12_School_ALL_IV_72019.csv,well_384455093201001_Dresden_R_12_School_ALL_IV_72019.csv
/Users/jjason3/OneDrive - Georgia Institute of Technology/USGS_GW_data/MO_GW_IV/well_375930094222001_Four_Rivers_Conservation_Area_ALL_IV_72019.csv,well_375930094222001_Four_Rivers_Conservation_Area_ALL_IV_72019.csv
/Users/jjason3/OneDrive - Georgia Institute of Technology/USGS_GW_data/MO_GW_IV/well_370005093122401_Ozark_ALL_IV_72019.csv,well_370005093122401_Ozark_ALL_IV_72019.csv
/Users/jjason3/OneDrive - Georgia Institute of Technology/USGS_GW_data/MO_GW_IV/well_370224094320201_Joplin_ALL_IV_72019.csv,well_370224094320201_Joplin_ALL_IV_72019.csv
/Users/jjason3/OneDrive - Georgia Institute of Technology/USGS_GW_data/MO_GW_IV/well_360252090173201_Cardwell_Alluvial_Aquifer_ALL_IV_72019.csv,well_360252090173201_Cardwell_Alluvial_Aquifer_ALL_IV_72019.csv
/Users/jjason3/OneDrive - Georgia Institute of Technology/USGS_GW_data/MO_GW_IV/well_364818094185301_Neosho_Springfield_Plateau_Aquifer_ALL_IV_72019.csv,well_364818094185301_Neosho_Springfield_Plateau_Aquifer_ALL_IV_72019.csv
/Users/jjason3/OneDrive - Georgia Institute of Technology/USGS_GW_data/MO_GW_IV/well_374254094524501_St_Joseph_ALL_IV_72019.csv,well_374254094524501_St_Joseph_ALL_IV_72019.csv
/Users/jjason3/OneDrive - Georgia Institute of Technology/USGS_GW_data/MO_GW_IV/well_375749091475001_Dept_of_Conservation_Rolla_ALL_IV_72019.csv,well_375749091475001_Dept_of_Conservation_Rolla_ALL_IV_72019.csv
/Users/jjason3/OneDrive - Georgia Institute of Technology/USGS_GW_data/MO_GW_IV/well_372202094370201_Asbury_Springfield_Plateau_Aquifer_ALL_IV_72019.csv,well_372202094370201_Asbury_Springfield_Plateau_Aquifer_ALL_IV_72019.csv
/Users/jjason3/OneDrive - Georgia Institute of Technology/USGS_GW_data/MO_GW_IV/well_382748093595101_Urich_ALL_IV_72019.csv,well_382748093595101_Urich_ALL_IV_72019.csv
/Users/jjason3/OneDrive - Georgia Institute of Technology/USGS_GW_data/MO_GW_IV/well_373620093470301_North_Hawker_Point_ALL_IV_72019.csv,well_373620093470301_North_Hawker_Point_ALL_IV_72019.csv
/Users/jjason3/OneDrive - Georgia Institute of Technology/USGS_GW_data/MO_GW_IV/well_383644091124901_New_Haven_ALL_IV_72019.csv,well_383644091124901_New_Haven_ALL_IV_72019.csv
/Users/jjason3/OneDrive - Georgia Institute of Technology/USGS_GW_data/MO_GW_IV/well_365451093555501_Monett_10_ALL_IV_72019.csv,well_365451093555501_Monett_10_ALL_IV_72019.csv
/Users/jjason3/OneDrive - Georgia Institute of Technology/USGS_GW_data/MO_GW_IV/well_375259093181401_Pomme_de_Terre_State_Park_ALL_IV_72019.csv,well_375259093181401_Pomme_de_Terre_State_Park_ALL_IV_72019.csv
/Users/jjason3/OneDrive - Georgia Institute of Technology/USGS_GW_data/MO_GW_IV/well_370539093494001_Mt_Vernon_Ozark_Aquifer_ALL_IV_72019.csv,well_370539093494001_Mt_Vernon_Ozark_Aquifer_ALL_IV_72019.csv
/Users/jjason3/OneDrive - Georgia Institute of Technology/USGS_GW_data/MO_GW_IV/well_390207092570801_Arrow_Rock_ALL_IV_72019.csv,well_390207092570801_Arrow_Rock_ALL_IV_72019.csv
/Users/jjason3/OneDrive - Georgia Institute of Technology/USGS_GW_data/MO_GW_IV/well_380229093464701_Osceola_ALL_IV_72019.csv,well_380229093464701_Osceola_ALL_IV_72019.csv
/Users/jjason3/OneDrive - Georgia Institute of Technology/USGS_GW_data/MO_GW_IV/well_383550092094201_Jefferson_City_ALL_IV_72019.csv,well_383550092094201_Jefferson_City_ALL_IV_72019.csv
/Users/jjason3/OneDrive - Georgia Institute of Technology/USGS_GW_data/MO_GW_IV/well_380322091142601_Onondaga_Cave_State_Park_ALL_IV_72019.csv,well_380322091142601_Onondaga_Cave_State_Park_ALL_IV_72019.csv
/Users/jjason3/OneDrive - Georgia Institute of Technology/USGS_GW_data/MO_GW_IV/well_371801093260401_Willard_MODNR_Well_ALL_IV_72019.csv,well_371801093260401_Willard_MODNR_Well_ALL_IV_72019.csv
/Users/jjason3/OneDrive - Georgia Institute of Technology/USGS_GW_data/MO_GW_IV/well_370655093035301_Rogersville_ALL_IV_72019.csv,well_370655093035301_Rogersville_ALL_IV_72019.csv
/Users/jjason3/OneDrive - Georgia Institute of Technology/USGS_GW_data/MO_GW_IV/well_372022092542201_Marshfield_ALL_IV_72019.csv,well_372022092542201_Marshfield_ALL_IV_72019.csv
/Users/jjason3/OneDrive - Georgia Institute of Technology/USGS_GW_data/MO_GW_IV/well_384849090092001_Columbia_Bottoms_ALL_IV_72019.csv,well_384849090092001_Columbia_Bottoms_ALL_IV_72019.csv
/Users/jjason3/OneDrive - Georgia Institute of Technology/USGS_GW_data/MO_GW_IV/well_365644094001301_Pierce_City_ALL_IV_72019.csv,well_365644094001301_Pierce_City_ALL_IV_72019.csv
/Users/jjason3/OneDrive - Georgia Institute of Technology/USGS_GW_data/MO_GW_IV/well_385428091265001_New_Florence_ALL_IV_72019.csv,well_385428091265001_New_Florence_ALL_IV_72019.csv
/Users/jjason3/OneDrive - Georgia Institute of Technology/USGS_GW_data/MO_GW_IV/well_364643089212301_East_Prairie_ALL_IV_72019.csv,well_364643089212301_East_Prairie_ALL_IV_72019.csv
/Users/jjason3/OneDrive - Georgia Institute of Technology/USGS_GW_data/MO_GW_IV/well_365602092395101_Ava_ALL_IV_72019.csv,well_365602092395101_Ava_ALL_IV_72019.csv
/Users/jjason3/OneDrive - Georgia Institute of Technology/USGS_GW_data/MO_GW_IV/well_365654091001301_Big_Spring_MODNR_Well_ALL_IV_72019.csv,well_365654091001301_Big_Spring_MODNR_Well_ALL_IV_72019.csv
/Users/jjason3/OneDrive - Georgia Institute of Technology/USGS_GW_data/MO_GW_IV/well_364453093543602_Butterfield_Ozark_Aquifer_ALL_IV_72019.csv,well_364453093543602_Butterfield_Ozark_Aquifer_ALL_IV_72019.csv
/Users/jjason3/OneDrive - Georgia Institute of Technology/USGS_GW_data/MO_GW_IV/well_364324091515001_West_Plains_ALL_IV_72019.csv,well_364324091515001_West_Plains_ALL_IV_72019.csv
/Users/jjason3/OneDrive - Georgia Institute of Technology/USGS_GW_data/MO_GW_IV/well_364313094121101_Longview_ALL_IV_72019.csv,well_364313094121101_Longview_ALL_IV_72019.csv
/Users/jjason3/OneDrive - Georgia Institute of Technology/USGS_GW_data/MO_GW_IV/well_403055094364701_Sheridan_MODNR_Well_ALL_IV_72019.csv,well_403055094364701_Sheridan_MODNR_Well_ALL_IV_72019.csv
/Users/jjason3/OneDrive - Georgia Institute of Technology/USGS_GW_data/MO_GW_IV/well_380435090281301_South_Jefferson_County_ALL_IV_72019.csv,well_380435090281301_South_Jefferson_County_ALL_IV_72019.csv
/Users/jjason3/OneDrive - Georgia Institute of Technology/USGS_GW_data/MO_GW_IV/well_402627095220601_Tarkio_Alluvial_Aquifer_ALL_IV_72019.csv,well_402627095220601_Tarkio_Alluvial_Aquifer_ALL_IV_72019.csv
/Users/jjason3/OneDrive - Georgia Institute of Technology/USGS_GW_data/MO_GW_IV/well_403301094492301_Hopkins_ALL_IV_72019.csv,well_403301094492301_Hopkins_ALL_IV_72019.csv
/Users/jjason3/OneDrive - Georgia Institute of Technology/USGS_GW_data/MO_GW_IV/well_363236094290301_Noel_ALL_IV_72019.csv,well_363236094290301_Noel_ALL_IV_72019.csv
/Users/jjason3/OneDrive - Georgia Institute of Technology/USGS_GW_data/MO_GW_IV/well_380501090335501_Desoto_ALL_IV_72019.csv,well_380501090335501_Desoto_ALL_IV_72019.csv
/Users/jjason3/OneDrive - Georgia Institute of Technology/USGS_GW_data/MO_GW_IV/well_383031090384101_Eureka_ALL_IV_72019.csv,well_383031090384101_Eureka_ALL_IV_72019.csv
/Users/jjason3/OneDrive - Georgia Institute of Technology/USGS_GW_data/MO_GW_IV/well_385837090594701_Troy_2_ALL_IV_72019.csv,well_385837090594701_Troy_2_ALL_IV_72019.csv
/Users/jjason3/OneDrive - Georgia Institute of Technology/USGS_GW_data/MO_GW_IV/well_370236093174401_Nixa_ALL_IV_72019.csv,well_370236093174401_Nixa_ALL_IV_72019.csv
/Users/jjason3/OneDrive - Georgia Institute of Technology/USGS_GW_data/MO_GW_IV/well_394013093400201_Dawn_ALL_IV_72019.csv,well_394013093400201_Dawn_ALL_IV_72019.csv
/Users/jjason3/OneDrive - Georgia Institute of Technology/USGS_GW_data/MO_GW_IV/well_384534093431101_Warrensburg_ALL_IV_72019.csv,well_384534093431101_Warrensburg_ALL_IV_72019.csv
/Users/jjason3/OneDrive - Georgia Institute of Technology/USGS_GW_data/MO_GW_IV/well_402618095222701_Tarkio_Glacial_Drift_Aquifer_ALL_IV_72019.csv,well_402618095222701_Tarkio_Glacial_Drift_Aquifer_ALL_IV_72019.csv
/Users/jjason3/OneDrive - Georgia Institute of Technology/USGS_GW_data/MO_GW_IV/well_382745091275701_Drake_ALL_IV_72019.csv,well_382745091275701_Drake_ALL_IV_72019.csv
/Users/jjason3/OneDrive - Georgia Institute of Technology/USGS_GW_data/MO_GW_IV/well_372958094161001_Lamar_ALL_IV_72019.csv,well_372958094161001_Lamar_ALL_IV_72019.csv
/Users/jjason3/OneDrive - Georgia Institute of Technology/USGS_GW_data/MO_GW_IV/well_365319089331001_Sikeston_ALL_IV_72019.csv,well_365319089331001_Sikeston_ALL_IV_72019.csv
/Users/jjason3/OneDrive - Georgia Institute of Technology/USGS_GW_data/MO_GW_IV/well_383302090420201_Wildwood_ALL_IV_72019.csv,well_383302090420201_Wildwood_ALL_IV_72019.csv
/Users/jjason3/OneDrive - Georgia Institute of Technology/USGS_GW_data/MO_GW_IV/well_400458093582001_Coffey_ALL_IV_72019.csv,well_400458093582001_Coffey_ALL_IV_72019.csv
/Users/jjason3/OneDrive - Georgia Institute of Technology/USGS_GW_data/MO_GW_IV/well_383906090511401_Daniel_Boone_Home_ALL_IV_72019.csv,well_383906090511401_Daniel_Boone_Home_ALL_IV_72019.csv
/Users/jjason3/OneDrive - Georgia Institute of Technology/USGS_GW_data/MO_GW_IV/well_363728093150401_Cooper_Creek_MODNR_Well_ALL_IV_72019.csv,well_363728093150401_Cooper_Creek_MODNR_Well_ALL_IV_72019.csv
/Users/jjason3/OneDrive - Georgia Institute of Technology/USGS_GW_data/MO_GW_IV/well_383151092081601_Lincoln_University_Carver_Farm_ALL_IV_72019.csv,well_383151092081601_Lincoln_University_Carver_Farm_ALL_IV_72019.csv
/Users/jjason3/OneDrive - Georgia Institute of Technology/USGS_GW_data/MO_GW_IV/well_382836091502301_Linn_ALL_IV_72019.csv,well_382836091502301_Linn_ALL_IV_72019.csv
/Users/jjason3/OneDrive - Georgia Institute of Technology/USGS_GW_data/MO_GW_IV/well_384917091594401_Fulton_ALL_IV_72019.csv,well_384917091594401_Fulton_ALL_IV_72019.csv
/Users/jjason3/OneDrive - Georgia Institute of Technology/USGS_GW_data/MO_GW_IV/well_383707092311701_California_ALL_IV_72019.csv,well_383707092311701_California_ALL_IV_72019.csv
/Users/jjason3/OneDrive - Georgia Institute of Technology/USGS_GW_data/MO_GW_IV/well_373210090180601_Fredericktown_ALL_IV_72019.csv,well_373210090180601_Fredericktown_ALL_IV_72019.csv
/Users/jjason3/OneDrive - Georgia Institute of Technology/USGS_GW_data/MO_GW_IV/well_383226092054001_Jefferson_City_East_ALL_IV_72019.csv,well_383226092054001_Jefferson_City_East_ALL_IV_72019.csv
/Users/jjason3/OneDrive - Georgia Institute of Technology/USGS_GW_data/MO_GW_IV/well_362955089581801_Malden_ALL_IV_72019.csv,well_362955089581801_Malden_ALL_IV_72019.csv
/Users/jjason3/OneDrive - Georgia Institute of Technology/USGS_GW_data/MO_GW_IV/well_373955091065901_Bixby_ALL_IV_72019.csv,well_373955091065901_Bixby_ALL_IV_72019.csv
/Users/jjason3/OneDrive - Georgia Institute of Technology/USGS_GW_data/MO_GW_IV/well_384737090372001_St_Peters_ALL_IV_72019.csv,well_384737090372001_St_Peters_ALL_IV_72019.csv
/Users/jjason3/OneDrive - Georgia Institute of Technology/USGS_GW_data/MO_GW_IV/well_365645093431601_Aurora_ALL_IV_72019.csv,well_365645093431601_Aurora_ALL_IV_72019.csv
/Users/jjason3/OneDrive - Georgia Institute of Technology/USGS_GW_data/MO_GW_IV/well_384258091243001_Hermann_4_ALL_IV_72019.csv,well_384258091243001_Hermann_4_ALL_IV_72019.csv
/Users/jjason3/OneDrive - Georgia Institute of Technology/USGS_GW_data/MO_GW_IV/well_373653091330101_Wofford_Farm_ALL_IV_72019.csv,well_373653091330101_Wofford_Farm_ALL_IV_72019.csv
/Users/jjason3/OneDrive - Georgia Institute of Technology/USGS_GW_data/MO_GW_IV/well_382835094254301_Archie_ALL_IV_72019.csv,well_382835094254301_Archie_ALL_IV_72019.csv
/Users/jjason3/OneDrive - Georgia Institute of Technology/USGS_GW_data/MO_GW_IV/well_390945091494001_Mexico_ALL_IV_72019.csv,well_390945091494001_Mexico_ALL_IV_72019.csv
/Users/jjason3/OneDrive - Georgia Institute of Technology/USGS_GW_data/MO_GW_IV/well_401057091494501_Deer_Ridge_Wildlife_Area_ALL_IV_72019.csv,well_401057091494501_Deer_Ridge_Wildlife_Area_ALL_IV_72019.csv
/Users/jjason3/OneDrive - Georgia Institute of Technology/USGS_GW_data/MO_GW_IV/well_390750093233401_Mt_Leonard_ALL_IV_72019.csv,well_390750093233401_Mt_Leonard_ALL_IV_72019.csv
/Users/jjason3/OneDrive - Georgia Institute of Technology/USGS_GW_data/MO_GW_IV/well_371548093144701_Valley_Water_Mills_Springfield_Plateau_Aquifer_ALL_IV_72019.csv,well_371548093144701_Valley_Water_Mills_Springfield_Plateau_Aquifer_ALL_IV_72019.csv
/Users/jjason3/OneDrive - Georgia Institute of Technology/USGS_GW_data/MO_GW_IV/well_380038092442701_Camdenton_ALL_IV_72019.csv,well_380038092442701_Camdenton_ALL_IV_72019.csv
/Users/jjason3/OneDrive - Georgia Institute of Technology/USGS_GW_data/MO_GW_IV/well_370354093325901_Billings_ALL_IV_72019.csv,well_370354093325901_Billings_ALL_IV_72019.csv
/Users/jjason3/OneDrive - Georgia Institute of Technology/USGS_GW_data/MO_GW_IV/well_363436092391001_Theodosia_ALL_IV_72019.csv,well_363436092391001_Theodosia_ALL_IV_72019.csv
/Users/jjason3/OneDrive - Georgia Institute of Technology/USGS_GW_data/MO_GW_IV/well_381405090260301_Festus_ALL_IV_72019.csv,well_381405090260301_Festus_ALL_IV_72019.csv
/Users/jjason3/OneDrive - Georgia Institute of Technology/USGS_GW_data/MO_GW_IV/well_381217091104501_Sullivan_ALL_IV_72019.csv,well_381217091104501_Sullivan_ALL_IV_72019.csv
/Users/jjason3/OneDrive - Georgia Institute of Technology/USGS_GW_data/MO_GW_IV/well_375617090465401_Potosi_ALL_IV_72019.csv,well_375617090465401_Potosi_ALL_IV_72019.csv
/Users/jjason3/OneDrive - Georgia Institute of Technology/USGS_GW_data/MO_GW_IV/well_365949091421401_Mountain_View_MODNR_Well_ALL_IV_72019.csv,well_365949091421401_Mountain_View_MODNR_Well_ALL_IV_72019.csv
/Users/jjason3/OneDrive - Georgia Institute of Technology/USGS_GW_data/MO_GW_IV/well_372853091061801_Viburnum_Trend_Well_6_ALL_IV_72019.csv,well_372853091061801_Viburnum_Trend_Well_6_ALL_IV_72019.csv
/Users/jjason3/OneDrive - Georgia Institute of Technology/USGS_GW_data/MO_GW_IV/well_364059093520001_Cassville_ALL_IV_72019.csv,well_364059093520001_Cassville_ALL_IV_72019.csv
/Users/jjason3/OneDrive - Georgia Institute of Technology/USGS_GW_data/MO_GW_IV/well_395043091262601_Hannibal_ALL_IV_72019.csv,well_395043091262601_Hannibal_ALL_IV_72019.csv
/Users/jjason3/OneDrive - Georgia Institute of Technology/USGS_GW_data/MO_GW_IV/well_373701093151601_Halfway_ALL_IV_72019.csv,well_373701093151601_Halfway_ALL_IV_72019.csv
/Users/jjason3/OneDrive - Georgia Institute of Technology/USGS_GW_data/MO_GW_IV/well_371800092094801_Fairview_ALL_IV_72019.csv,well_371800092094801_Fairview_ALL_IV_72019.csv
/Users/jjason3/OneDrive - Georgia Institute of Technology/USGS_GW_data/MO_GW_IV/well_390945094234001_Independence_ALL_IV_72019.csv,well_390945094234001_Independence_ALL_IV_72019.csv
/Users/jjason3/OneDrive - Georgia Institute of Technology/USGS_GW_data/MO_GW_IV/well_375429092300701_Ozark_Fisheries_ALL_IV_72019.csv,well_375429092300701_Ozark_Fisheries_ALL_IV_72019.csv
/Users/jjason3/OneDrive - Georgia Institute of Technology/USGS_GW_data/MO_GW_IV/well_385718092234201_Columbia_ALL_IV_72019.csv,well_385718092234201_Columbia_ALL_IV_72019.csv
/Users/jjason3/OneDrive - Georgia Institute of Technology/USGS_GW_data/MO_GW_IV/well_380545094213501_Rich_Hill_ALL_IV_72019.csv,well_380545094213501_Rich_Hill_ALL_IV_72019.csv
/Users/jjason3/OneDrive - Georgia Institute of Technology/USGS_GW_data/MO_GW_IV/well_392147090541901_Clarksville_ALL_IV_72019.csv,well_392147090541901_Clarksville_ALL_IV_72019.csv
/Users/jjason3/OneDrive - Georgia Institute of Technology/USGS_GW_data/MO_GW_IV/well_363551090152801_Qulin_ALL_IV_72019.csv,well_363551090152801_Qulin_ALL_IV_72019.csv
/Users/jjason3/OneDrive - Georgia Institute of Technology/USGS_GW_data/MO_GW_IV/well_401920092130301_Indian_Hills_ALL_IV_72019.csv,well_401920092130301_Indian_Hills_ALL_IV_72019.csv
/Users/jjason3/OneDrive - Georgia Institute of Technology/USGS_GW_data/MO_GW_IV/well_394156092030201_Shelbina_ALL_IV_72019.csv,well_394156092030201_Shelbina_ALL_IV_72019.csv
/Users/jjason3/OneDrive - Georgia Institute of Technology/USGS_GW_data/MO_GW_IV/well_365559092030001_Noblett_Lake_ALL_IV_72019.csv,well_365559092030001_Noblett_Lake_ALL_IV_72019.csv
/Users/jjason3/OneDrive - Georgia Institute of Technology/USGS_GW_data/MO_GW_IV/well_371548093144702_Valley_Water_Mills_Ozark_Aquifer_ALL_IV_72019.csv,well_371548093144702_Valley_Water_Mills_Ozark_Aquifer_ALL_IV_72019.csv
/Users/jjason3/OneDrive - Georgia Institute of Technology/USGS_GW_data/MO_GW_IV/well_363855093134701_Branson_ALL_IV_72019.csv,well_363855093134701_Branson_ALL_IV_72019.csv
/Users/jjason3/OneDrive - Georgia Institute of Technology/USGS_GW_data/MO_GW_IV/well_392813092124701_Madison_ALL_IV_72019.csv,well_392813092124701_Madison_ALL_IV_72019.csv
/Users/jjason3/OneDrive - Georgia Institute of Technology/USGS_GW_data/MO_GW_IV/well_384147093101901_Sedalia_East_ALL_IV_72019.csv,well_384147093101901_Sedalia_East_ALL_IV_72019.csv
/Users/jjason3/OneDrive - Georgia Institute of Technology/USGS_GW_data/MO_GW_IV/well_384846090510301_Wentzville_ALL_IV_72019.csv,well_384846090510301_Wentzville_ALL_IV_72019.csv
/Users/jjason3/OneDrive - Georgia Institute of Technology/USGS_GW_data/MO_GW_IV/well_370907093144101_Springfield_Valley_Park_ALL_IV_72019.csv,well_370907093144101_Springfield_Valley_Park_ALL_IV_72019.csv
/Users/jjason3/OneDrive - Georgia Institute of Technology/USGS_GW_data/MO_GW_IV/well_384713091474301_Reform_ALL_IV_72019.csv,well_384713091474301_Reform_ALL_IV_72019.csv
/Users/jjason3/OneDrive - Georgia Institute of Technology/USGS_GW_data/MO_GW_IV/well_372715090510701_Lesterville_ALL_IV_72019.csv,well_372715090510701_Lesterville_ALL_IV_72019.csv
/Users/jjason3/OneDrive - Georgia Institute of Technology/USGS_GW_data/MO_GW_IV/well_370624092244701_Norwood_Well_ALL_IV_72019.csv,well_370624092244701_Norwood_Well_ALL_IV_72019.csv
/Users/jjason3/OneDrive - Georgia Institute of Technology/USGS_GW_data/MO_GW_IV/well_391222093185501_Marshall_MODNR_Well_ALL_IV_72019.csv,well_391222093185501_Marshall_MODNR_Well_ALL_IV_72019.csv
/Users/jjason3/OneDrive - Georgia Institute of Technology/USGS_GW_data/MO_GW_IV/well_400251094485901_Rosendale_ALL_IV_72019.csv,well_400251094485901_Rosendale_ALL_IV_72019.csv
/Users/jjason3/OneDrive - Georgia Institute of Technology/USGS_GW_data/MO_GW_IV/well_391149092072901_Centralia_ALL_IV_72019.csv,well_391149092072901_Centralia_ALL_IV_72019.csv
/Users/jjason3/OneDrive - Georgia Institute of Technology/USGS_GW_data/MO_GW_IV/well_384258092231401_Marion_Bottoms_ALL_IV_72019.csv,well_384258092231401_Marion_Bottoms_ALL_IV_72019.csv
/Users/jjason3/OneDrive - Georgia Institute of Technology/USGS_GW_data/MO_GW_IV/well_385845090583801_Troy_1_ALL_IV_72019.csv,well_385845090583801_Troy_1_ALL_IV_72019.csv
/Users/jjason3/OneDrive - Georgia Institute of Technology/USGS_GW_data/MO_GW_IV/well_390651092125101_Hallsville_ALL_IV_72019.csv,well_390651092125101_Hallsville_ALL_IV_72019.csv
/Users/jjason3/OneDrive - Georgia Institute of Technology/USGS_GW_data/MO_GW_IV/well_375306090125301_Weingarten_ALL_IV_72019.csv,well_375306090125301_Weingarten_ALL_IV_72019.csv
/Users/jjason3/OneDrive - Georgia Institute of Technology/USGS_GW_data/MO_GW_IV/well_391236094170201_Atherton_ALL_IV_72019.csv,well_391236094170201_Atherton_ALL_IV_72019.csv
/Users/jjason3/OneDrive - Georgia Institute of Technology/USGS_GW_data/MO_GW_IV/well_372202094370202_Asbury_Ozark_Aquifer_ALL_IV_72019.csv,well_372202094370202_Asbury_Ozark_Aquifer_ALL_IV_72019.csv
/Users/jjason3/OneDrive - Georgia Institute of Technology/USGS_GW_data/MO_GW_IV/well_401444093442001_Spickard_ALL_IV_72019.csv,well_401444093442001_Spickard_ALL_IV_72019.csv
/Users/jjason3/OneDrive - Georgia Institute of Technology/USGS_GW_data/MO_GW_IV/well_371036094171301_Carthage_ALL_IV_72019.csv,well_371036094171301_Carthage_ALL_IV_72019.csv
/Users/jjason3/OneDrive - Georgia Institute of Technology/USGS_GW_data/MO_GW_IV/well_365415093342301_Crane_ALL_IV_72019.csv,well_365415093342301_Crane_ALL_IV_72019.csv
/Users/jjason3/OneDrive - Georgia Institute of Technology/USGS_GW_data/MO_GW_IV/well_372153091322301_Akers_ALL_IV_72019.csv,well_372153091322301_Akers_ALL_IV_72019.csv
/Users/jjason3/OneDrive - Georgia Institute of Technology/USGS_GW_data/MO_GW_IV/well_364006093200301_Silver_Dollar_City_ALL_IV_72019.csv,well_364006093200301_Silver_Dollar_City_ALL_IV_72019.csv
/Users/jjason3/OneDrive - Georgia Institute of Technology/USGS_GW_data/MO_GW_IV/well_370248090042601_Duck_Creek_Conservation_Area_ALL_IV_72019.csv,well_370248090042601_Duck_Creek_Conservation_Area_ALL_IV_72019.csv
/Users/jjason3/OneDrive - Georgia Institute of Technology/USGS_GW_data/MO_GW_IV/well_384832093192501_Sedalia_ALL_IV_72019.csv,well_384832093192501_Sedalia_ALL_IV_72019.csv
/Users/jjason3/OneDrive - Georgia Institute of Technology/USGS_GW_data/MO_GW_IV/well_402657093470201_Cainsville_ALL_IV_72019.csv,well_402657093470201_Cainsville_ALL_IV_72019.csv
/Users/jjason3/OneDrive - Georgia Institute of Technology/USGS_GW_data/MO_GW_IV/well_393544093075601_Mendon_ALL_IV_72019.csv,well_393544093075601_Mendon_ALL_IV_72019.csv
/Users/jjason3/OneDrive - Georgia Institute of Technology/USGS_GW_data/MO_GW_IV/well_370828094274101_Webb_City_6_ALL_IV_72019.csv,well_370828094274101_Webb_City_6_ALL_IV_72019.csv
/Users/jjason3/OneDrive - Georgia Institute of Technology/USGS_GW_data/MO_GW_IV/well_372338094052801_Golden_City_ALL_IV_72019.csv,well_372338094052801_Golden_City_ALL_IV_72019.csv
/Users/jjason3/OneDrive - Georgia Institute of Technology/USGS_GW_data/MO_GW_IV/well_392045093302401_Carrollton_ALL_IV_72019.csv,well_392045093302401_Carrollton_ALL_IV_72019.csv
/Users/jjason3/OneDrive - Georgia Institute of Technology/USGS_GW_data/MO_GW_IV/well_382100090592801_St_Clair_ALL_IV_72019.csv,well_382100090592801_St_Clair_ALL_IV_72019.csv
/Users/jjason3/OneDrive - Georgia Institute of Technology/USGS_GW_data/MO_GW_IV/well_375625091480401_Ramada_Inn_Rolla_ALL_IV_72019.csv,well_375625091480401_Ramada_Inn_Rolla_ALL_IV_72019.csv
/Users/jjason3/OneDrive - Georgia Institute of Technology/USGS_GW_data/MO_GW_IV/well_400105093591601_Jameson_ALL_IV_72019.csv,well_400105093591601_Jameson_ALL_IV_72019.csv
/Users/jjason3/OneDrive - Georgia Institute of Technology/USGS_GW_data/MO_GW_IV/well_365141090304001_Poplar_Bluff_ALL_IV_72019.csv,well_365141090304001_Poplar_Bluff_ALL_IV_72019.csv
/Users/jjason3/OneDrive - Georgia Institute of Technology/USGS_GW_data/MO_GW_IV/well_364453093543601_Butterfield_Springfield_Plateau_Aquifer_ALL_IV_72019.csv,well_364453093543601_Butterfield_Springfield_Plateau_Aquifer_ALL_IV_72019.csv
/Users/jjason3/OneDrive - Georgia Institute of Technology/USGS_GW_data/MO_GW_IV/well_362718089552301_Gideon_ALL_IV_72019.csv,well_362718089552301_Gideon_ALL_IV_72019.csv
/Users/jjason3/OneDrive - Georgia Institute of Technology/USGS_GW_data/MO_GW_IV/well_370600094223501_Atlas_Powder_ALL_IV_72019.csv,well_370600094223501_Atlas_Powder_ALL_IV_72019.csv
/Users/jjason3/OneDrive - Georgia Institute of Technology/USGS_GW_data/MO_GW_IV/well_360425089485001_Steele_ALL_IV_72019.csv,well_360425089485001_Steele_ALL_IV_72019.csv
/Users/jjason3/OneDrive - Georgia Institute of Technology/USGS_GW_data/MO_GW_IV/well_371125089445301_Delta_ALL_IV_72019.csv,well_371125089445301_Delta_ALL_IV_72019.csv
/Users/jjason3/OneDrive - Georgia Institute of Technology/USGS_GW_data/MO_GW_IV/well_373559090082901_National_Lead_ALL_IV_72019.csv,well_373559090082901_National_Lead_ALL_IV_72019.csv
/Users/jjason3/OneDrive - Georgia Institute of Technology/USGS_GW_data/MO_GW_IV/well_392321092153901_Middle_Grove_ALL_IV_72019.csv,well_392321092153901_Middle_Grove_ALL_IV_72019.csv
/Users/jjason3/OneDrive - Georgia Institute of Technology/USGS_GW_data/MO_GW_IV/well_392336094550403_Weston_ALL_IV_72019.csv,well_392336094550403_Weston_ALL_IV_72019.csv
/Users/jjason3/OneDrive - Georgia Institute of Technology/USGS_GW_data/MO_GW_IV/well_384545093331601_Knob_Noster_ALL_IV_72019.csv,well_384545093331601_Knob_Noster_ALL_IV_72019.csv
/Users/jjason3/OneDrive - Georgia Institute of Technology/USGS_GW_data/MO_GW_IV/well_385432091343201_Graham_Cave_State_Park_ALL_IV_72019.csv,well_385432091343201_Graham_Cave_State_Park_ALL_IV_72019.csv
/Users/jjason3/OneDrive - Georgia Institute of Technology/USGS_GW_data/MO_GW_IV/well_403452092292901_Vandike_Farms_ALL_IV_72019.csv,well_403452092292901_Vandike_Farms_ALL_IV_72019.csv
/Users/jjason3/OneDrive - Georgia Institute of Technology/USGS_GW_data/MO_GW_IV/well_390150090542801_Cuivre_River_State_Park_ALL_IV_72019.csv,well_390150090542801_Cuivre_River_State_Park_ALL_IV_72019.csv
/Users/jjason3/OneDrive - Georgia Institute of Technology/USGS_GW_data/MO_GW_IV/well_363550094232601_Pineville_ALL_IV_72019.csv,well_363550094232601_Pineville_ALL_IV_72019.csv
/Users/jjason3/OneDrive - Georgia Institute of Technology/USGS_GW_data/MO_GW_IV/well_382726093121601_Cole_Camp_ALL_IV_72019.csv,well_382726093121601_Cole_Camp_ALL_IV_72019.csv
/Users/jjason3/OneDrive - Georgia Institute of Technology/USGS_GW_data/MO_GW_IV/well_380900091153901_Bourbon_ALL_IV_72019.csv,well_380900091153901_Bourbon_ALL_IV_72019.csv
/Users/jjason3/OneDrive - Georgia Institute of Technology/USGS_GW_data/MO_GW_IV/well_360252090173202_Cardwell_McNairy_Formation_ALL_IV_72019.csv,well_360252090173202_Cardwell_McNairy_Formation_ALL_IV_72019.csv
/Users/jjason3/OneDrive - Georgia Institute of Technology/USGS_GW_data/MO_GW_IV/well_364818094185302_Neosho_Ozark_Aquifer_ALL_IV_72019.csv,well_364818094185302_Neosho_Ozark_Aquifer_ALL_IV_72019.csv
/Users/jjason3/OneDrive - Georgia Institute of Technology/USGS_GW_data/MO_GW_IV/well_394201093181101_Fountain_Grove_Wldlf_Area_ALL_IV_72019.csv,well_394201093181101_Fountain_Grove_Wldlf_Area_ALL_IV_72019.csv
/Users/jjason3/OneDrive - Georgia Institute of Technology/USGS_GW_data/MO_GW_IV/well_371435093134701_Springfield_ALL_IV_72019.csv,well_371435093134701_Springfield_ALL_IV_72019.csv
/Users/jjason3/OneDrive - Georgia Institute of Technology/USGS_GW_data/MO_GW_IV/well_361145089394101_Caruthersville_ALL_IV_72019.csv,well_361145089394101_Caruthersville_ALL_IV_72019.csv
/Users/jjason3/OneDrive - Georgia Institute of Technology/USGS_GW_data/MO_GW_IV/well_380717092395401_Lake_of_the_Ozarks_State_Park_ALL_IV_72019.csv,well_380717092395401_Lake_of_the_Ozarks_State_Park_ALL_IV_72019.csv
/Users/jjason3/OneDrive - Georgia Institute of Technology/USGS_GW_data/MO_GW_IV/well_373906092385201_Lebanon_ALL_IV_72019.csv,well_373906092385201_Lebanon_ALL_IV_72019.csv
/Users/jjason3/OneDrive - Georgia Institute of Technology/USGS_GW_data/MO_GW_IV/well_383628090411901_Babler_State_Park_ALL_IV_72019.csv,well_383628090411901_Babler_State_Park_ALL_IV_72019.csv
/Users/jjason3/OneDrive - Georgia Institute of Technology/USGS_GW_data/LA_GW_IV/well_325933091154101_EC_UR002_ALL_IV_72019.csv,well_325933091154101_EC_UR002_ALL_IV_72019.csv
/Users/jjason3/OneDrive - Georgia Institute of Technology/USGS_GW_data/LA_GW_IV/well_300035091443301_I_93_ALL_IV_72019.csv,well_300035091443301_I_93_ALL_IV_72019.csv
/Users/jjason3/OneDrive - Georgia Institute of Technology/USGS_GW_data/LA_GW_IV/well_325906091391201_Mo_UR002_ALL_IV_72019.csv,well_325906091391201_Mo_UR002_ALL_IV_72019.csv
/Users/jjason3/OneDrive - Georgia Institute of Technology/USGS_GW_data/LA_GW_IV/well_330001091260701_WC_UR001_ALL_IV_72019.csv,well_330001091260701_WC_UR001_ALL_IV_72019.csv
/Users/jjason3/OneDrive - Georgia Institute of Technology/USGS_GW_data/LA_GW_IV/well_304120092263001_Ev_229_ALL_IV_72019.csv,well_304120092263001_Ev_229_ALL_IV_72019.csv
/Users/jjason3/OneDrive - Georgia Institute of Technology/USGS_GW_data/LA_GW_IV/well_295314091312101_SM_58_ALL_IV_72019.csv,well_295314091312101_SM_58_ALL_IV_72019.csv
/Users/jjason3/OneDrive - Georgia Institute of Technology/USGS_GW_data/LA_GW_IV/well_301336093183002_Cu_771_ALL_IV_72019.csv,well_301336093183002_Cu_771_ALL_IV_72019.csv
/Users/jjason3/OneDrive - Georgia Institute of Technology/USGS_GW_data/LA_GW_IV/well_305018093251301_Be_443_ALL_IV_72019.csv,well_305018093251301_Be_443_ALL_IV_72019.csv
/Users/jjason3/OneDrive - Georgia Institute of Technology/USGS_GW_data/LA_GW_IV/well_324707093025001_Cl_58_Homer_ALL_IV_72019.csv,well_324707093025001_Cl_58_Homer_ALL_IV_72019.csv
/Users/jjason3/OneDrive - Georgia Institute of Technology/USGS_GW_data/LA_GW_IV/well_325518093221901_Wb_399_ALL_IV_72019.csv,well_325518093221901_Wb_399_ALL_IV_72019.csv
/Users/jjason3/OneDrive - Georgia Institute of Technology/USGS_GW_data/LA_GW_IV/well_303251091115001_EB_1000_ALL_IV_72019.csv,well_303251091115001_EB_1000_ALL_IV_72019.csv
/Users/jjason3/OneDrive - Georgia Institute of Technology/USGS_GW_data/LA_GW_IV/well_302614091083001_EB_917_ALL_IV_72019.csv,well_302614091083001_EB_917_ALL_IV_72019.csv
/Users/jjason3/OneDrive - Georgia Institute of Technology/USGS_GW_data/LA_GW_IV/well_302642091083401_EB_1274_ALL_IV_72019.csv,well_302642091083401_EB_1274_ALL_IV_72019.csv
/Users/jjason3/OneDrive - Georgia Institute of Technology/USGS_GW_data/LA_GW_IV/well_322343093211501_Bi_214_ALL_IV_72019.csv,well_322343093211501_Bi_214_ALL_IV_72019.csv
/Users/jjason3/OneDrive - Georgia Institute of Technology/USGS_GW_data/LA_GW_IV/well_302932091101902_EB_945_ALL_IV_72019.csv,well_302932091101902_EB_945_ALL_IV_72019.csv
/Users/jjason3/OneDrive - Georgia Institute of Technology/USGS_GW_data/LA_GW_IV/well_330002092445901_Cl_149_ALL_IV_72019.csv,well_330002092445901_Cl_149_ALL_IV_72019.csv
/Users/jjason3/OneDrive - Georgia Institute of Technology/USGS_GW_data/LA_GW_IV/well_310928092421401_R_851_ALL_IV_72019.csv,well_310928092421401_R_851_ALL_IV_72019.csv
/Users/jjason3/OneDrive - Georgia Institute of Technology/USGS_GW_data/LA_GW_IV/well_302932091101901_EB_944_ALL_IV_72019.csv,well_302932091101901_EB_944_ALL_IV_72019.csv
/Users/jjason3/OneDrive - Georgia Institute of Technology/USGS_GW_data/LA_GW_IV/well_324508091252302_WC_230_ALL_IV_72019.csv,well_324508091252302_WC_230_ALL_IV_72019.csv
/Users/jjason3/OneDrive - Georgia Institute of Technology/USGS_GW_data/LA_GW_IV/well_301336093183001_Cu_769_ALL_IV_72019.csv,well_301336093183001_Cu_769_ALL_IV_72019.csv
/Users/jjason3/OneDrive - Georgia Institute of Technology/USGS_GW_data/LA_GW_IV/well_295652090020101_Or_42_ALL_IV_72019.csv,well_295652090020101_Or_42_ALL_IV_72019.csv
/Users/jjason3/OneDrive - Georgia Institute of Technology/USGS_GW_data/LA_GW_IV/well_322853091475901_Ri_UR003_ALL_IV_72019.csv,well_322853091475901_Ri_UR003_ALL_IV_72019.csv
/Users/jjason3/OneDrive - Georgia Institute of Technology/USGS_GW_data/LA_GW_IV/well_305049092164102_Ev_691_ALL_IV_72019.csv,well_305049092164102_Ev_691_ALL_IV_72019.csv
/Users/jjason3/OneDrive - Georgia Institute of Technology/USGS_GW_data/LA_GW_IV/well_302636091083802_EB_1293_ALL_IV_72019.csv,well_302636091083802_EB_1293_ALL_IV_72019.csv
/Users/jjason3/OneDrive - Georgia Institute of Technology/USGS_GW_data/LA_GW_IV/well_302702091103902_EB_806B_ALL_IV_72019.csv,well_302702091103902_EB_806B_ALL_IV_72019.csv
/Users/jjason3/OneDrive - Georgia Institute of Technology/USGS_GW_data/LA_GW_IV/well_301832092234501_Ac_326_ALL_IV_72019.csv,well_301832092234501_Ac_326_ALL_IV_72019.csv
/Users/jjason3/OneDrive - Georgia Institute of Technology/USGS_GW_data/LA_GW_IV/well_305519090481801_SH_48_ALL_IV_72019.csv,well_305519090481801_SH_48_ALL_IV_72019.csv
/Users/jjason3/OneDrive - Georgia Institute of Technology/USGS_GW_data/LA_GW_IV/well_303026091113001_EB_297_ALL_IV_72019.csv,well_303026091113001_EB_297_ALL_IV_72019.csv
/Users/jjason3/OneDrive - Georgia Institute of Technology/USGS_GW_data/LA_GW_IV/well_302932091101903_EB_946_ALL_IV_72019.csv,well_302932091101903_EB_946_ALL_IV_72019.csv
/Users/jjason3/OneDrive - Georgia Institute of Technology/USGS_GW_data/LA_GW_IV/well_301300092584503_JD_485A_ALL_IV_72019.csv,well_301300092584503_JD_485A_ALL_IV_72019.csv
/Users/jjason3/OneDrive - Georgia Institute of Technology/USGS_GW_data/NE_GW_IV/well_414607102263302_21N_44W29AB_2_Crescent_Lake2_ALL_IV_72019.csv,well_414607102263302_21N_44W29AB_2_Crescent_Lake2_ALL_IV_72019.csv
/Users/jjason3/OneDrive - Georgia Institute of Technology/USGS_GW_data/NE_GW_IV/well_414637099224701_21N_18W22DABB1Taylor_ALL_IV_72019.csv,well_414637099224701_21N_18W22DABB1Taylor_ALL_IV_72019.csv
/Users/jjason3/OneDrive - Georgia Institute of Technology/USGS_GW_data/NE_GW_IV/well_420006102561201_23N_49W_1BBB_1_SO_ALLIANCE_ALL_IV_72019.csv,well_420006102561201_23N_49W_1BBB_1_SO_ALLIANCE_ALL_IV_72019.csv
/Users/jjason3/OneDrive - Georgia Institute of Technology/USGS_GW_data/NE_GW_IV/well_411757096202501_15N_10E_6ACCC1_MUD_95_ALL_IV_72019.csv,well_411757096202501_15N_10E_6ACCC1_MUD_95_ALL_IV_72019.csv
/Users/jjason3/OneDrive - Georgia Institute of Technology/USGS_GW_data/NE_GW_IV/well_414952100060301_22N_24W33DBCB1Dunning_ALL_IV_72019.csv,well_414952100060301_22N_24W33DBCB1Dunning_ALL_IV_72019.csv
/Users/jjason3/OneDrive - Georgia Institute of Technology/USGS_GW_data/NE_GW_IV/well_414153103561402_20N_57W19ABBB2_MURRAY_LAKE_B8A_S_ALL_IV_72019.csv,well_414153103561402_20N_57W19ABBB2_MURRAY_LAKE_B8A_S_ALL_IV_72019.csv
/Users/jjason3/OneDrive - Georgia Institute of Technology/USGS_GW_data/NE_GW_IV/well_414607102263301_21N_44W29AB_1_CL_25_ALL_IV_72019.csv,well_414607102263301_21N_44W29AB_1_CL_25_ALL_IV_72019.csv
/Users/jjason3/OneDrive - Georgia Institute of Technology/USGS_GW_data/NE_GW_IV/well_415118103020903_22N_49W19CDDD3_ANGORA_M1_ALL_IV_72019.csv,well_415118103020903_22N_49W19CDDD3_ANGORA_M1_ALL_IV_72019.csv
/Users/jjason3/OneDrive - Georgia Institute of Technology/USGS_GW_data/NE_GW_IV/well_422801097334801_29N_2W28AAAA1_19S_ALL_IV_72019.csv,well_422801097334801_29N_2W28AAAA1_19S_ALL_IV_72019.csv
/Users/jjason3/OneDrive - Georgia Institute of Technology/USGS_GW_data/NE_GW_IV/well_413216102520201_18N_48W16BBCC1_BROADWATER_NPMC_20_ALL_IV_72019.csv,well_413216102520201_18N_48W16BBCC1_BROADWATER_NPMC_20_ALL_IV_72019.csv
/Users/jjason3/OneDrive - Georgia Institute of Technology/USGS_GW_data/NE_GW_IV/well_420204101200503_24N_35W23DC_3_HECLA3_ALL_IV_72019.csv,well_420204101200503_24N_35W23DC_3_HECLA3_ALL_IV_72019.csv
/Users/jjason3/OneDrive - Georgia Institute of Technology/USGS_GW_data/NE_GW_IV/well_412944103452701_18N_56W27DDCC1_HARRISBURG_HB05_ALL_IV_72019.csv,well_412944103452701_18N_56W27DDCC1_HARRISBURG_HB05_ALL_IV_72019.csv
/Users/jjason3/OneDrive - Georgia Institute of Technology/USGS_GW_data/NE_GW_IV/well_413130100531202_18N_31W16DDDB2_Tryon2_ALL_IV_72019.csv,well_413130100531202_18N_31W16DDDB2_Tryon2_ALL_IV_72019.csv
/Users/jjason3/OneDrive - Georgia Institute of Technology/USGS_GW_data/NE_GW_IV/well_413156098591201_18N_15W13ACD_1_ORD_ALL_IV_72019.csv,well_413156098591201_18N_15W13ACD_1_ORD_ALL_IV_72019.csv
/Users/jjason3/OneDrive - Georgia Institute of Technology/USGS_GW_data/NE_GW_IV/well_411911096241601_16N_9E34BBBD1_Leshara_ALL_IV_72019.csv,well_411911096241601_16N_9E34BBBD1_Leshara_ALL_IV_72019.csv
/Users/jjason3/OneDrive - Georgia Institute of Technology/USGS_GW_data/NE_GW_IV/well_411845096211201_16N_9E36DA_1_Valley_City_Park_ALL_IV_72019.csv,well_411845096211201_16N_9E36DA_1_Valley_City_Park_ALL_IV_72019.csv
/Users/jjason3/OneDrive - Georgia Institute of Technology/USGS_GW_data/NE_GW_IV/well_415630099513601_23N_22W27BBBC1Brewster_ALL_IV_72019.csv,well_415630099513601_23N_22W27BBBC1Brewster_ALL_IV_72019.csv
/Users/jjason3/OneDrive - Georgia Institute of Technology/USGS_GW_data/NE_GW_IV/well_422245097553801_28N_5W20CCDD1_9M_ALL_IV_72019.csv,well_422245097553801_28N_5W20CCDD1_9M_ALL_IV_72019.csv
/Users/jjason3/OneDrive - Georgia Institute of Technology/USGS_GW_data/NE_GW_IV/well_420301103554802_24N_57W15CBBD2_DUTCH_FLATS_1A_2_ALL_IV_72019.csv,well_420301103554802_24N_57W15CBBD2_DUTCH_FLATS_1A_2_ALL_IV_72019.csv
/Users/jjason3/OneDrive - Georgia Institute of Technology/USGS_GW_data/NE_GW_IV/well_415022096434301_22N_6E34BCBB1_West_Point_ALL_IV_72019.csv,well_415022096434301_22N_6E34BCBB1_West_Point_ALL_IV_72019.csv
/Users/jjason3/OneDrive - Georgia Institute of Technology/USGS_GW_data/NE_GW_IV/well_413853103532102_19N_57W_3BCC_2_HULL_CHURCH2_RW02A_ALL_IV_72019.csv,well_413853103532102_19N_57W_3BCC_2_HULL_CHURCH2_RW02A_ALL_IV_72019.csv
/Users/jjason3/OneDrive - Georgia Institute of Technology/USGS_GW_data/NE_GW_IV/well_420757104024701_25N_58W13CDBC1_SHEEP_CREEK_6A_S_ALL_IV_72019.csv,well_420757104024701_25N_58W13CDBC1_SHEEP_CREEK_6A_S_ALL_IV_72019.csv
/Users/jjason3/OneDrive - Georgia Institute of Technology/USGS_GW_data/NE_GW_IV/well_423730098560001_31N_14W_27DDD_Atkinson_ALL_IV_72019.csv,well_423730098560001_31N_14W_27DDD_Atkinson_ALL_IV_72019.csv
/Users/jjason3/OneDrive - Georgia Institute of Technology/USGS_GW_data/NE_GW_IV/well_414643100313101_21N_28W23ADAD1Dismal_ALL_IV_72019.csv,well_414643100313101_21N_28W23ADAD1Dismal_ALL_IV_72019.csv
/Users/jjason3/OneDrive - Georgia Institute of Technology/USGS_GW_data/NE_GW_IV/well_411903096245501_16N_9E33ABCD1_LPNNRD_80_ALL_IV_72019.csv,well_411903096245501_16N_9E33ABCD1_LPNNRD_80_ALL_IV_72019.csv
/Users/jjason3/OneDrive - Georgia Institute of Technology/USGS_GW_data/NE_GW_IV/well_421210098402001_26N_12W26AAA_1_Chambers_ALL_IV_72019.csv,well_421210098402001_26N_12W26AAA_1_Chambers_ALL_IV_72019.csv
/Users/jjason3/OneDrive - Georgia Institute of Technology/USGS_GW_data/NE_GW_IV/well_422801097334802_29N_2W29AAAA2_19M_ALL_IV_72019.csv,well_422801097334802_29N_2W29AAAA2_19M_ALL_IV_72019.csv
/Users/jjason3/OneDrive - Georgia Institute of Technology/USGS_GW_data/NE_GW_IV/well_422802097031601_29N_3E23CCCC1_LAUREL_CNBRLUSCR1_CE_17_ALL_IV_72019.csv,well_422802097031601_29N_3E23CCCC1_LAUREL_CNBRLUSCR1_CE_17_ALL_IV_72019.csv
/Users/jjason3/OneDrive - Georgia Institute of Technology/USGS_GW_data/NE_GW_IV/well_414107102233801_20N_53W26ABAB1_CHIMNEY_ROCK_RW03_ALL_IV_72019.csv,well_414107102233801_20N_53W26ABAB1_CHIMNEY_ROCK_RW03_ALL_IV_72019.csv
/Users/jjason3/OneDrive - Georgia Institute of Technology/USGS_GW_data/NE_GW_IV/well_413813103334501_19N_54W_8ACBB1_CASTLE_ROCK_RW01_ALL_IV_72019.csv,well_413813103334501_19N_54W_8ACBB1_CASTLE_ROCK_RW01_ALL_IV_72019.csv
/Users/jjason3/OneDrive - Georgia Institute of Technology/USGS_GW_data/NE_GW_IV/well_422245097553802_28N_5W20CCDD2_9D_ALL_IV_72019.csv,well_422245097553802_28N_5W20CCDD2_9D_ALL_IV_72019.csv
/Users/jjason3/OneDrive - Georgia Institute of Technology/USGS_GW_data/NE_GW_IV/well_422849099521503_29N_22W14CCBB3_Ainsworth_ALL_IV_72019.csv,well_422849099521503_29N_22W14CCBB3_Ainsworth_ALL_IV_72019.csv
/Users/jjason3/OneDrive - Georgia Institute of Technology/USGS_GW_data/NE_GW_IV/well_415628103554901_23N_57W28AAAA1_MORRILL_ALL_IV_72019.csv,well_415628103554901_23N_57W28AAAA1_MORRILL_ALL_IV_72019.csv
/Users/jjason3/OneDrive - Georgia Institute of Technology/USGS_GW_data/NE_GW_IV/well_413455102370701_19N_46W34BBB_1_BUSKE_RANCH_NPGC_30_S_ALL_IV_72019.csv,well_413455102370701_19N_46W34BBB_1_BUSKE_RANCH_NPGC_30_S_ALL_IV_72019.csv
/Users/jjason3/OneDrive - Georgia Institute of Technology/USGS_GW_data/NE_GW_IV/well_415559098005201_23N_6W28DC_1_Elgin_ALL_IV_72019.csv,well_415559098005201_23N_6W28DC_1_Elgin_ALL_IV_72019.csv
/Users/jjason3/OneDrive - Georgia Institute of Technology/USGS_GW_data/NE_GW_IV/well_420204101200502_24N_35W23DC_2_HECLA2_ALL_IV_72019.csv,well_420204101200502_24N_35W23DC_2_HECLA2_ALL_IV_72019.csv
/Users/jjason3/OneDrive - Georgia Institute of Technology/USGS_GW_data/NE_GW_IV/well_422150097402401_28N_3W33BA_1_OSMOND_ALL_IV_72019.csv,well_422150097402401_28N_3W33BA_1_OSMOND_ALL_IV_72019.csv
/Users/jjason3/OneDrive - Georgia Institute of Technology/USGS_GW_data/NE_GW_IV/well_415654103420401_23N_55W21CB1_UNIVERSITY_FARM_ALL_IV_72019.csv,well_415654103420401_23N_55W21CB1_UNIVERSITY_FARM_ALL_IV_72019.csv
/Users/jjason3/OneDrive - Georgia Institute of Technology/USGS_GW_data/NE_GW_IV/well_423148098300601_30N_10W_32DAA_O_Neill_ALL_IV_72019.csv,well_423148098300601_30N_10W_32DAA_O_Neill_ALL_IV_72019.csv
/Users/jjason3/OneDrive - Georgia Institute of Technology/USGS_GW_data/MS_GW_IV/well_334215089442701_043H0024_GRENADA_ALL_IV_72019.csv,well_334215089442701_043H0024_GRENADA_ALL_IV_72019.csv
/Users/jjason3/OneDrive - Georgia Institute of Technology/USGS_GW_data/MS_GW_IV/well_341210090343701_027J2013_COAHOMA_Clarksdale_ALL_IV_72019.csv,well_341210090343701_027J2013_COAHOMA_Clarksdale_ALL_IV_72019.csv
/Users/jjason3/OneDrive - Georgia Institute of Technology/USGS_GW_data/MS_GW_IV/well_332348090505301_151F0195_WASHINGTON_Leland_ALL_IV_72019.csv,well_332348090505301_151F0195_WASHINGTON_Leland_ALL_IV_72019.csv
/Users/jjason3/OneDrive - Georgia Institute of Technology/USGS_GW_data/MS_GW_IV/well_333145090261901_083J0196_LEFLORE_Quiver_River_ALL_IV_72019.csv,well_333145090261901_083J0196_LEFLORE_Quiver_River_ALL_IV_72019.csv
/Users/jjason3/OneDrive - Georgia Institute of Technology/USGS_GW_data/MS_GW_IV/well_334956090402201_011H0210_BOLIVAR_Merigold_ALL_IV_72019.csv,well_334956090402201_011H0210_BOLIVAR_Merigold_ALL_IV_72019.csv
/Users/jjason3/OneDrive - Georgia Institute of Technology/USGS_GW_data/MS_GW_IV/well_303530088542501_047D0115_HARRISON_ALL_IV_72019.csv,well_303530088542501_047D0115_HARRISON_ALL_IV_72019.csv
/Users/jjason3/OneDrive - Georgia Institute of Technology/USGS_GW_data/MS_GW_IV/well_335911090553901_011C0029_BOLIVAR_ALL_IV_72019.csv,well_335911090553901_011C0029_BOLIVAR_ALL_IV_72019.csv
/Users/jjason3/OneDrive - Georgia Institute of Technology/USGS_GW_data/MS_GW_IV/well_340841090134701_119M0072_QUITMAN_Allen_ALL_IV_72019.csv,well_340841090134701_119M0072_QUITMAN_Allen_ALL_IV_72019.csv
/Users/jjason3/OneDrive - Georgia Institute of Technology/USGS_GW_data/MS_GW_IV/well_343152088213003_117M0022_PRENTISS_ALL_IV_72019.csv,well_343152088213003_117M0022_PRENTISS_ALL_IV_72019.csv
/Users/jjason3/OneDrive - Georgia Institute of Technology/USGS_GW_data/MS_GW_IV/well_333251090323801_133O2058_SUNFLOWER_Sunflower_ALL_IV_72019.csv,well_333251090323801_133O2058_SUNFLOWER_Sunflower_ALL_IV_72019.csv
/Users/jjason3/OneDrive - Georgia Institute of Technology/USGS_GW_data/MS_GW_IV/well_314115088392301_153N0151_WAYNE_ALL_IV_72019.csv,well_314115088392301_153N0151_WAYNE_ALL_IV_72019.csv
/Users/jjason3/OneDrive - Georgia Institute of Technology/USGS_GW_data/MS_GW_IV/well_325728091002701_055A0175_ISSAQUENA_Hop_ALL_IV_72019.csv,well_325728091002701_055A0175_ISSAQUENA_Hop_ALL_IV_72019.csv
/Users/jjason3/OneDrive - Georgia Institute of Technology/USGS_GW_data/MS_GW_IV/well_333904090123801_083E0105_LEFLORE_Money_ALL_IV_72019.csv,well_333904090123801_083E0105_LEFLORE_Money_ALL_IV_72019.csv
/Users/jjason3/OneDrive - Georgia Institute of Technology/USGS_GW_data/MS_GW_IV/well_330152090595601_151S0194_WASHINGTON_Glen_Allan_ALL_IV_72019.csv,well_330152090595601_151S0194_WASHINGTON_Glen_Allan_ALL_IV_72019.csv
/Users/jjason3/OneDrive - Georgia Institute of Technology/USGS_GW_data/MS_GW_IV/well_323047090484401_149B2023_WARREN_Redwood_ALL_IV_72019.csv,well_323047090484401_149B2023_WARREN_Redwood_ALL_IV_72019.csv
/Users/jjason3/OneDrive - Georgia Institute of Technology/USGS_GW_data/MS_GW_IV/well_325817090464201_125C2027_SHARKEY_Anguilla_ALL_IV_72019.csv,well_325817090464201_125C2027_SHARKEY_Anguilla_ALL_IV_72019.csv
/Users/jjason3/OneDrive - Georgia Institute of Technology/USGS_GW_data/AL_GW_IV/well_342718087285601_Well_LAW_3_342718087285601_Lawrence_Cnty_AL_ALL_IV_72019.csv,well_342718087285601_Well_LAW_3_342718087285601_Lawrence_Cnty_AL_ALL_IV_72019.csv
/Users/jjason3/OneDrive - Georgia Institute of Technology/USGS_GW_data/AL_GW_IV/well_333605085204701_Well_CLEBURNE_CO_WELL_001_Cleburne_County_Al_ALL_IV_72019-DESKTOP-436VD27.csv,well_333605085204701_Well_CLEBURNE_CO_WELL_001_Cleburne_County_Al_ALL_IV_72019-DESKTOP-436VD27.csv
/Users/jjason3/OneDrive - Georgia Institute of Technology/USGS_GW_data/AL_GW_IV/well_333204087324601_Well_TW5_DRY_BRANCH_WELL_Tuscaloosa_Cnty_AL_ALL_IV_72019.csv,well_333204087324601_Well_TW5_DRY_BRANCH_WELL_Tuscaloosa_Cnty_AL_ALL_IV_72019.csv
/Users/jjason3/OneDrive - Georgia Institute of Technology/USGS_GW_data/AL_GW_IV/well_302416087505501_Well_ww_13_302416087505501_Baldwin_Cnty_AL_ALL_IV_72019.csv,well_302416087505501_Well_ww_13_302416087505501_Baldwin_Cnty_AL_ALL_IV_72019.csv
/Users/jjason3/OneDrive - Georgia Institute of Technology/USGS_GW_data/AL_GW_IV/well_335929087021001_Well_CULLMAN_CO_WELL_NEAR_COLD_SPRINGS_Al_ALL_IV_72019.csv,well_335929087021001_Well_CULLMAN_CO_WELL_NEAR_COLD_SPRINGS_Al_ALL_IV_72019.csv
/Users/jjason3/OneDrive - Georgia Institute of Technology/USGS_GW_data/AL_GW_IV/well_333605085204701_Well_CLEBURNE_CO_WELL_001_Cleburne_County_Al_ALL_IV_72019.csv,well_333605085204701_Well_CLEBURNE_CO_WELL_001_Cleburne_County_Al_ALL_IV_72019.csv
/Users/jjason3/OneDrive - Georgia Institute of Technology/USGS_GW_data/AL_GW_IV/well_323001088021601_Well_Y_1_323001088021601_Sumter_County_Al_ALL_IV_72019.csv,well_323001088021601_Well_Y_1_323001088021601_Sumter_County_Al_ALL_IV_72019.csv
/Users/jjason3/OneDrive - Georgia Institute of Technology/USGS_GW_data/AL_GW_IV/well_322047086214301_Well_K_107_MTG_3_Montgomery_County_Al_ALL_IV_72019.csv,well_322047086214301_Well_K_107_MTG_3_Montgomery_County_Al_ALL_IV_72019.csv
/Users/jjason3/OneDrive - Georgia Institute of Technology/USGS_GW_data/AL_GW_IV/well_311319086153601_Well_COVINGTON_COUNTY_WELL_1_Covington_Cnty_ALL_IV_72019.csv,well_311319086153601_Well_COVINGTON_COUNTY_WELL_1_Covington_Cnty_ALL_IV_72019.csv
/Users/jjason3/OneDrive - Georgia Institute of Technology/USGS_GW_data/AL_GW_IV/well_322500085551201_Well_NAWQA_LUSCR1_9_Macon_Cnty_AL_ALL_IV_72019.csv,well_322500085551201_Well_NAWQA_LUSCR1_9_Macon_Cnty_AL_ALL_IV_72019.csv
/Users/jjason3/OneDrive - Georgia Institute of Technology/USGS_GW_data/MN_GW_IV/well_433246092254801_SUPR_1_South_Undrained_Site_Perimeter_ALL_IV_72019.csv,well_433246092254801_SUPR_1_South_Undrained_Site_Perimeter_ALL_IV_72019.csv
/Users/jjason3/OneDrive - Georgia Institute of Technology/USGS_GW_data/MN_GW_IV/well_465652094394701_HB_3_UMN_Hydrogeology_Field_Site_0000825587_ALL_IV_72019.csv,well_465652094394701_HB_3_UMN_Hydrogeology_Field_Site_0000825587_ALL_IV_72019.csv
/Users/jjason3/OneDrive - Georgia Institute of Technology/USGS_GW_data/MN_GW_IV/well_445410093142801_LN_SE_L_Lake_Nokomis_Urban_GW_Study_0000867061_ALL_IV_72019.csv,well_445410093142801_LN_SE_L_Lake_Nokomis_Urban_GW_Study_0000867061_ALL_IV_72019.csv
/Users/jjason3/OneDrive - Georgia Institute of Technology/USGS_GW_data/MN_GW_IV/well_445435093150801_LN_W_U_Lake_Nokomis_Urban_GW_Study_0000867056_ALL_IV_72019.csv,well_445435093150801_LN_W_U_Lake_Nokomis_Urban_GW_Study_0000867056_ALL_IV_72019.csv
/Users/jjason3/OneDrive - Georgia Institute of Technology/USGS_GW_data/MN_GW_IV/well_433528092265102_NTR2_2_North_Drained_Site_Transect_2_ALL_IV_72019.csv,well_433528092265102_NTR2_2_North_Drained_Site_Transect_2_ALL_IV_72019.csv
/Users/jjason3/OneDrive - Georgia Institute of Technology/USGS_GW_data/MN_GW_IV/well_450542093105809_GS3_MW4_TCAAP_Site_K_ALL_IV_72019.csv,well_450542093105809_GS3_MW4_TCAAP_Site_K_ALL_IV_72019.csv
/Users/jjason3/OneDrive - Georgia Institute of Technology/USGS_GW_data/MN_GW_IV/well_464110092531401_CWO1_A_Cromwell_Far_Nest_0000773071_ALL_IV_72019.csv,well_464110092531401_CWO1_A_Cromwell_Far_Nest_0000773071_ALL_IV_72019.csv
/Users/jjason3/OneDrive - Georgia Institute of Technology/USGS_GW_data/MN_GW_IV/well_433531092265306_NTR3_5_North_Drained_Site_Transect_3_ALL_IV_72019.csv,well_433531092265306_NTR3_5_North_Drained_Site_Transect_3_ALL_IV_72019.csv
/Users/jjason3/OneDrive - Georgia Institute of Technology/USGS_GW_data/MN_GW_IV/well_433242092260901_SPR_1A_South_Drained_Site_Perimeter_ALL_IV_72019.csv,well_433242092260901_SPR_1A_South_Drained_Site_Perimeter_ALL_IV_72019.csv
/Users/jjason3/OneDrive - Georgia Institute of Technology/USGS_GW_data/MN_GW_IV/well_433249092260501_SPR_4_South_Drained_Site_Perimeter_ALL_IV_72019.csv,well_433249092260501_SPR_4_South_Drained_Site_Perimeter_ALL_IV_72019.csv
/Users/jjason3/OneDrive - Georgia Institute of Technology/USGS_GW_data/MN_GW_IV/well_474428091594601_WLN08_61N13W28ADBB01_Babbitt_CRN_0000786137_ALL_IV_72019.csv,well_474428091594601_WLN08_61N13W28ADBB01_Babbitt_CRN_0000786137_ALL_IV_72019.csv
/Users/jjason3/OneDrive - Georgia Institute of Technology/USGS_GW_data/MN_GW_IV/well_444630095002203_OT_20_Olivia_Field_Site_0000773085_ALL_IV_72019.csv,well_444630095002203_OT_20_Olivia_Field_Site_0000773085_ALL_IV_72019.csv
/Users/jjason3/OneDrive - Georgia Institute of Technology/USGS_GW_data/MN_GW_IV/well_433527092265504_NTR1_4_North_Drained_Site_Transect_1_ALL_IV_72019.csv,well_433527092265504_NTR1_4_North_Drained_Site_Transect_1_ALL_IV_72019.csv
/Users/jjason3/OneDrive - Georgia Institute of Technology/USGS_GW_data/MN_GW_IV/well_465652094394801_HT_115_UMN_Hydrogeology_Field_Site_0000773075_ALL_IV_72019.csv,well_465652094394801_HT_115_UMN_Hydrogeology_Field_Site_0000773075_ALL_IV_72019.csv
/Users/jjason3/OneDrive - Georgia Institute of Technology/USGS_GW_data/MN_GW_IV/well_450832094321201_LFO2_A_Litchfield_Near_Nest_0000773056_ALL_IV_72019.csv,well_450832094321201_LFO2_A_Litchfield_Near_Nest_0000773056_ALL_IV_72019.csv
/Users/jjason3/OneDrive - Georgia Institute of Technology/USGS_GW_data/MN_GW_IV/well_435239095074801_WLN07_105N36W23DCCCBC01_Windom_D28_0000620728_ALL_IV_72019.csv,well_435239095074801_WLN07_105N36W23DCCCBC01_Windom_D28_0000620728_ALL_IV_72019.csv
/Users/jjason3/OneDrive - Georgia Institute of Technology/USGS_GW_data/MN_GW_IV/well_433528092265107_NTR2_4_North_Drained_Site_Transect_2_ALL_IV_72019.csv,well_433528092265107_NTR2_4_North_Drained_Site_Transect_2_ALL_IV_72019.csv
/Users/jjason3/OneDrive - Georgia Institute of Technology/USGS_GW_data/MN_GW_IV/well_433243092260604_STR2_3B_South_Drained_Site_Transect_2_ALL_IV_72019.csv,well_433243092260604_STR2_3B_South_Drained_Site_Transect_2_ALL_IV_72019.csv
/Users/jjason3/OneDrive - Georgia Institute of Technology/USGS_GW_data/MN_GW_IV/well_433240092260601_SPR_5_South_Drained_Site_Perimeter_ALL_IV_72019.csv,well_433240092260601_SPR_5_South_Drained_Site_Perimeter_ALL_IV_72019.csv
/Users/jjason3/OneDrive - Georgia Institute of Technology/USGS_GW_data/MN_GW_IV/well_463418094183601_TS_MW1_Tiny_Sprouts_Monitoring_Well_0000850447_ALL_IV_72019.csv,well_463418094183601_TS_MW1_Tiny_Sprouts_Monitoring_Well_0000850447_ALL_IV_72019.csv
/Users/jjason3/OneDrive - Georgia Institute of Technology/USGS_GW_data/MN_GW_IV/well_444630095002206_OT_105_Olivia_Field_Site_0000773082_ALL_IV_72019.csv,well_444630095002206_OT_105_Olivia_Field_Site_0000773082_ALL_IV_72019.csv
/Users/jjason3/OneDrive - Georgia Institute of Technology/USGS_GW_data/MN_GW_IV/well_465652094394501_MW_01_UMN_Hydrogeology_Field_Site_0000569489_ALL_IV_72019.csv,well_465652094394501_MW_01_UMN_Hydrogeology_Field_Site_0000569489_ALL_IV_72019.csv
/Users/jjason3/OneDrive - Georgia Institute of Technology/USGS_GW_data/MN_GW_IV/well_433247092260704_STR1_3B_South_Drained_Site_Transect_1_ALL_IV_72019.csv,well_433247092260704_STR1_3B_South_Drained_Site_Transect_1_ALL_IV_72019.csv
/Users/jjason3/OneDrive - Georgia Institute of Technology/USGS_GW_data/MN_GW_IV/well_465652094394804_HT_200_UMN_Hydrogeology_Field_Site_0000773078_ALL_IV_72019.csv,well_465652094394804_HT_200_UMN_Hydrogeology_Field_Site_0000773078_ALL_IV_72019.csv
/Users/jjason3/OneDrive - Georgia Institute of Technology/USGS_GW_data/MN_GW_IV/well_450814094315003_LFO1_D_Litchfield_Far_Nest_0000773059_ALL_IV_72019.csv,well_450814094315003_LFO1_D_Litchfield_Far_Nest_0000773059_ALL_IV_72019.csv
/Users/jjason3/OneDrive - Georgia Institute of Technology/USGS_GW_data/MN_GW_IV/well_433531092265304_NTR3_3B_North_Drained_Site_Transect_3_ALL_IV_72019.csv,well_433531092265304_NTR3_3B_North_Drained_Site_Transect_3_ALL_IV_72019.csv
/Users/jjason3/OneDrive - Georgia Institute of Technology/USGS_GW_data/MN_GW_IV/well_450543093105306_GS1_MW4_TCAAP_Site_K_ALL_IV_72019.csv,well_450543093105306_GS1_MW4_TCAAP_Site_K_ALL_IV_72019.csv
/Users/jjason3/OneDrive - Georgia Institute of Technology/USGS_GW_data/MN_GW_IV/well_433527092265505_NTR1_5_North_Drained_Site_Transect_1_ALL_IV_72019.csv,well_433527092265505_NTR1_5_North_Drained_Site_Transect_1_ALL_IV_72019.csv
/Users/jjason3/OneDrive - Georgia Institute of Technology/USGS_GW_data/MN_GW_IV/well_473425095052602_604B_Bemidji_Toxics_Research_Site_0000273836_ALL_IV_72019.csv,well_473425095052602_604B_Bemidji_Toxics_Research_Site_0000273836_ALL_IV_72019.csv
/Users/jjason3/OneDrive - Georgia Institute of Technology/USGS_GW_data/MN_GW_IV/well_450543093105501_OW109U1R_TCAAP_Site_01U609R_0000773090_ALL_IV_72019.csv,well_450543093105501_OW109U1R_TCAAP_Site_01U609R_0000773090_ALL_IV_72019.csv
/Users/jjason3/OneDrive - Georgia Institute of Technology/USGS_GW_data/MN_GW_IV/well_450543093105301_OW111U1R_TCAAP_Site_01U611R_0000773089_ALL_IV_72019.csv,well_450543093105301_OW111U1R_TCAAP_Site_01U611R_0000773089_ALL_IV_72019.csv
/Users/jjason3/OneDrive - Georgia Institute of Technology/USGS_GW_data/MN_GW_IV/well_474921093144001_WLN01_062N23W26CDCDAB01_Togo_0000612778_ALL_IV_72019.csv,well_474921093144001_WLN01_062N23W26CDCDAB01_Togo_0000612778_ALL_IV_72019.csv
/Users/jjason3/OneDrive - Georgia Institute of Technology/USGS_GW_data/MN_GW_IV/well_473423095053301_WLN04_Bemidji_Toxics_Research_310D_0000273825_ALL_IV_72019.csv,well_473423095053301_WLN04_Bemidji_Toxics_Research_310D_0000273825_ALL_IV_72019.csv
/Users/jjason3/OneDrive - Georgia Institute of Technology/USGS_GW_data/MN_GW_IV/well_474126096165301_WLN06_149N44W27CDBB_01_G12_R_0000620672_ALL_IV_72019.csv,well_474126096165301_WLN06_149N44W27CDBB_01_G12_R_0000620672_ALL_IV_72019.csv
/Users/jjason3/OneDrive - Georgia Institute of Technology/USGS_GW_data/MN_GW_IV/well_450832094321204_LFO2_D_Litchfield_Near_Nest_0000773053_ALL_IV_72019.csv,well_450832094321204_LFO2_D_Litchfield_Near_Nest_0000773053_ALL_IV_72019.csv
/Users/jjason3/OneDrive - Georgia Institute of Technology/USGS_GW_data/MN_GW_IV/well_433528092265104_NTR2_3B_North_Drained_Site_Transect_2_ALL_IV_72019.csv,well_433528092265104_NTR2_3B_North_Drained_Site_Transect_2_ALL_IV_72019.csv
/Users/jjason3/OneDrive - Georgia Institute of Technology/USGS_GW_data/MN_GW_IV/well_433528092265108_NTR2_5_North_Drained_Site_Transect_2_ALL_IV_72019.csv,well_433528092265108_NTR2_5_North_Drained_Site_Transect_2_ALL_IV_72019.csv
/Users/jjason3/OneDrive - Georgia Institute of Technology/USGS_GW_data/MN_GW_IV/well_464112092531404_CWO2_D_Cromwell_Near_Nest_0000773065_ALL_IV_72019.csv,well_464112092531404_CWO2_D_Cromwell_Near_Nest_0000773065_ALL_IV_72019.csv
/Users/jjason3/OneDrive - Georgia Institute of Technology/USGS_GW_data/MN_GW_IV/well_433531092265301_NTR3_1_North_Drained_Site_Transect_3_ALL_IV_72019.csv,well_433531092265301_NTR3_1_North_Drained_Site_Transect_3_ALL_IV_72019.csv
/Users/jjason3/OneDrive - Georgia Institute of Technology/USGS_GW_data/MN_GW_IV/well_465652094394802_HT_140_UMN_Hydrogeology_Field_Site_0000773076_ALL_IV_72019.csv,well_465652094394802_HT_140_UMN_Hydrogeology_Field_Site_0000773076_ALL_IV_72019.csv
/Users/jjason3/OneDrive - Georgia Institute of Technology/USGS_GW_data/MN_GW_IV/well_444630095002205_OT_60_Olivia_Field_Site_0000773083_ALL_IV_72019.csv,well_444630095002205_OT_60_Olivia_Field_Site_0000773083_ALL_IV_72019.csv
/Users/jjason3/OneDrive - Georgia Institute of Technology/USGS_GW_data/MN_GW_IV/well_473425095052302_419C_Bemidji_Toxics_Research_Site_ALL_IV_72019.csv,well_473425095052302_419C_Bemidji_Toxics_Research_Site_ALL_IV_72019.csv
/Users/jjason3/OneDrive - Georgia Institute of Technology/USGS_GW_data/MN_GW_IV/well_444630095002209_OB_7_Olivia_Field_Site_0000773079_ALL_IV_72019.csv,well_444630095002209_OB_7_Olivia_Field_Site_0000773079_ALL_IV_72019.csv
/Users/jjason3/OneDrive - Georgia Institute of Technology/USGS_GW_data/MN_GW_IV/well_464112092531401_CWO2_A_Cromwell_Near_Nest_0000773068_ALL_IV_72019.csv,well_464112092531401_CWO2_A_Cromwell_Near_Nest_0000773068_ALL_IV_72019.csv
/Users/jjason3/OneDrive - Georgia Institute of Technology/USGS_GW_data/MN_GW_IV/well_433528092265106_NTR2_3D_North_Drained_Site_Transect_2_ALL_IV_72019.csv,well_433528092265106_NTR2_3D_North_Drained_Site_Transect_2_ALL_IV_72019.csv
/Users/jjason3/OneDrive - Georgia Institute of Technology/USGS_GW_data/MN_GW_IV/well_433249092260801_SPR_2_South_Drained_Site_Perimeter_ALL_IV_72019.csv,well_433249092260801_SPR_2_South_Drained_Site_Perimeter_ALL_IV_72019.csv
/Users/jjason3/OneDrive - Georgia Institute of Technology/USGS_GW_data/MN_GW_IV/well_445416093141501_LN_SE_U_Lake_Nokomis_Urban_GW_Study_0000867058_ALL_IV_72019.csv,well_445416093141501_LN_SE_U_Lake_Nokomis_Urban_GW_Study_0000867058_ALL_IV_72019.csv
/Users/jjason3/OneDrive - Georgia Institute of Technology/USGS_GW_data/MN_GW_IV/well_433245092254904_SUTR1_4_South_Undrained_Site_Transect_1_ALL_IV_72019.csv,well_433245092254904_SUTR1_4_South_Undrained_Site_Transect_1_ALL_IV_72019.csv
/Users/jjason3/OneDrive - Georgia Institute of Technology/USGS_GW_data/MN_GW_IV/well_433527092265701_NPR_4_North_Drained_Site_Perimeter_ALL_IV_72019.csv,well_433527092265701_NPR_4_North_Drained_Site_Perimeter_ALL_IV_72019.csv
/Users/jjason3/OneDrive - Georgia Institute of Technology/USGS_GW_data/MN_GW_IV/well_450543093105407_GS1_MW8_TCAAP_Site_K_ALL_IV_72019.csv,well_450543093105407_GS1_MW8_TCAAP_Site_K_ALL_IV_72019.csv
/Users/jjason3/OneDrive - Georgia Institute of Technology/USGS_GW_data/MN_GW_IV/well_433243092260605_STR2_4_South_Drained_Site_Transect_2_ALL_IV_72019.csv,well_433243092260605_STR2_4_South_Drained_Site_Transect_2_ALL_IV_72019.csv
/Users/jjason3/OneDrive - Georgia Institute of Technology/USGS_GW_data/MN_GW_IV/well_433247092260705_STR1_4_South_Drained_Site_Transect_1_ALL_IV_72019.csv,well_433247092260705_STR1_4_South_Drained_Site_Transect_1_ALL_IV_72019.csv
/Users/jjason3/OneDrive - Georgia Institute of Technology/USGS_GW_data/MN_GW_IV/well_433243092260606_STR2_5_South_Drained_Site_Transect_2_ALL_IV_72019.csv,well_433243092260606_STR2_5_South_Drained_Site_Transect_2_ALL_IV_72019.csv
/Users/jjason3/OneDrive - Georgia Institute of Technology/USGS_GW_data/MN_GW_IV/well_433247092260706_STR1_5_South_Drained_Site_Transect_1_ALL_IV_72019.csv,well_433247092260706_STR1_5_South_Drained_Site_Transect_1_ALL_IV_72019.csv
/Users/jjason3/OneDrive - Georgia Institute of Technology/USGS_GW_data/MN_GW_IV/well_450542093105508_GS2_MW8_TCAAP_Site_K_ALL_IV_72019.csv,well_450542093105508_GS2_MW8_TCAAP_Site_K_ALL_IV_72019.csv
/Users/jjason3/OneDrive - Georgia Institute of Technology/USGS_GW_data/MN_GW_IV/well_450542093105813_GS3_MW8_TCAAP_Site_K_ALL_IV_72019.csv,well_450542093105813_GS3_MW8_TCAAP_Site_K_ALL_IV_72019.csv
/Users/jjason3/OneDrive - Georgia Institute of Technology/USGS_GW_data/MN_GW_IV/well_433243092260602_STR2_2_South_Drained_Site_Transect_2_ALL_IV_72019.csv,well_433243092260602_STR2_2_South_Drained_Site_Transect_2_ALL_IV_72019.csv
/Users/jjason3/OneDrive - Georgia Institute of Technology/USGS_GW_data/MN_GW_IV/well_433247092260702_STR1_2_South_Drained_Site_Transect_1_ALL_IV_72019.csv,well_433247092260702_STR1_2_South_Drained_Site_Transect_1_ALL_IV_72019.csv
/Users/jjason3/OneDrive - Georgia Institute of Technology/USGS_GW_data/MN_GW_IV/well_444630095002208_OT_175_Olivia_Field_Site_0000773080_ALL_IV_72019.csv,well_444630095002208_OT_175_Olivia_Field_Site_0000773080_ALL_IV_72019.csv
/Users/jjason3/OneDrive - Georgia Institute of Technology/USGS_GW_data/MN_GW_IV/well_433531092263901_NPR_5_North_Drained_Site_Perimeter_ALL_IV_72019.csv,well_433531092263901_NPR_5_North_Drained_Site_Perimeter_ALL_IV_72019.csv
/Users/jjason3/OneDrive - Georgia Institute of Technology/USGS_GW_data/MN_GW_IV/well_450814094315001_LFO1_B_Litchfield_Far_Nest_0000773062_ALL_IV_72019.csv,well_450814094315001_LFO1_B_Litchfield_Far_Nest_0000773062_ALL_IV_72019.csv
/Users/jjason3/OneDrive - Georgia Institute of Technology/USGS_GW_data/MN_GW_IV/well_433533092265701_NPR_2_North_Drained_Site_Perimeter_ALL_IV_72019.csv,well_433533092265701_NPR_2_North_Drained_Site_Perimeter_ALL_IV_72019.csv
/Users/jjason3/OneDrive - Georgia Institute of Technology/USGS_GW_data/MN_GW_IV/well_443053094591001_LS_502_112N34W07CCCCBD01_LS_O01_recorder_LSIC_ALL_IV_72019.csv,well_443053094591001_LS_502_112N34W07CCCCBD01_LS_O01_recorder_LSIC_ALL_IV_72019.csv
/Users/jjason3/OneDrive - Georgia Institute of Technology/USGS_GW_data/MN_GW_IV/well_445436093144901_LN_W_L_Lake_Nokomis_Urban_GW_Study_0000867059_ALL_IV_72019.csv,well_445436093144901_LN_W_L_Lake_Nokomis_Urban_GW_Study_0000867059_ALL_IV_72019.csv
/Users/jjason3/OneDrive - Georgia Institute of Technology/USGS_GW_data/MN_GW_IV/well_433245092254905_SUTR1_5_South_Undrained_Site_Transect1_ALL_IV_72019.csv,well_433245092254905_SUTR1_5_South_Undrained_Site_Transect1_ALL_IV_72019.csv
/Users/jjason3/OneDrive - Georgia Institute of Technology/USGS_GW_data/MN_GW_IV/well_433527092265501_NTR1_1_North_Drained_Site_Transect_1_ALL_IV_72019.csv,well_433527092265501_NTR1_1_North_Drained_Site_Transect_1_ALL_IV_72019.csv
/Users/jjason3/OneDrive - Georgia Institute of Technology/USGS_GW_data/MN_GW_IV/well_433528092265101_NTR2_1_North_Drained_Site_Transect_1_ALL_IV_72019.csv,well_433528092265101_NTR2_1_North_Drained_Site_Transect_1_ALL_IV_72019.csv
/Users/jjason3/OneDrive - Georgia Institute of Technology/USGS_GW_data/MN_GW_IV/well_464110092531403_CWO1_C_Cromwell_Far_Nest_0000773069_ALL_IV_72019.csv,well_464110092531403_CWO1_C_Cromwell_Far_Nest_0000773069_ALL_IV_72019.csv
/Users/jjason3/OneDrive - Georgia Institute of Technology/USGS_GW_data/MN_GW_IV/well_433242092260902_SPR_1B_South_Drained_Site_Perimeter_ALL_IV_72019.csv,well_433242092260902_SPR_1B_South_Drained_Site_Perimeter_ALL_IV_72019.csv
/Users/jjason3/OneDrive - Georgia Institute of Technology/USGS_GW_data/MN_GW_IV/well_433528092265103_NTR2_3A_North_Drained_Site_Transect_2_ALL_IV_72019.csv,well_433528092265103_NTR2_3A_North_Drained_Site_Transect_2_ALL_IV_72019.csv
/Users/jjason3/OneDrive - Georgia Institute of Technology/USGS_GW_data/MN_GW_IV/well_450832094321203_LFO2_C_Litchfield_Near_Nest_0000773054_ALL_IV_72019.csv,well_450832094321203_LFO2_C_Litchfield_Near_Nest_0000773054_ALL_IV_72019.csv
/Users/jjason3/OneDrive - Georgia Institute of Technology/USGS_GW_data/MN_GW_IV/well_473426095052401_9015_Bemidji_Toxics_Research_Site_ALL_IV_72019.csv,well_473426095052401_9015_Bemidji_Toxics_Research_Site_ALL_IV_72019.csv
/Users/jjason3/OneDrive - Georgia Institute of Technology/USGS_GW_data/MN_GW_IV/well_433243092260603_STR2_3A_South_Drained_Site_Transect_2_ALL_IV_72019.csv,well_433243092260603_STR2_3A_South_Drained_Site_Transect_2_ALL_IV_72019.csv
/Users/jjason3/OneDrive - Georgia Institute of Technology/USGS_GW_data/MN_GW_IV/well_450832094321206_LFO2_F_Litchfield_Near_Nest_0000773051_ALL_IV_72019.csv,well_450832094321206_LFO2_F_Litchfield_Near_Nest_0000773051_ALL_IV_72019.csv
/Users/jjason3/OneDrive - Georgia Institute of Technology/USGS_GW_data/MN_GW_IV/well_445444093140401_LN_NE_L_Lake_Nokomis_Urban_GW_Study_0000867060_ALL_IV_72019.csv,well_445444093140401_LN_NE_L_Lake_Nokomis_Urban_GW_Study_0000867060_ALL_IV_72019.csv
/Users/jjason3/OneDrive - Georgia Institute of Technology/USGS_GW_data/MN_GW_IV/well_433247092260703_STR1_3A_South_Drained_Site_Transect_1_ALL_IV_72019.csv,well_433247092260703_STR1_3A_South_Drained_Site_Transect_1_ALL_IV_72019.csv
/Users/jjason3/OneDrive - Georgia Institute of Technology/USGS_GW_data/MN_GW_IV/well_450542093105401_OW108U1R_TCAAP_Site_01U608R_0000773092_ALL_IV_72019.csv,well_450542093105401_OW108U1R_TCAAP_Site_01U608R_0000773092_ALL_IV_72019.csv
/Users/jjason3/OneDrive - Georgia Institute of Technology/USGS_GW_data/MN_GW_IV/well_433527092265502_NTR1_2_North_Drained_Site_Transect_1_ALL_IV_72019.csv,well_433527092265502_NTR1_2_North_Drained_Site_Transect_1_ALL_IV_72019.csv
/Users/jjason3/OneDrive - Georgia Institute of Technology/USGS_GW_data/MN_GW_IV/well_452012093412701_WLN05_033N27W22BCD_01_ALUS_33_0000685849_ALL_IV_72019.csv,well_452012093412701_WLN05_033N27W22BCD_01_ALUS_33_0000685849_ALL_IV_72019.csv
/Users/jjason3/OneDrive - Georgia Institute of Technology/USGS_GW_data/MN_GW_IV/well_433533092264901_NPR_1_North_Drained_Site_Perimeter_ALL_IV_72019.csv,well_433533092264901_NPR_1_North_Drained_Site_Perimeter_ALL_IV_72019.csv
/Users/jjason3/OneDrive - Georgia Institute of Technology/USGS_GW_data/MN_GW_IV/well_433531092265303_NTR3_3A_North_Drained_Site_Transect_3_ALL_IV_72019.csv,well_433531092265303_NTR3_3A_North_Drained_Site_Transect_3_ALL_IV_72019.csv
/Users/jjason3/OneDrive - Georgia Institute of Technology/USGS_GW_data/MN_GW_IV/well_444630095002207_OT_145_Olivia_Field_Site_0000773081_ALL_IV_72019.csv,well_444630095002207_OT_145_Olivia_Field_Site_0000773081_ALL_IV_72019.csv
/Users/jjason3/OneDrive - Georgia Institute of Technology/USGS_GW_data/MN_GW_IV/well_455927095123101_WLN03_129N36W15BBBB_02_Belle_River_0000708358_ALL_IV_72019.csv,well_455927095123101_WLN03_129N36W15BBBB_02_Belle_River_0000708358_ALL_IV_72019.csv
/Users/jjason3/OneDrive - Georgia Institute of Technology/USGS_GW_data/MN_GW_IV/well_450542093105506_GS2_MW4_TCAAP_Site_K_ALL_IV_72019.csv,well_450542093105506_GS2_MW4_TCAAP_Site_K_ALL_IV_72019.csv
/Users/jjason3/OneDrive - Georgia Institute of Technology/USGS_GW_data/MN_GW_IV/well_464110092531402_CWO1_B_Cromwell_Far_Nest_0000773070_ALL_IV_72019.csv,well_464110092531402_CWO1_B_Cromwell_Far_Nest_0000773070_ALL_IV_72019.csv
/Users/jjason3/OneDrive - Georgia Institute of Technology/USGS_GW_data/MN_GW_IV/well_450814094315006_LFO1_F_Litchfield_Far_Nest_0000773057_ALL_IV_72019.csv,well_450814094315006_LFO1_F_Litchfield_Far_Nest_0000773057_ALL_IV_72019.csv
/Users/jjason3/OneDrive - Georgia Institute of Technology/USGS_GW_data/MN_GW_IV/well_433527092265503_NTR1_3_North_Drained_Site_Transect_1_ALL_IV_72019.csv,well_433527092265503_NTR1_3_North_Drained_Site_Transect_1_ALL_IV_72019.csv
/Users/jjason3/OneDrive - Georgia Institute of Technology/USGS_GW_data/MN_GW_IV/well_433244092255002_SUPR_4_South_Undrained_Site_Perimeter_ALL_IV_72019.csv,well_433244092255002_SUPR_4_South_Undrained_Site_Perimeter_ALL_IV_72019.csv
/Users/jjason3/OneDrive - Georgia Institute of Technology/USGS_GW_data/MN_GW_IV/well_435723092171801_WLN10_106N12W29ACCC_01_Marion_CRN_0000817784_ALL_IV_72019.csv,well_435723092171801_WLN10_106N12W29ACCC_01_Marion_CRN_0000817784_ALL_IV_72019.csv
/Users/jjason3/OneDrive - Georgia Institute of Technology/USGS_GW_data/MN_GW_IV/well_445450093140101_LN_NE_U_Lake_Nokomis_Urban_GW_Study_0000867057_ALL_IV_72019.csv,well_445450093140101_LN_NE_U_Lake_Nokomis_Urban_GW_Study_0000867057_ALL_IV_72019.csv
/Users/jjason3/OneDrive - Georgia Institute of Technology/USGS_GW_data/MN_GW_IV/well_433246092255001_SUPR_2_South_Undrained_Site_Perimeter_ALL_IV_72019.csv,well_433246092255001_SUPR_2_South_Undrained_Site_Perimeter_ALL_IV_72019.csv
/Users/jjason3/OneDrive - Georgia Institute of Technology/USGS_GW_data/MN_GW_IV/well_465652094394803_HT_175_UMN_Hydrogeology_Field_Site_0000773077_ALL_IV_72019.csv,well_465652094394803_HT_175_UMN_Hydrogeology_Field_Site_0000773077_ALL_IV_72019.csv
/Users/jjason3/OneDrive - Georgia Institute of Technology/USGS_GW_data/MN_GW_IV/well_433247092260701_STR1_1_South_Drained_Site_Transect_1_ALL_IV_72019.csv,well_433247092260701_STR1_1_South_Drained_Site_Transect_1_ALL_IV_72019.csv
/Users/jjason3/OneDrive - Georgia Institute of Technology/USGS_GW_data/MN_GW_IV/well_433243092260601_STR2_1_South_Drained_Site_Transect_2_ALL_IV_72019.csv,well_433243092260601_STR2_1_South_Drained_Site_Transect_2_ALL_IV_72019.csv
/Users/jjason3/OneDrive - Georgia Institute of Technology/USGS_GW_data/GA_GW_IV/well_320754081364301_33R045_ALL_IV_72019.csv,well_320754081364301_33R045_ALL_IV_72019.csv
/Users/jjason3/OneDrive - Georgia Institute of Technology/USGS_GW_data/GA_GW_IV/well_313253081433501_32L005_ALL_IV_72019.csv,well_313253081433501_32L005_ALL_IV_72019.csv
/Users/jjason3/OneDrive - Georgia Institute of Technology/USGS_GW_data/GA_GW_IV/well_313532084203501_11L002_ALL_IV_72019.csv,well_313532084203501_11L002_ALL_IV_72019.csv
/Users/jjason3/OneDrive - Georgia Institute of Technology/USGS_GW_data/GA_GW_IV/well_310706082155101_27G003_ALL_IV_72019.csv,well_310706082155101_27G003_ALL_IV_72019.csv
/Users/jjason3/OneDrive - Georgia Institute of Technology/USGS_GW_data/GA_GW_IV/well_324209082430201_24V001_ALL_IV_72019.csv,well_324209082430201_24V001_ALL_IV_72019.csv
/Users/jjason3/OneDrive - Georgia Institute of Technology/USGS_GW_data/GA_GW_IV/well_312237084391701_08K025_ALL_IV_72019.csv,well_312237084391701_08K025_ALL_IV_72019.csv
/Users/jjason3/OneDrive - Georgia Institute of Technology/USGS_GW_data/GA_GW_IV/well_320127080511203_39Q026_ALL_IV_72019.csv,well_320127080511203_39Q026_ALL_IV_72019.csv
/Users/jjason3/OneDrive - Georgia Institute of Technology/USGS_GW_data/GA_GW_IV/well_321302082243601_26R001_ALL_IV_72019.csv,well_321302082243601_26R001_ALL_IV_72019.csv
/Users/jjason3/OneDrive - Georgia Institute of Technology/USGS_GW_data/GA_GW_IV/well_310507084262201_10G313_ALL_IV_72019.csv,well_310507084262201_10G313_ALL_IV_72019.csv
/Users/jjason3/OneDrive - Georgia Institute of Technology/USGS_GW_data/GA_GW_IV/well_315906081011202_37P114_ALL_IV_72019.csv,well_315906081011202_37P114_ALL_IV_72019.csv
/Users/jjason3/OneDrive - Georgia Institute of Technology/USGS_GW_data/GA_GW_IV/well_311007081301701_33H127_ALL_IV_72019.csv,well_311007081301701_33H127_ALL_IV_72019.csv
/Users/jjason3/OneDrive - Georgia Institute of Technology/USGS_GW_data/GA_GW_IV/well_344314083433201_16MM03_ALL_IV_72019.csv,well_344314083433201_16MM03_ALL_IV_72019.csv
/Users/jjason3/OneDrive - Georgia Institute of Technology/USGS_GW_data/GA_GW_IV/well_311647084173801_11J025_ALL_IV_72019.csv,well_311647084173801_11J025_ALL_IV_72019.csv
/Users/jjason3/OneDrive - Georgia Institute of Technology/USGS_GW_data/GA_GW_IV/well_311456081210501_35H068_ALL_IV_72019.csv,well_311456081210501_35H068_ALL_IV_72019.csv
/Users/jjason3/OneDrive - Georgia Institute of Technology/USGS_GW_data/GA_GW_IV/well_312827084551501_06K009_ALL_IV_72019.csv,well_312827084551501_06K009_ALL_IV_72019.csv
/Users/jjason3/OneDrive - Georgia Institute of Technology/USGS_GW_data/GA_GW_IV/well_312853084275101_10K005_ALL_IV_72019.csv,well_312853084275101_10K005_ALL_IV_72019.csv
/Users/jjason3/OneDrive - Georgia Institute of Technology/USGS_GW_data/GA_GW_IV/well_332221081584602_30AA38_ALL_IV_72019.csv,well_332221081584602_30AA38_ALL_IV_72019.csv
/Users/jjason3/OneDrive - Georgia Institute of Technology/USGS_GW_data/GA_GW_IV/well_314330084005401_13M005_ALL_IV_72019.csv,well_314330084005401_13M005_ALL_IV_72019.csv
/Users/jjason3/OneDrive - Georgia Institute of Technology/USGS_GW_data/GA_GW_IV/well_342125084083301_12JJ04_ALL_IV_72019.csv,well_342125084083301_12JJ04_ALL_IV_72019.csv
/Users/jjason3/OneDrive - Georgia Institute of Technology/USGS_GW_data/GA_GW_IV/well_315731083542301_14P014_ALL_IV_72019.csv,well_315731083542301_14P014_ALL_IV_72019.csv
/Users/jjason3/OneDrive - Georgia Institute of Technology/USGS_GW_data/GA_GW_IV/well_311028081285902_34H552_ALL_IV_72019.csv,well_311028081285902_34H552_ALL_IV_72019.csv
/Users/jjason3/OneDrive - Georgia Institute of Technology/USGS_GW_data/GA_GW_IV/well_312617084110701_12K014_ALL_IV_72019.csv,well_312617084110701_12K014_ALL_IV_72019.csv
/Users/jjason3/OneDrive - Georgia Institute of Technology/USGS_GW_data/GA_GW_IV/well_322036084590301_06S001_ALL_IV_72019.csv,well_322036084590301_06S001_ALL_IV_72019.csv
/Users/jjason3/OneDrive - Georgia Institute of Technology/USGS_GW_data/GA_GW_IV/well_320357081162001_35Q070_ALL_IV_72019.csv,well_320357081162001_35Q070_ALL_IV_72019.csv
/Users/jjason3/OneDrive - Georgia Institute of Technology/USGS_GW_data/GA_GW_IV/well_310825081294201_34H393_TW_17_Glynn_County_GA_ALL_IV_72019.csv,well_310825081294201_34H393_TW_17_Glynn_County_GA_ALL_IV_72019.csv
/Users/jjason3/OneDrive - Georgia Institute of Technology/USGS_GW_data/GA_GW_IV/well_315731083542302_14P015_ALL_IV_72019.csv,well_315731083542302_14P015_ALL_IV_72019.csv
/Users/jjason3/OneDrive - Georgia Institute of Technology/USGS_GW_data/GA_GW_IV/well_331944082025501_29AA42_ALL_IV_72019.csv,well_331944082025501_29AA42_ALL_IV_72019.csv
/Users/jjason3/OneDrive - Georgia Institute of Technology/USGS_GW_data/GA_GW_IV/well_313534084103003_12L021_ALL_IV_72019.csv,well_313534084103003_12L021_ALL_IV_72019.csv
/Users/jjason3/OneDrive - Georgia Institute of Technology/USGS_GW_data/GA_GW_IV/well_313813084125001_12M001_ALL_IV_72019.csv,well_313813084125001_12M001_ALL_IV_72019.csv
/Users/jjason3/OneDrive - Georgia Institute of Technology/USGS_GW_data/GA_GW_IV/well_313253081433504_32L017_ALL_IV_72019.csv,well_313253081433504_32L017_ALL_IV_72019.csv
/Users/jjason3/OneDrive - Georgia Institute of Technology/USGS_GW_data/GA_GW_IV/well_325232082131501_28X001_ALL_IV_72019.csv,well_325232082131501_28X001_ALL_IV_72019.csv
/Users/jjason3/OneDrive - Georgia Institute of Technology/USGS_GW_data/GA_GW_IV/well_312712082593301_18K049_ALL_IV_72019.csv,well_312712082593301_18K049_ALL_IV_72019.csv
/Users/jjason3/OneDrive - Georgia Institute of Technology/USGS_GW_data/GA_GW_IV/well_312446081271203_34K104_ALL_IV_72019.csv,well_312446081271203_34K104_ALL_IV_72019.csv
/Users/jjason3/OneDrive - Georgia Institute of Technology/USGS_GW_data/GA_GW_IV/well_310428084310503_09G003_ALL_IV_72019.csv,well_310428084310503_09G003_ALL_IV_72019.csv
/Users/jjason3/OneDrive - Georgia Institute of Technology/USGS_GW_data/GA_GW_IV/well_322652083033001_21T001_ALL_IV_72019.csv,well_322652083033001_21T001_ALL_IV_72019.csv
/Users/jjason3/OneDrive - Georgia Institute of Technology/USGS_GW_data/GA_GW_IV/well_304806084404101_08E039_ALL_IV_72019.csv,well_304806084404101_08E039_ALL_IV_72019.csv
/Users/jjason3/OneDrive - Georgia Institute of Technology/USGS_GW_data/GA_GW_IV/well_311456081210503_35H070_ALL_IV_72019.csv,well_311456081210503_35H070_ALL_IV_72019.csv
/Users/jjason3/OneDrive - Georgia Institute of Technology/USGS_GW_data/GA_GW_IV/well_313253081433503_32L016_ALL_IV_72019.csv,well_313253081433503_32L016_ALL_IV_72019.csv
/Users/jjason3/OneDrive - Georgia Institute of Technology/USGS_GW_data/GA_GW_IV/well_322245083290101_18T001_ALL_IV_72019.csv,well_322245083290101_18T001_ALL_IV_72019.csv
/Users/jjason3/OneDrive - Georgia Institute of Technology/USGS_GW_data/GA_GW_IV/well_314330084005403_13M007_ALL_IV_72019.csv,well_314330084005403_13M007_ALL_IV_72019.csv
/Users/jjason3/OneDrive - Georgia Institute of Technology/USGS_GW_data/GA_GW_IV/well_310810081292801_34H504_ALL_IV_72019.csv,well_310810081292801_34H504_ALL_IV_72019.csv
/Users/jjason3/OneDrive - Georgia Institute of Technology/USGS_GW_data/GA_GW_IV/well_315353084192501_11P014_ALL_IV_72019.csv,well_315353084192501_11P014_ALL_IV_72019.csv
/Users/jjason3/OneDrive - Georgia Institute of Technology/USGS_GW_data/GA_GW_IV/well_330548081391102_32Y031_ALL_IV_72019.csv,well_330548081391102_32Y031_ALL_IV_72019.csv
/Users/jjason3/OneDrive - Georgia Institute of Technology/USGS_GW_data/GA_GW_IV/well_332221081584601_30AA37_ALL_IV_72019.csv,well_332221081584601_30AA37_ALL_IV_72019.csv
/Users/jjason3/OneDrive - Georgia Institute of Technology/USGS_GW_data/GA_GW_IV/well_313534084103001_12L019_ALL_IV_72019.csv,well_313534084103001_12L019_ALL_IV_72019.csv
/Users/jjason3/OneDrive - Georgia Institute of Technology/USGS_GW_data/GA_GW_IV/well_311454081210503_35H076_ALL_IV_72019.csv,well_311454081210503_35H076_ALL_IV_72019.csv
/Users/jjason3/OneDrive - Georgia Institute of Technology/USGS_GW_data/GA_GW_IV/well_314602084473701_07N001_ALL_IV_72019.csv,well_314602084473701_07N001_ALL_IV_72019.csv
/Users/jjason3/OneDrive - Georgia Institute of Technology/USGS_GW_data/GA_GW_IV/well_311009084495503_07H003_ALL_IV_72019.csv,well_311009084495503_07H003_ALL_IV_72019.csv
/Users/jjason3/OneDrive - Georgia Institute of Technology/USGS_GW_data/GA_GW_IV/well_313253081433502_32L015_ALL_IV_72019.csv,well_313253081433502_32L015_ALL_IV_72019.csv
/Users/jjason3/OneDrive - Georgia Institute of Technology/USGS_GW_data/GA_GW_IV/well_311711081283002_34J077_ALL_IV_72019.csv,well_311711081283002_34J077_ALL_IV_72019.csv
/Users/jjason3/OneDrive - Georgia Institute of Technology/USGS_GW_data/GA_GW_IV/well_304712084395801_08E038_ALL_IV_72019.csv,well_304712084395801_08E038_ALL_IV_72019.csv
/Users/jjason3/OneDrive - Georgia Institute of Technology/USGS_GW_data/GA_GW_IV/well_320127080511201_39Q024_ALL_IV_72019.csv,well_320127080511201_39Q024_ALL_IV_72019.csv
/Users/jjason3/OneDrive - Georgia Institute of Technology/USGS_GW_data/GA_GW_IV/well_320226082301101_25Q001_ALL_IV_72019.csv,well_320226082301101_25Q001_ALL_IV_72019.csv
/Users/jjason3/OneDrive - Georgia Institute of Technology/USGS_GW_data/GA_GW_IV/well_320622081063702_37Q186_ALL_IV_72019.csv,well_320622081063702_37Q186_ALL_IV_72019.csv
/Users/jjason3/OneDrive - Georgia Institute of Technology/USGS_GW_data/GA_GW_IV/well_325848082480901_23X027_ALL_IV_72019.csv,well_325848082480901_23X027_ALL_IV_72019.csv
/Users/jjason3/OneDrive - Georgia Institute of Technology/USGS_GW_data/GA_GW_IV/well_322234081190003_35T005_ALL_IV_72019.csv,well_322234081190003_35T005_ALL_IV_72019.csv
/Users/jjason3/OneDrive - Georgia Institute of Technology/USGS_GW_data/GA_GW_IV/well_320021081124801_36Q020_ALL_IV_72019.csv,well_320021081124801_36Q020_ALL_IV_72019.csv
/Users/jjason3/OneDrive - Georgia Institute of Technology/USGS_GW_data/GA_GW_IV/well_310925081312201_33H206_ALL_IV_72019.csv,well_310925081312201_33H206_ALL_IV_72019.csv
/Users/jjason3/OneDrive - Georgia Institute of Technology/USGS_GW_data/GA_GW_IV/well_310901081284402_34H437_ALL_IV_72019.csv,well_310901081284402_34H437_ALL_IV_72019.csv
/Users/jjason3/OneDrive - Georgia Institute of Technology/USGS_GW_data/GA_GW_IV/well_310418081244701_34G033_ALL_IV_72019.csv,well_310418081244701_34G033_ALL_IV_72019.csv
/Users/jjason3/OneDrive - Georgia Institute of Technology/USGS_GW_data/GA_GW_IV/well_320202080541202_38Q208_ALL_IV_72019.csv,well_320202080541202_38Q208_ALL_IV_72019.csv
/Users/jjason3/OneDrive - Georgia Institute of Technology/USGS_GW_data/GA_GW_IV/well_313823081154201_35M013_ALL_IV_72019.csv,well_313823081154201_35M013_ALL_IV_72019.csv
/Users/jjason3/OneDrive - Georgia Institute of Technology/USGS_GW_data/GA_GW_IV/well_310428084310501_09G001_ALL_IV_72019.csv,well_310428084310501_09G001_ALL_IV_72019.csv
/Users/jjason3/OneDrive - Georgia Institute of Technology/USGS_GW_data/GA_GW_IV/well_310925081312202_33H207_ALL_IV_72019.csv,well_310925081312202_33H207_ALL_IV_72019.csv
/Users/jjason3/OneDrive - Georgia Institute of Technology/USGS_GW_data/GA_GW_IV/well_310901081284401_34H436_ALL_IV_72019.csv,well_310901081284401_34H436_ALL_IV_72019.csv
/Users/jjason3/OneDrive - Georgia Institute of Technology/USGS_GW_data/GA_GW_IV/well_311007081301702_33H133_ALL_IV_72019.csv,well_311007081301702_33H133_ALL_IV_72019.csv
/Users/jjason3/OneDrive - Georgia Institute of Technology/USGS_GW_data/GA_GW_IV/well_330548081391103_32Y033_ALL_IV_72019.csv,well_330548081391103_32Y033_ALL_IV_72019.csv
/Users/jjason3/OneDrive - Georgia Institute of Technology/USGS_GW_data/GA_GW_IV/well_311802084192301_11J011_ALL_IV_72019.csv,well_311802084192301_11J011_ALL_IV_72019.csv
/Users/jjason3/OneDrive - Georgia Institute of Technology/USGS_GW_data/GA_GW_IV/well_313146083491601_15L020_ALL_IV_72019.csv,well_313146083491601_15L020_ALL_IV_72019.csv
/Users/jjason3/OneDrive - Georgia Institute of Technology/USGS_GW_data/GA_GW_IV/well_331507084171801_11AA01_ALL_IV_72019.csv,well_331507084171801_11AA01_ALL_IV_72019.csv
/Users/jjason3/OneDrive - Georgia Institute of Technology/USGS_GW_data/GA_GW_IV/well_312827084551503_06K010_ALL_IV_72019.csv,well_312827084551503_06K010_ALL_IV_72019.csv
/Users/jjason3/OneDrive - Georgia Institute of Technology/USGS_GW_data/GA_GW_IV/well_340204083132601_20GG41_ALL_IV_72019.csv,well_340204083132601_20GG41_ALL_IV_72019.csv
/Users/jjason3/OneDrive - Georgia Institute of Technology/USGS_GW_data/GA_GW_IV/well_315906081011204_37P116_ALL_IV_72019.csv,well_315906081011204_37P116_ALL_IV_72019.csv
/Users/jjason3/OneDrive - Georgia Institute of Technology/USGS_GW_data/GA_GW_IV/well_330548081391101_32Y030_ALL_IV_72019.csv,well_330548081391101_32Y030_ALL_IV_72019.csv
/Users/jjason3/OneDrive - Georgia Institute of Technology/USGS_GW_data/GA_GW_IV/well_315353084192502_11P015_ALL_IV_72019.csv,well_315353084192502_11P015_ALL_IV_72019.csv
/Users/jjason3/OneDrive - Georgia Institute of Technology/USGS_GW_data/GA_GW_IV/well_310810081292802_34H505_ALL_IV_72019.csv,well_310810081292802_34H505_ALL_IV_72019.csv
/Users/jjason3/OneDrive - Georgia Institute of Technology/USGS_GW_data/GA_GW_IV/well_320530081085001_36Q008_ALL_IV_72019.csv,well_320530081085001_36Q008_ALL_IV_72019.csv
/Users/jjason3/OneDrive - Georgia Institute of Technology/USGS_GW_data/GA_GW_IV/well_320127080511301_39Q027_ALL_IV_72019.csv,well_320127080511301_39Q027_ALL_IV_72019.csv
/Users/jjason3/OneDrive - Georgia Institute of Technology/USGS_GW_data/GA_GW_IV/well_315443081185903_35P125_ALL_IV_72019.csv,well_315443081185903_35P125_ALL_IV_72019.csv
/Users/jjason3/OneDrive - Georgia Institute of Technology/USGS_GW_data/GA_GW_IV/well_310818081293701_34H371_ALL_IV_72019.csv,well_310818081293701_34H371_ALL_IV_72019.csv
/Users/jjason3/OneDrive - Georgia Institute of Technology/USGS_GW_data/GA_GW_IV/well_310931081291002_34H514_ALL_IV_72019.csv,well_310931081291002_34H514_ALL_IV_72019.csv
/Users/jjason3/OneDrive - Georgia Institute of Technology/USGS_GW_data/GA_GW_IV/well_320433081042701_37Q016_ALL_IV_72019.csv,well_320433081042701_37Q016_ALL_IV_72019.csv
/Users/jjason3/OneDrive - Georgia Institute of Technology/USGS_GW_data/GA_GW_IV/well_332528082003301_29BB67_ALL_IV_72019.csv,well_332528082003301_29BB67_ALL_IV_72019.csv
/Users/jjason3/OneDrive - Georgia Institute of Technology/USGS_GW_data/GA_GW_IV/well_322236081191001_35T003_ALL_IV_72019.csv,well_322236081191001_35T003_ALL_IV_72019.csv
/Users/jjason3/OneDrive - Georgia Institute of Technology/USGS_GW_data/GA_GW_IV/well_310410081343801_33G050_ALL_IV_72019.csv,well_310410081343801_33G050_ALL_IV_72019.csv
/Users/jjason3/OneDrive - Georgia Institute of Technology/USGS_GW_data/GA_GW_IV/well_335612084312902_09FF18_ALL_IV_72019.csv,well_335612084312902_09FF18_ALL_IV_72019.csv
/Users/jjason3/OneDrive - Georgia Institute of Technology/USGS_GW_data/GA_GW_IV/well_311647084173803_11J030_ALL_IV_72019.csv,well_311647084173803_11J030_ALL_IV_72019.csv
/Users/jjason3/OneDrive - Georgia Institute of Technology/USGS_GW_data/GA_GW_IV/well_311456081210504_35H077_ALL_IV_72019.csv,well_311456081210504_35H077_ALL_IV_72019.csv
/Users/jjason3/OneDrive - Georgia Institute of Technology/USGS_GW_data/GA_GW_IV/well_311022081304601_33H324_ALL_IV_72019.csv,well_311022081304601_33H324_ALL_IV_72019.csv
/Users/jjason3/OneDrive - Georgia Institute of Technology/USGS_GW_data/GA_GW_IV/well_313247084005001_13L180_ALL_IV_72019.csv,well_313247084005001_13L180_ALL_IV_72019.csv
/Users/jjason3/OneDrive - Georgia Institute of Technology/USGS_GW_data/GA_GW_IV/well_342922084511601_07KK64_ALL_IV_72019.csv,well_342922084511601_07KK64_ALL_IV_72019.csv
/Users/jjason3/OneDrive - Georgia Institute of Technology/USGS_GW_data/GA_GW_IV/well_323123081511601_31U008_ALL_IV_72019.csv,well_323123081511601_31U008_ALL_IV_72019.csv
/Users/jjason3/OneDrive - Georgia Institute of Technology/USGS_GW_data/GA_GW_IV/well_310818081294201_34H391_ALL_IV_72019.csv,well_310818081294201_34H391_ALL_IV_72019.csv
/Users/jjason3/OneDrive - Georgia Institute of Technology/USGS_GW_data/GA_GW_IV/well_321742081234901_34S008_ALL_IV_72019.csv,well_321742081234901_34S008_ALL_IV_72019.csv
/Users/jjason3/OneDrive - Georgia Institute of Technology/USGS_GW_data/GA_GW_IV/well_320122080510204_39Q003_ALL_IV_72019.csv,well_320122080510204_39Q003_ALL_IV_72019.csv
/Users/jjason3/OneDrive - Georgia Institute of Technology/USGS_GW_data/GA_GW_IV/well_321742081234904_34S011_ALL_IV_72019.csv,well_321742081234904_34S011_ALL_IV_72019.csv
/Users/jjason3/OneDrive - Georgia Institute of Technology/USGS_GW_data/GA_GW_IV/well_320202080541201_38Q002_ALL_IV_72019.csv,well_320202080541201_38Q002_ALL_IV_72019.csv
/Users/jjason3/OneDrive - Georgia Institute of Technology/USGS_GW_data/GA_GW_IV/well_323123081511602_31U009_ALL_IV_72019.csv,well_323123081511602_31U009_ALL_IV_72019.csv
/Users/jjason3/OneDrive - Georgia Institute of Technology/USGS_GW_data/GA_GW_IV/well_331711081573701_30AA04_ALL_IV_72019.csv,well_331711081573701_30AA04_ALL_IV_72019.csv
/Users/jjason3/OneDrive - Georgia Institute of Technology/USGS_GW_data/GA_GW_IV/well_310602081423601_32G047_ALL_IV_72019.csv,well_310602081423601_32G047_ALL_IV_72019.csv
/Users/jjason3/OneDrive - Georgia Institute of Technology/USGS_GW_data/GA_GW_IV/well_310835081294501_34H495_ALL_IV_72019.csv,well_310835081294501_34H495_ALL_IV_72019.csv
/Users/jjason3/OneDrive - Georgia Institute of Technology/USGS_GW_data/GA_GW_IV/well_335517084164001_11FF04_ALL_IV_72019.csv,well_335517084164001_11FF04_ALL_IV_72019.csv
/Users/jjason3/OneDrive - Georgia Institute of Technology/USGS_GW_data/GA_GW_IV/well_304406081330503_33D072_ALL_IV_72019.csv,well_304406081330503_33D072_ALL_IV_72019.csv
/Users/jjason3/OneDrive - Georgia Institute of Technology/USGS_GW_data/GA_GW_IV/well_311909081281103_34J082_ALL_IV_72019.csv,well_311909081281103_34J082_ALL_IV_72019.csv
/Users/jjason3/OneDrive - Georgia Institute of Technology/USGS_GW_data/GA_GW_IV/well_311022081304602_33H325_ALL_IV_72019.csv,well_311022081304602_33H325_ALL_IV_72019.csv
/Users/jjason3/OneDrive - Georgia Institute of Technology/USGS_GW_data/GA_GW_IV/well_320202080541203_38Q209_ALL_IV_72019.csv,well_320202080541203_38Q209_ALL_IV_72019.csv
/Users/jjason3/OneDrive - Georgia Institute of Technology/USGS_GW_data/GA_GW_IV/well_311530081363901_33J062_ALL_IV_72019.csv,well_311530081363901_33J062_ALL_IV_72019.csv
/Users/jjason3/OneDrive - Georgia Institute of Technology/USGS_GW_data/GA_GW_IV/well_332131082013401_29AA09_ALL_IV_72019.csv,well_332131082013401_29AA09_ALL_IV_72019.csv
/Users/jjason3/OneDrive - Georgia Institute of Technology/USGS_GW_data/GA_GW_IV/well_310835081294502_34H500_ALL_IV_72019.csv,well_310835081294502_34H500_ALL_IV_72019.csv
/Users/jjason3/OneDrive - Georgia Institute of Technology/USGS_GW_data/GA_GW_IV/well_314330084005402_13M006_ALL_IV_72019.csv,well_314330084005402_13M006_ALL_IV_72019.csv
/Users/jjason3/OneDrive - Georgia Institute of Technology/USGS_GW_data/GA_GW_IV/well_313808084093601_12M017_ALL_IV_72019.csv,well_313808084093601_12M017_ALL_IV_72019.csv
/Users/jjason3/OneDrive - Georgia Institute of Technology/USGS_GW_data/GA_GW_IV/well_310902081284201_34H515_ALL_IV_72019.csv,well_310902081284201_34H515_ALL_IV_72019.csv
/Users/jjason3/OneDrive - Georgia Institute of Technology/USGS_GW_data/GA_GW_IV/well_304313081330001_33D069_ALL_IV_72019.csv,well_304313081330001_33D069_ALL_IV_72019.csv
/Users/jjason3/OneDrive - Georgia Institute of Technology/USGS_GW_data/GA_GW_IV/well_312919084153801_11K003_ALL_IV_72019.csv,well_312919084153801_11K003_ALL_IV_72019.csv
/Users/jjason3/OneDrive - Georgia Institute of Technology/USGS_GW_data/GA_GW_IV/well_304406081330504_33D073_ALL_IV_72019.csv,well_304406081330504_33D073_ALL_IV_72019.csv
/Users/jjason3/OneDrive - Georgia Institute of Technology/USGS_GW_data/GA_GW_IV/well_323030083030003_21U004_ALL_IV_72019.csv,well_323030083030003_21U004_ALL_IV_72019.csv
/Users/jjason3/OneDrive - Georgia Institute of Technology/USGS_GW_data/GA_GW_IV/well_311909081281102_34J081_ALL_IV_72019.csv,well_311909081281102_34J081_ALL_IV_72019.csv
/Users/jjason3/OneDrive - Georgia Institute of Technology/USGS_GW_data/GA_GW_IV/well_320139083511602_15Q016_ALL_IV_72019.csv,well_320139083511602_15Q016_ALL_IV_72019.csv
/Users/jjason3/OneDrive - Georgia Institute of Technology/USGS_GW_data/GA_GW_IV/well_304406081330502_33D071_ALL_IV_72019.csv,well_304406081330502_33D071_ALL_IV_72019.csv
/Users/jjason3/OneDrive - Georgia Institute of Technology/USGS_GW_data/GA_GW_IV/well_313845081361701_33M004_ALL_IV_72019.csv,well_313845081361701_33M004_ALL_IV_72019.csv
/Users/jjason3/OneDrive - Georgia Institute of Technology/USGS_GW_data/GA_GW_IV/well_332808083010201_21BB04_ALL_IV_72019.csv,well_332808083010201_21BB04_ALL_IV_72019.csv
/Users/jjason3/OneDrive - Georgia Institute of Technology/USGS_GW_data/GA_GW_IV/well_312705084410301_08K020_ALL_IV_72019.csv,well_312705084410301_08K020_ALL_IV_72019.csv
/Users/jjason3/OneDrive - Georgia Institute of Technology/USGS_GW_data/GA_GW_IV/well_315214081235301_34N089_ALL_IV_72019.csv,well_315214081235301_34N089_ALL_IV_72019.csv
/Users/jjason3/OneDrive - Georgia Institute of Technology/USGS_GW_data/GA_GW_IV/well_313554084062501_13L002_ALL_IV_72019.csv,well_313554084062501_13L002_ALL_IV_72019.csv
/Users/jjason3/OneDrive - Georgia Institute of Technology/USGS_GW_data/GA_GW_IV/well_310651084404501_08G001_ALL_IV_72019.csv,well_310651084404501_08G001_ALL_IV_72019.csv
/Users/jjason3/OneDrive - Georgia Institute of Technology/USGS_GW_data/GA_GW_IV/well_313625084041501_13L015_ALL_IV_72019.csv,well_313625084041501_13L015_ALL_IV_72019.csv
/Users/jjason3/OneDrive - Georgia Institute of Technology/USGS_GW_data/GA_GW_IV/well_311802084192302_11J012_ALL_IV_72019.csv,well_311802084192302_11J012_ALL_IV_72019.csv
/Users/jjason3/OneDrive - Georgia Institute of Technology/USGS_GW_data/GA_GW_IV/well_304942082213801_27E004_ALL_IV_72019.csv,well_304942082213801_27E004_ALL_IV_72019.csv
/Users/jjason3/OneDrive - Georgia Institute of Technology/USGS_GW_data/GA_GW_IV/well_320127080511205_39Q029_ALL_IV_72019.csv,well_320127080511205_39Q029_ALL_IV_72019.csv
/Users/jjason3/OneDrive - Georgia Institute of Technology/USGS_GW_data/GA_GW_IV/well_305235084125101_12F036_ALL_IV_72019.csv,well_305235084125101_12F036_ALL_IV_72019.csv
/Users/jjason3/OneDrive - Georgia Institute of Technology/USGS_GW_data/GA_GW_IV/well_305736084355801_09F520_ALL_IV_72019.csv,well_305736084355801_09F520_ALL_IV_72019.csv
/Users/jjason3/OneDrive - Georgia Institute of Technology/USGS_GW_data/GA_GW_IV/well_312232084391701_08K001_ALL_IV_72019.csv,well_312232084391701_08K001_ALL_IV_72019.csv
/Users/jjason3/OneDrive - Georgia Institute of Technology/USGS_GW_data/GA_GW_IV/well_313040084125901_12L277_ALL_IV_72019.csv,well_313040084125901_12L277_ALL_IV_72019.csv
/Users/jjason3/OneDrive - Georgia Institute of Technology/USGS_GW_data/GA_GW_IV/well_311530081363904_33J065_ALL_IV_72019.csv,well_311530081363904_33J065_ALL_IV_72019.csv
/Users/jjason3/OneDrive - Georgia Institute of Technology/USGS_GW_data/GA_GW_IV/well_313521084051001_13L049_ALL_IV_72019.csv,well_313521084051001_13L049_ALL_IV_72019.csv
/Users/jjason3/OneDrive - Georgia Institute of Technology/USGS_GW_data/GA_GW_IV/well_313000084100301_12L373_ALL_IV_72019.csv,well_313000084100301_12L373_ALL_IV_72019.csv
/Users/jjason3/OneDrive - Georgia Institute of Technology/USGS_GW_data/GA_GW_IV/well_315443081185902_35P110_ALL_IV_72019.csv,well_315443081185902_35P110_ALL_IV_72019.csv
/Users/jjason3/OneDrive - Georgia Institute of Technology/USGS_GW_data/GA_GW_IV/well_321943081151401_35S008_ALL_IV_72019.csv,well_321943081151401_35S008_ALL_IV_72019.csv
/Users/jjason3/OneDrive - Georgia Institute of Technology/USGS_GW_data/GA_GW_IV/well_313534084103002_12L020_ALL_IV_72019.csv,well_313534084103002_12L020_ALL_IV_72019.csv
/Users/jjason3/OneDrive - Georgia Institute of Technology/USGS_GW_data/GA_GW_IV/well_310427084591101_06G006_ALL_IV_72019.csv,well_310427084591101_06G006_ALL_IV_72019.csv
/Users/jjason3/OneDrive - Georgia Institute of Technology/USGS_GW_data/GA_GW_IV/well_320150080540601_38Q201_ALL_IV_72019.csv,well_320150080540601_38Q201_ALL_IV_72019.csv
/Users/jjason3/OneDrive - Georgia Institute of Technology/USGS_GW_data/GA_GW_IV/well_311400084295502_10H009_ALL_IV_72019.csv,well_311400084295502_10H009_ALL_IV_72019.csv
/Users/jjason3/OneDrive - Georgia Institute of Technology/USGS_GW_data/GA_GW_IV/well_312711083293101_18K056_ALL_IV_72019.csv,well_312711083293101_18K056_ALL_IV_72019.csv
/Users/jjason3/OneDrive - Georgia Institute of Technology/USGS_GW_data/GA_GW_IV/well_323302083263401_18U001_ALL_IV_72019.csv,well_323302083263401_18U001_ALL_IV_72019.csv
/Users/jjason3/OneDrive - Georgia Institute of Technology/USGS_GW_data/GA_GW_IV/well_312947084092201_12K180_ALL_IV_72019.csv,well_312947084092201_12K180_ALL_IV_72019.csv
/Users/jjason3/OneDrive - Georgia Institute of Technology/USGS_GW_data/GA_GW_IV/well_313953084361202_09M007_ALL_IV_72019.csv,well_313953084361202_09M007_ALL_IV_72019.csv
/Users/jjason3/OneDrive - Georgia Institute of Technology/USGS_GW_data/GA_GW_IV/well_304949083165301_19E009_ALL_IV_72019.csv,well_304949083165301_19E009_ALL_IV_72019.csv
/Users/jjason3/OneDrive - Georgia Institute of Technology/USGS_GW_data/GA_GW_IV/well_305356084534601_06F001_ALL_IV_72019.csv,well_305356084534601_06F001_ALL_IV_72019.csv
/Users/jjason3/OneDrive - Georgia Institute of Technology/USGS_GW_data/GA_GW_IV/well_334207084254801_10DD02_ALL_IV_72019.csv,well_334207084254801_10DD02_ALL_IV_72019.csv
/Users/jjason3/OneDrive - Georgia Institute of Technology/USGS_GW_data/GA_GW_IV/well_345403085160001_03PP01_ALL_IV_72019.csv,well_345403085160001_03PP01_ALL_IV_72019.csv
/Users/jjason3/OneDrive - Georgia Institute of Technology/USGS_GW_data/GA_GW_IV/well_310813083260301_18H016_ALL_IV_72019.csv,well_310813083260301_18H016_ALL_IV_72019.csv
/Users/jjason3/OneDrive - Georgia Institute of Technology/USGS_GW_data/GA_GW_IV/well_304406081330505_33D074_ALL_IV_72019.csv,well_304406081330505_33D074_ALL_IV_72019.csv
/Users/jjason3/OneDrive - Georgia Institute of Technology/USGS_GW_data/GA_GW_IV/well_315113081121401_36N012_ALL_IV_72019.csv,well_315113081121401_36N012_ALL_IV_72019.csv
/Users/jjason3/OneDrive - Georgia Institute of Technology/USGS_GW_data/GA_GW_IV/well_313701081543501_30L003_ALL_IV_72019.csv,well_313701081543501_30L003_ALL_IV_72019.csv
/Users/jjason3/OneDrive - Georgia Institute of Technology/USGS_GW_data/GA_GW_IV/well_315950081161201_35P094_ALL_IV_72019.csv,well_315950081161201_35P094_ALL_IV_72019.csv
/Users/jjason3/OneDrive - Georgia Institute of Technology/USGS_GW_data/GA_GW_IV/well_310925081312203_33H208_ALL_IV_72019.csv,well_310925081312203_33H208_ALL_IV_72019.csv
/Users/jjason3/OneDrive - Georgia Institute of Technology/USGS_GW_data/GA_GW_IV/well_313953084361201_09M009_ALL_IV_72019.csv,well_313953084361201_09M009_ALL_IV_72019.csv
/Users/jjason3/OneDrive - Georgia Institute of Technology/USGS_GW_data/GA_GW_IV/well_320622081063701_37Q185_ALL_IV_72019.csv,well_320622081063701_37Q185_ALL_IV_72019.csv
/Users/jjason3/OneDrive - Georgia Institute of Technology/USGS_GW_data/GA_GW_IV/well_310822081294201_34H403_ALL_IV_72019.csv,well_310822081294201_34H403_ALL_IV_72019.csv
/Users/jjason3/OneDrive - Georgia Institute of Technology/USGS_GW_data/GA_GW_IV/well_312127084065801_13J004_ALL_IV_72019.csv,well_312127084065801_13J004_ALL_IV_72019.csv
/Users/jjason3/OneDrive - Georgia Institute of Technology/USGS_GW_data/GA_GW_IV/well_311909081281101_34J080_ALL_IV_72019.csv,well_311909081281101_34J080_ALL_IV_72019.csv
/Users/jjason3/OneDrive - Georgia Institute of Technology/USGS_GW_data/IA_GW_IV/well_420014091442701_083N08W14A_1996USGS_CRM_18_ALL_IV_72019.csv,well_420014091442701_083N08W14A_1996USGS_CRM_18_ALL_IV_72019.csv
/Users/jjason3/OneDrive - Georgia Institute of Technology/USGS_GW_data/IA_GW_IV/well_415953091435302_083N08W13CBDA_2009USGS_CRM_4A_ALL_IV_72019.csv,well_415953091435302_083N08W13CBDA_2009USGS_CRM_4A_ALL_IV_72019.csv
/Users/jjason3/OneDrive - Georgia Institute of Technology/USGS_GW_data/IA_GW_IV/well_414315091252002_080N05W22CBCB2_1941Elmira_Depot_5_IACRN_4_ALL_IV_72019.csv,well_414315091252002_080N05W22CBCB2_1941Elmira_Depot_5_IACRN_4_ALL_IV_72019.csv
/Users/jjason3/OneDrive - Georgia Institute of Technology/USGS_GW_data/IA_GW_IV/well_410057095075102_072N37W29BABA_1937IACRN_7a_ALL_IV_72019.csv,well_410057095075102_072N37W29BABA_1937IACRN_7a_ALL_IV_72019.csv
/Users/jjason3/OneDrive - Georgia Institute of Technology/USGS_GW_data/IA_GW_IV/well_420212095235701_083N39W04BBB_2008IACRN_6_ALL_IV_72019.csv,well_420212095235701_083N39W04BBB_2008IACRN_6_ALL_IV_72019.csv
/Users/jjason3/OneDrive - Georgia Institute of Technology/USGS_GW_data/IA_GW_IV/well_415953091435201_083N08W13CBDA_37817_1971Cedar_Rapids_10_ALL_IV_72019.csv,well_415953091435201_083N08W13CBDA_37817_1971Cedar_Rapids_10_ALL_IV_72019.csv
/Users/jjason3/OneDrive - Georgia Institute of Technology/USGS_GW_data/IA_GW_IV/well_430159093403201_095N24W21ADAD_1996NAWQA_IADRN_2_ALL_IV_72019.csv,well_430159093403201_095N24W21ADAD_1996NAWQA_IADRN_2_ALL_IV_72019.csv
/Users/jjason3/OneDrive - Georgia Institute of Technology/USGS_GW_data/IA_GW_IV/well_420031091422601_2015USGS_GPW4_ALL_IV_72019.csv,well_420031091422601_2015USGS_GPW4_ALL_IV_72019.csv
/Users/jjason3/OneDrive - Georgia Institute of Technology/USGS_GW_data/IA_GW_IV/well_420033091420302_083N07W07DDBD_1993USGS_CRM_11_ALL_IV_72019.csv,well_420033091420302_083N07W07DDBD_1993USGS_CRM_11_ALL_IV_72019.csv
/Users/jjason3/OneDrive - Georgia Institute of Technology/USGS_GW_data/IA_GW_IV/well_413937093391601_079N24W09DCC_DMWW2022_Site5_PWell_ALL_IV_72019.csv,well_413937093391601_079N24W09DCC_DMWW2022_Site5_PWell_ALL_IV_72019.csv
/Users/jjason3/OneDrive - Georgia Institute of Technology/USGS_GW_data/IA_GW_IV/well_411843092105101_075N11W07CCBB_1997NAWQA_Keokuk_Co_IADRN_9_ALL_IV_72019.csv,well_411843092105101_075N11W07CCBB_1997NAWQA_Keokuk_Co_IADRN_9_ALL_IV_72019.csv
/Users/jjason3/OneDrive - Georgia Institute of Technology/USGS_GW_data/IA_GW_IV/well_422518092144701_088N12W21ACDC_1997NAWQA_Black_Hwk_Co_IADRN_3_ALL_IV_72019.csv,well_422518092144701_088N12W21ACDC_1997NAWQA_Black_Hwk_Co_IADRN_3_ALL_IV_72019.csv
/Users/jjason3/OneDrive - Georgia Institute of Technology/USGS_GW_data/IA_GW_IV/well_420842090203311_085N05E26ACBD_2014USGS_Green_Island_W11_ALL_IV_72019.csv,well_420842090203311_085N05E26ACBD_2014USGS_Green_Island_W11_ALL_IV_72019.csv
/Users/jjason3/OneDrive - Georgia Institute of Technology/USGS_GW_data/IA_GW_IV/well_413937093391801_079N24W09DCC_2022DMWW_Site5_M1_ALL_IV_72019.csv,well_413937093391801_079N24W09DCC_2022DMWW_Site5_M1_ALL_IV_72019.csv
/Users/jjason3/OneDrive - Georgia Institute of Technology/USGS_GW_data/IA_GW_IV/well_421115091250501_085N05W10BDCC_1997NAWQA_IADRN_4_ALL_IV_72019.csv,well_421115091250501_085N05W10BDCC_1997NAWQA_IADRN_4_ALL_IV_72019.csv
/Users/jjason3/OneDrive - Georgia Institute of Technology/USGS_GW_data/IA_GW_IV/well_413714093375901_079N24W27BAC_2021RDP_MW_1_ALL_IV_72019.csv,well_413714093375901_079N24W27BAC_2021RDP_MW_1_ALL_IV_72019.csv
/Users/jjason3/OneDrive - Georgia Institute of Technology/USGS_GW_data/IA_GW_IV/well_415439093094801_082N20W15DBC_2008IACRN_5_ALL_IV_72019.csv,well_415439093094801_082N20W15DBC_2008IACRN_5_ALL_IV_72019.csv
/Users/jjason3/OneDrive - Georgia Institute of Technology/USGS_GW_data/IA_GW_IV/well_415939091400201_2015USGS_GPW5_ALL_IV_72019.csv,well_415939091400201_2015USGS_GPW5_ALL_IV_72019.csv
/Users/jjason3/OneDrive - Georgia Institute of Technology/USGS_GW_data/IA_GW_IV/well_420932090201003_085N05E23ADAC_2014USGS_Green_Island_W3_ALL_IV_72019.csv,well_420932090201003_085N05E23ADAC_2014USGS_Green_Island_W3_ALL_IV_72019.csv
/Users/jjason3/OneDrive - Georgia Institute of Technology/USGS_GW_data/IA_GW_IV/well_420850090201608_085N05E26AACA_2014USGS_Green_Island_W8_ALL_IV_72019.csv,well_420850090201608_085N05E26AACA_2014USGS_Green_Island_W8_ALL_IV_72019.csv
/Users/jjason3/OneDrive - Georgia Institute of Technology/USGS_GW_data/IA_GW_IV/well_410057095075101_072N37W29BABA_1937IACRN_7_ALL_IV_72019.csv,well_410057095075101_072N37W29BABA_1937IACRN_7_ALL_IV_72019.csv
/Users/jjason3/OneDrive - Georgia Institute of Technology/USGS_GW_data/IA_GW_IV/well_414034093391803_079N24W04ACC_2022DMWW_WTP_3_ALL_IV_72019.csv,well_414034093391803_079N24W04ACC_2022DMWW_WTP_3_ALL_IV_72019.csv
/Users/jjason3/OneDrive - Georgia Institute of Technology/USGS_GW_data/IA_GW_IV/well_415959091441301_083N08W14DAA_2023USGS_CRM_104_ALL_IV_72019.csv,well_415959091441301_083N08W14DAA_2023USGS_CRM_104_ALL_IV_72019.csv
/Users/jjason3/OneDrive - Georgia Institute of Technology/USGS_GW_data/IA_GW_IV/well_413714093375801_079N24W27BAC_2021RDP_MW_3_ALL_IV_72019.csv,well_413714093375801_079N24W27BAC_2021RDP_MW_3_ALL_IV_72019.csv
/Users/jjason3/OneDrive - Georgia Institute of Technology/USGS_GW_data/IA_GW_IV/well_414818092055401_081N11W14CCDA_27416_1985IGS_USGS_IR_26A_IADRN_10_ALL_IV_72019.csv,well_414818092055401_081N11W14CCDA_27416_1985IGS_USGS_IR_26A_IADRN_10_ALL_IV_72019.csv
/Users/jjason3/OneDrive - Georgia Institute of Technology/USGS_GW_data/IA_GW_IV/well_415954091440401_2015USGS_GPW2_ALL_IV_72019.csv,well_415954091440401_2015USGS_GPW2_ALL_IV_72019.csv
/Users/jjason3/OneDrive - Georgia Institute of Technology/USGS_GW_data/IA_GW_IV/well_415827091392401_083N07W27BBC_1996NAWQA_City_of_Cedar_Rapids_ALL_IV_72019.csv,well_415827091392401_083N07W27BBC_1996NAWQA_City_of_Cedar_Rapids_ALL_IV_72019.csv
/Users/jjason3/OneDrive - Georgia Institute of Technology/USGS_GW_data/IA_GW_IV/well_413849093391401_079N24W16BDC_2020I_35S1_ALL_IV_72019.csv,well_413849093391401_079N24W16BDC_2020I_35S1_ALL_IV_72019.csv
/Users/jjason3/OneDrive - Georgia Institute of Technology/USGS_GW_data/IA_GW_IV/well_415954091435302_083N08W13ADBC_2010USGS_CRM_6A_ALL_IV_72019.csv,well_415954091435302_083N08W13ADBC_2010USGS_CRM_6A_ALL_IV_72019.csv
/Users/jjason3/OneDrive - Georgia Institute of Technology/USGS_GW_data/IA_GW_IV/well_415954091440301_083N08W13CBBC_1997USGS_CRM_20_ALL_IV_72019.csv,well_415954091440301_083N08W13CBBC_1997USGS_CRM_20_ALL_IV_72019.csv
/Users/jjason3/OneDrive - Georgia Institute of Technology/USGS_GW_data/IA_GW_IV/well_430510093425101_096N24W32CBC_2008IACRN_2_ALL_IV_72019.csv,well_430510093425101_096N24W32CBC_2008IACRN_2_ALL_IV_72019.csv
/Users/jjason3/OneDrive - Georgia Institute of Technology/USGS_GW_data/IA_GW_IV/well_414035093391801_079N24W04ACC_2022DMWW_WTP_1_ALL_IV_72019.csv,well_414035093391801_079N24W04ACC_2022DMWW_WTP_1_ALL_IV_72019.csv
/Users/jjason3/OneDrive - Georgia Institute of Technology/USGS_GW_data/IA_GW_IV/well_413835093384601_079N24W21ABA_2020I_35S2_ALL_IV_72019.csv,well_413835093384601_079N24W21ABA_2020I_35S2_ALL_IV_72019.csv
/Users/jjason3/OneDrive - Georgia Institute of Technology/USGS_GW_data/IA_GW_IV/well_413713093380201_079N24W27DAC_2020RDP_ALL_IV_72019.csv,well_413713093380201_079N24W27DAC_2020RDP_ALL_IV_72019.csv
/Users/jjason3/OneDrive - Georgia Institute of Technology/USGS_GW_data/IA_GW_IV/well_420855090195709_085N05E25AAAA_2014USGS_Green_Island_W9_ALL_IV_72019.csv,well_420855090195709_085N05E25AAAA_2014USGS_Green_Island_W9_ALL_IV_72019.csv
/Users/jjason3/OneDrive - Georgia Institute of Technology/USGS_GW_data/IA_GW_IV/well_420026091423001_2015USGS_GPW3_ALL_IV_72019.csv,well_420026091423001_2015USGS_GPW3_ALL_IV_72019.csv
/Users/jjason3/OneDrive - Georgia Institute of Technology/USGS_GW_data/IA_GW_IV/well_420019091442502_083N08W14AAC_1996USGS_CRM_16_ALL_IV_72019.csv,well_420019091442502_083N08W14AAC_1996USGS_CRM_16_ALL_IV_72019.csv
/Users/jjason3/OneDrive - Georgia Institute of Technology/USGS_GW_data/IA_GW_IV/well_420117092505601_083N17W05DCDD_1997NAWQA_Marshall_Co_IADRN_5_ALL_IV_72019.csv,well_420117092505601_083N17W05DCDD_1997NAWQA_Marshall_Co_IADRN_5_ALL_IV_72019.csv
/Users/jjason3/OneDrive - Georgia Institute of Technology/USGS_GW_data/IA_GW_IV/well_405451091483301_071N08W32BBD_2008IACRN_9_ALL_IV_72019.csv,well_405451091483301_071N08W32BBD_2008IACRN_9_ALL_IV_72019.csv
/Users/jjason3/OneDrive - Georgia Institute of Technology/USGS_GW_data/IA_GW_IV/well_420836090201910_085N05E26ADCD_2014USGS_Green_Island_W10_ALL_IV_72019.csv,well_420836090201910_085N05E26ADCD_2014USGS_Green_Island_W10_ALL_IV_72019.csv
/Users/jjason3/OneDrive - Georgia Institute of Technology/USGS_GW_data/IA_GW_IV/well_420031091443301_2015USGS_GPW1_ALL_IV_72019.csv,well_420031091443301_2015USGS_GPW1_ALL_IV_72019.csv
/Users/jjason3/OneDrive - Georgia Institute of Technology/USGS_GW_data/IA_GW_IV/well_413937093391701_079N24W09DCC_2022DMWW_Site5_M2_ALL_IV_72019.csv,well_413937093391701_079N24W09DCC_2022DMWW_Site5_M2_ALL_IV_72019.csv
/Users/jjason3/OneDrive - Georgia Institute of Technology/USGS_GW_data/IA_GW_IV/well_420019091442501_083N08W14AAC_1996USGS_CRM_17_ALL_IV_72019.csv,well_420019091442501_083N08W14AAC_1996USGS_CRM_17_ALL_IV_72019.csv
/Users/jjason3/OneDrive - Georgia Institute of Technology/USGS_GW_data/IA_GW_IV/well_420931090200102_085N05E24CBCA_2014USGS_Green_Island_W2_ALL_IV_72019.csv,well_420931090200102_085N05E24CBCA_2014USGS_Green_Island_W2_ALL_IV_72019.csv
/Users/jjason3/OneDrive - Georgia Institute of Technology/USGS_GW_data/IA_GW_IV/well_415949091405402_083N07W17DAC_1993USGS_CRM_12_ALL_IV_72019.csv,well_415949091405402_083N07W17DAC_1993USGS_CRM_12_ALL_IV_72019.csv
/Users/jjason3/OneDrive - Georgia Institute of Technology/USGS_GW_data/IA_GW_IV/well_420924090200904_085N05E23DAAA_2014USGS_Green_Island_W4_ALL_IV_72019.csv,well_420924090200904_085N05E23DAAA_2014USGS_Green_Island_W4_ALL_IV_72019.csv
/Users/jjason3/OneDrive - Georgia Institute of Technology/USGS_GW_data/IA_GW_IV/well_413714093375802_079N24W27BAC_2021RDP_PW_1_ALL_IV_72019.csv,well_413714093375802_079N24W27BAC_2021RDP_PW_1_ALL_IV_72019.csv
/Users/jjason3/OneDrive - Georgia Institute of Technology/USGS_GW_data/IA_GW_IV/well_414003093391501_079N24W09DCB_2020DMWW_MW_1_ALL_IV_72019.csv,well_414003093391501_079N24W09DCB_2020DMWW_MW_1_ALL_IV_72019.csv
/Users/jjason3/OneDrive - Georgia Institute of Technology/USGS_GW_data/IA_GW_IV/well_412927092575201_077N18W08BBDC_1997NAWQA_Marion_Co_IADRN_8_ALL_IV_72019.csv,well_412927092575201_077N18W08BBDC_1997NAWQA_Marion_Co_IADRN_8_ALL_IV_72019.csv
/Users/jjason3/OneDrive - Georgia Institute of Technology/USGS_GW_data/IA_GW_IV/well_430203091501201_095N08W19BAD_2008IACRN_3_ALL_IV_72019.csv,well_430203091501201_095N08W19BAD_2008IACRN_3_ALL_IV_72019.csv
/Users/jjason3/OneDrive - Georgia Institute of Technology/USGS_GW_data/IA_GW_IV/well_420031091441801_083N08W11DDC_1996USGS_CRM_15_ALL_IV_72019.csv,well_420031091441801_083N08W11DDC_1996USGS_CRM_15_ALL_IV_72019.csv
/Users/jjason3/OneDrive - Georgia Institute of Technology/USGS_GW_data/IA_GW_IV/well_420902090202007_085N05E23DDCC_2014USGS_Green_Island_W7_ALL_IV_72019.csv,well_420902090202007_085N05E23DDCC_2014USGS_Green_Island_W7_ALL_IV_72019.csv
/Users/jjason3/OneDrive - Georgia Institute of Technology/USGS_GW_data/IA_GW_IV/well_413714093380001_079N24W27BAC_2021RDP_MW_2_ALL_IV_72019.csv,well_413714093380001_079N24W27BAC_2021RDP_MW_2_ALL_IV_72019.csv
/Users/jjason3/OneDrive - Georgia Institute of Technology/USGS_GW_data/IA_GW_IV/well_413909093391501_079N24W16CDB_2020DMWW_E10_ALL_IV_72019.csv,well_413909093391501_079N24W16CDB_2020DMWW_E10_ALL_IV_72019.csv
/Users/jjason3/OneDrive - Georgia Institute of Technology/USGS_GW_data/IA_GW_IV/well_414034093391801_079N24W04ACC_2022DMWW_WTP_PW_ALL_IV_72019.csv,well_414034093391801_079N24W04ACC_2022DMWW_WTP_PW_ALL_IV_72019.csv
/Users/jjason3/OneDrive - Georgia Institute of Technology/USGS_GW_data/IA_GW_IV/well_420912090200406_085N05E24CCBB_2014USGS_Green_Island_W6_ALL_IV_72019.csv,well_420912090200406_085N05E24CCBB_2014USGS_Green_Island_W6_ALL_IV_72019.csv
/Users/jjason3/OneDrive - Georgia Institute of Technology/USGS_GW_data/IA_GW_IV/well_420824090202812_085N05E26DBDA_2014USGS_Green_Island_W12_ALL_IV_72019.csv,well_420824090202812_085N05E26DBDA_2014USGS_Green_Island_W12_ALL_IV_72019.csv
/Users/jjason3/OneDrive - Georgia Institute of Technology/USGS_GW_data/IA_GW_IV/well_414034093391802_079N24W04ACC_2022DMWW_WTP_2_ALL_IV_72019.csv,well_414034093391802_079N24W04ACC_2022DMWW_WTP_2_ALL_IV_72019.csv
/Users/jjason3/OneDrive - Georgia Institute of Technology/USGS_GW_data/IA_GW_IV/well_415825091405601_083N07W29AAC_1996NAWQA_City_of_Cedar_Rapids_ALL_IV_72019.csv,well_415825091405601_083N07W29AAC_1996NAWQA_City_of_Cedar_Rapids_ALL_IV_72019.csv
/Users/jjason3/OneDrive - Georgia Institute of Technology/USGS_GW_data/IA_GW_IV/well_420919090201705_085N05E23DABD_2014USGS_Green_Island_W5_ALL_IV_72019.csv,well_420919090201705_085N05E23DABD_2014USGS_Green_Island_W5_ALL_IV_72019.csv
/Users/jjason3/OneDrive - Georgia Institute of Technology/USGS_GW_data/MD_GW_IV/well_382154076574801_CH_Ee_70_ALL_IV_72019.csv,well_382154076574801_CH_Ee_70_ALL_IV_72019.csv
/Users/jjason3/OneDrive - Georgia Institute of Technology/USGS_GW_data/MD_GW_IV/well_380527075124101_WO_Ef_42_ALL_IV_72019.csv,well_380527075124101_WO_Ef_42_ALL_IV_72019.csv
/Users/jjason3/OneDrive - Georgia Institute of Technology/USGS_GW_data/MD_GW_IV/well_381806075063301_WO_Cg_106_ALL_IV_72019.csv,well_381806075063301_WO_Cg_106_ALL_IV_72019.csv
/Users/jjason3/OneDrive - Georgia Institute of Technology/USGS_GW_data/MD_GW_IV/well_383746076482901_CH_Bg_12_ALL_IV_72019.csv,well_383746076482901_CH_Bg_12_ALL_IV_72019.csv
/Users/jjason3/OneDrive - Georgia Institute of Technology/USGS_GW_data/MD_GW_IV/well_381805075063502_WO_Cg_101_ALL_IV_72019.csv,well_381805075063502_WO_Cg_101_ALL_IV_72019.csv
/Users/jjason3/OneDrive - Georgia Institute of Technology/USGS_GW_data/MD_GW_IV/well_392518076155301_HA_Dd_111_MD_ALL_IV_72019.csv,well_392518076155301_HA_Dd_111_MD_ALL_IV_72019.csv
/Users/jjason3/OneDrive - Georgia Institute of Technology/USGS_GW_data/MD_GW_IV/well_392521076154701_HA_Dd_112_MD_ALL_IV_72019.csv,well_392521076154701_HA_Dd_112_MD_ALL_IV_72019.csv
/Users/jjason3/OneDrive - Georgia Institute of Technology/USGS_GW_data/MD_GW_IV/well_382407076260301_CA_Fd_54_ALL_IV_72019.csv,well_382407076260301_CA_Fd_54_ALL_IV_72019.csv
/Users/jjason3/OneDrive - Georgia Institute of Technology/USGS_GW_data/MD_GW_IV/well_392544076151202_HA_Dd_114_MD_ALL_IV_72019.csv,well_392544076151202_HA_Dd_114_MD_ALL_IV_72019.csv
/Users/jjason3/OneDrive - Georgia Institute of Technology/USGS_GW_data/MD_GW_IV/well_381806075063201_WO_Cg_105_ALL_IV_72019.csv,well_381806075063201_WO_Cg_105_ALL_IV_72019.csv
/Users/jjason3/OneDrive - Georgia Institute of Technology/USGS_GW_data/MD_GW_IV/well_382443075033501_WO_Bh_34_ALL_IV_72019.csv,well_382443075033501_WO_Bh_34_ALL_IV_72019.csv
/Users/jjason3/OneDrive - Georgia Institute of Technology/USGS_GW_data/MD_GW_IV/well_382215075041903_WO_Bh_89_ALL_IV_72019.csv,well_382215075041903_WO_Bh_89_ALL_IV_72019.csv
/Users/jjason3/OneDrive - Georgia Institute of Technology/USGS_GW_data/MD_GW_IV/well_392517076155202_HA_Dd_118_MD_ALL_IV_72019.csv,well_392517076155202_HA_Dd_118_MD_ALL_IV_72019.csv
/Users/jjason3/OneDrive - Georgia Institute of Technology/USGS_GW_data/MD_GW_IV/well_381956076275301_CA_Gd_61_ALL_IV_72019.csv,well_381956076275301_CA_Gd_61_ALL_IV_72019.csv
/Users/jjason3/OneDrive - Georgia Institute of Technology/USGS_GW_data/MD_GW_IV/well_392521076154002_HA_Dd_116_MD_ALL_IV_72019.csv,well_392521076154002_HA_Dd_116_MD_ALL_IV_72019.csv
/Users/jjason3/OneDrive - Georgia Institute of Technology/USGS_GW_data/MD_GW_IV/well_383348076411301_PG_Hf_40_ALL_IV_72019.csv,well_383348076411301_PG_Hf_40_ALL_IV_72019.csv
/Users/jjason3/OneDrive - Georgia Institute of Technology/USGS_GW_data/MD_GW_IV/well_382325075063302_WO_Bg_48_ALL_IV_72019.csv,well_382325075063302_WO_Bg_48_ALL_IV_72019.csv
/Users/jjason3/OneDrive - Georgia Institute of Technology/USGS_GW_data/MD_GW_IV/well_384153076503801_PG_Fd_81_ALL_IV_72019.csv,well_384153076503801_PG_Fd_81_ALL_IV_72019.csv
/Users/jjason3/OneDrive - Georgia Institute of Technology/USGS_GW_data/MD_GW_IV/well_393749079190301_GA_Bc_1_ALL_IV_72019.csv,well_393749079190301_GA_Bc_1_ALL_IV_72019.csv
/Users/jjason3/OneDrive - Georgia Institute of Technology/USGS_GW_data/MD_GW_IV/well_394008077005601_CL_Ad_47_ALL_IV_72019.csv,well_394008077005601_CL_Ad_47_ALL_IV_72019.csv
/Users/jjason3/OneDrive - Georgia Institute of Technology/USGS_GW_data/MD_GW_IV/well_382038075065901_WO_Bg_49_ALL_IV_72019.csv,well_382038075065901_WO_Bg_49_ALL_IV_72019.csv
/Users/jjason3/OneDrive - Georgia Institute of Technology/USGS_GW_data/MD_GW_IV/well_382635075030603_WO_Ah_37_ALL_IV_72019.csv,well_382635075030603_WO_Ah_37_ALL_IV_72019.csv
/Users/jjason3/OneDrive - Georgia Institute of Technology/USGS_GW_data/MD_GW_IV/well_380616075380701_SO_Cf_2_ALL_IV_72019.csv,well_380616075380701_SO_Cf_2_ALL_IV_72019.csv
/Users/jjason3/OneDrive - Georgia Institute of Technology/USGS_GW_data/MD_GW_IV/well_393851077343001_WA_Bk_25_ALL_IV_72019.csv,well_393851077343001_WA_Bk_25_ALL_IV_72019.csv
/Users/jjason3/OneDrive - Georgia Institute of Technology/USGS_GW_data/MD_GW_IV/well_392521076154301_HA_Dd_119_MD_ALL_IV_72019.csv,well_392521076154301_HA_Dd_119_MD_ALL_IV_72019.csv
/Users/jjason3/OneDrive - Georgia Institute of Technology/USGS_GW_data/MD_GW_IV/well_384152076504401_PG_Fd_82_ALL_IV_72019.csv,well_384152076504401_PG_Fd_82_ALL_IV_72019.csv
/Users/jjason3/OneDrive - Georgia Institute of Technology/USGS_GW_data/MD_GW_IV/well_383348076411302_PG_Hf_41_ALL_IV_72019.csv,well_383348076411302_PG_Hf_41_ALL_IV_72019.csv
/Users/jjason3/OneDrive - Georgia Institute of Technology/USGS_GW_data/MD_GW_IV/well_392517076155201_HA_Dd_117_MD_ALL_IV_72019.csv,well_392517076155201_HA_Dd_117_MD_ALL_IV_72019.csv
/Users/jjason3/OneDrive - Georgia Institute of Technology/USGS_GW_data/MD_GW_IV/well_392931076410301_BA_Dc_444_ALL_IV_72019.csv,well_392931076410301_BA_Dc_444_ALL_IV_72019.csv
/Users/jjason3/OneDrive - Georgia Institute of Technology/USGS_GW_data/MD_GW_IV/well_392521076154001_HA_Dd_115_MD_ALL_IV_72019.csv,well_392521076154001_HA_Dd_115_MD_ALL_IV_72019.csv
/Users/jjason3/OneDrive - Georgia Institute of Technology/USGS_GW_data/MD_GW_IV/well_380528075124301_WO_Ef_41_ALL_IV_72019.csv,well_380528075124301_WO_Ef_41_ALL_IV_72019.csv
/Users/jjason3/OneDrive - Georgia Institute of Technology/USGS_GW_data/MD_GW_IV/well_393733077274801_FR_Bd_96_ALL_IV_72019.csv,well_393733077274801_FR_Bd_96_ALL_IV_72019.csv
/Users/jjason3/OneDrive - Georgia Institute of Technology/USGS_GW_data/MD_GW_IV/well_393807077270001_FR_Bd_119_ALL_IV_72019.csv,well_393807077270001_FR_Bd_119_ALL_IV_72019.csv
/Users/jjason3/OneDrive - Georgia Institute of Technology/USGS_GW_data/MD_GW_IV/well_381804075063402_WO_Cg_103_ALL_IV_72019.csv,well_381804075063402_WO_Cg_103_ALL_IV_72019.csv
/Users/jjason3/OneDrive - Georgia Institute of Technology/USGS_GW_data/MD_GW_IV/well_392521076154302_HA_Dd_120_MD_ALL_IV_72019.csv,well_392521076154302_HA_Dd_120_MD_ALL_IV_72019.csv
/Users/jjason3/OneDrive - Georgia Institute of Technology/USGS_GW_data/MD_GW_IV/well_382549076260101_CA_Ed_52_ALL_IV_72019.csv,well_382549076260101_CA_Ed_52_ALL_IV_72019.csv
/Users/jjason3/OneDrive - Georgia Institute of Technology/USGS_GW_data/MD_GW_IV/well_384333076394701_CA_Bb_27_ALL_IV_72019.csv,well_384333076394701_CA_Bb_27_ALL_IV_72019.csv
/Users/jjason3/OneDrive - Georgia Institute of Technology/USGS_GW_data/MD_GW_IV/well_380527075124102_WO_Ef_43_ALL_IV_72019.csv,well_380527075124102_WO_Ef_43_ALL_IV_72019.csv
/Users/jjason3/OneDrive - Georgia Institute of Technology/USGS_GW_data/MD_GW_IV/well_392544076151201_HA_Dd_113_MD_ALL_IV_72019.csv,well_392544076151201_HA_Dd_113_MD_ALL_IV_72019.csv
/Users/jjason3/OneDrive - Georgia Institute of Technology/USGS_GW_data/MD_GW_IV/well_383239076354201_CA_Db_47_ALL_IV_72019.csv,well_383239076354201_CA_Db_47_ALL_IV_72019.csv
/Users/jjason3/OneDrive - Georgia Institute of Technology/USGS_GW_data/AZ_GW_IV/well_314144110104702_D_20_21_14BCC2_BOQSUD_ALL_IV_72019.csv,well_314144110104702_D_20_21_14BCC2_BOQSUD_ALL_IV_72019.csv
/Users/jjason3/OneDrive - Georgia Institute of Technology/USGS_GW_data/AZ_GW_IV/well_321058110563301_D_14_14_29CBC_B_076_A_ALL_IV_72019.csv,well_321058110563301_D_14_14_29CBC_B_076_A_ALL_IV_72019.csv
/Users/jjason3/OneDrive - Georgia Institute of Technology/USGS_GW_data/AZ_GW_IV/well_365403112452801_B_40_04_06AAC1_Kaibab_Paiute_Well_ALL_IV_72019.csv,well_365403112452801_B_40_04_06AAC1_Kaibab_Paiute_Well_ALL_IV_72019.csv
/Users/jjason3/OneDrive - Georgia Institute of Technology/USGS_GW_data/AZ_GW_IV/well_332042112352701_C_01_03_18AAD1_BUCKFIRE_WELL_ALL_IV_72019.csv,well_332042112352701_C_01_03_18AAD1_BUCKFIRE_WELL_ALL_IV_72019.csv
/Users/jjason3/OneDrive - Georgia Institute of Technology/USGS_GW_data/AZ_GW_IV/well_312717110063501_D_23_22_04DCA1_HERUWS_ALL_IV_72019.csv,well_312717110063501_D_23_22_04DCA1_HERUWS_ALL_IV_72019.csv
/Users/jjason3/OneDrive - Georgia Institute of Technology/USGS_GW_data/AZ_GW_IV/well_351730110580701_05_131_12_35X14_36_BS_06_ALL_IV_72019.csv,well_351730110580701_05_131_12_35X14_36_BS_06_ALL_IV_72019.csv
/Users/jjason3/OneDrive - Georgia Institute of Technology/USGS_GW_data/AZ_GW_IV/well_313841110122201_D_20_21_33CDD1_MW_7_ALL_IV_72019.csv,well_313841110122201_D_20_21_33CDD1_MW_7_ALL_IV_72019.csv
/Users/jjason3/OneDrive - Georgia Institute of Technology/USGS_GW_data/AZ_GW_IV/well_312214110071601_D_24_22_04CBC1_PALUWS_ALL_IV_72019.csv,well_312214110071601_D_24_22_04CBC1_PALUWS_ALL_IV_72019.csv
/Users/jjason3/OneDrive - Georgia Institute of Technology/USGS_GW_data/AZ_GW_IV/well_322009111191801_D_12_10_33DDD_AF_17_ALL_IV_72019.csv,well_322009111191801_D_12_10_33DDD_AF_17_ALL_IV_72019.csv
/Users/jjason3/OneDrive - Georgia Institute of Technology/USGS_GW_data/AZ_GW_IV/well_325231109382701_D_06_26_25CDD1_LA_33M_ALL_IV_72019.csv,well_325231109382701_D_06_26_25CDD1_LA_33M_ALL_IV_72019.csv
/Users/jjason3/OneDrive - Georgia Institute of Technology/USGS_GW_data/AZ_GW_IV/well_312207110070701_D_24_22_04CBA3_PAL_US_ALL_IV_72019.csv,well_312207110070701_D_24_22_04CBA3_PAL_US_ALL_IV_72019.csv
/Users/jjason3/OneDrive - Georgia Institute of Technology/USGS_GW_data/AZ_GW_IV/well_313312110082301_D_22_22_06AAA4_LSP_4_ALL_IV_72019.csv,well_313312110082301_D_22_22_06AAA4_LSP_4_ALL_IV_72019.csv
/Users/jjason3/OneDrive - Georgia Institute of Technology/USGS_GW_data/AZ_GW_IV/well_341618114024701_B_11_17_29AAC1_BW_244_ALL_IV_72019.csv,well_341618114024701_B_11_17_29AAC1_BW_244_ALL_IV_72019.csv
/Users/jjason3/OneDrive - Georgia Institute of Technology/USGS_GW_data/AZ_GW_IV/well_345603110450301_A_18_15_28AAD1_Winslow_T_Well_ALL_IV_72019.csv,well_345603110450301_A_18_15_28AAD1_Winslow_T_Well_ALL_IV_72019.csv
/Users/jjason3/OneDrive - Georgia Institute of Technology/USGS_GW_data/AZ_GW_IV/well_314248110105901_D_20_21_10AAC2_FBK_UP_ALL_IV_72019.csv,well_314248110105901_D_20_21_10AAC2_FBK_UP_ALL_IV_72019.csv
/Users/jjason3/OneDrive - Georgia Institute of Technology/USGS_GW_data/AZ_GW_IV/well_361225110240701_04_074_08_95X02_95_BMOB_6_ALL_IV_72019.csv,well_361225110240701_04_074_08_95X02_95_BMOB_6_ALL_IV_72019.csv
/Users/jjason3/OneDrive - Georgia Institute of Technology/USGS_GW_data/AZ_GW_IV/well_321208110525001_D_14_14_22ADB1_C_045_A_ALL_IV_72019.csv,well_321208110525001_D_14_14_22ADB1_C_045_A_ALL_IV_72019.csv
/Users/jjason3/OneDrive - Georgia Institute of Technology/USGS_GW_data/AZ_GW_IV/well_332314112221801_B_01_01_33BCA1_ESTRELLA_MOUNTAIN_PARK_WELL_ALL_IV_72019.csv,well_332314112221801_B_01_01_33BCA1_ESTRELLA_MOUNTAIN_PARK_WELL_ALL_IV_72019.csv
/Users/jjason3/OneDrive - Georgia Institute of Technology/USGS_GW_data/AZ_GW_IV/well_313312110082302_D_22_22_06AAA6_LSP_1_ALL_IV_72019.csv,well_313312110082302_D_22_22_06AAA6_LSP_1_ALL_IV_72019.csv
/Users/jjason3/OneDrive - Georgia Institute of Technology/USGS_GW_data/AZ_GW_IV/well_362936109564101_08_054_10_96X00_63_BMOB_1_ALL_IV_72019.csv,well_362936109564101_08_054_10_96X00_63_BMOB_1_ALL_IV_72019.csv
/Users/jjason3/OneDrive - Georgia Institute of Technology/USGS_GW_data/AZ_GW_IV/well_312630110063501_D_23_22_09DDC_HER_02_ALL_IV_72019.csv,well_312630110063501_D_23_22_09DDC_HER_02_ALL_IV_72019.csv
/Users/jjason3/OneDrive - Georgia Institute of Technology/USGS_GW_data/AZ_GW_IV/well_314903110125501_D_19_21_05AAA3_STDLI2_ALL_IV_72019.csv,well_314903110125501_D_19_21_05AAA3_STDLI2_ALL_IV_72019.csv
/Users/jjason3/OneDrive - Georgia Institute of Technology/USGS_GW_data/AZ_GW_IV/well_341635114025301_B_11_17_20DDB1_BW_246_ALL_IV_72019.csv,well_341635114025301_B_11_17_20DDB1_BW_246_ALL_IV_72019.csv
/Users/jjason3/OneDrive - Georgia Institute of Technology/USGS_GW_data/AZ_GW_IV/well_313312110082303_D_22_22_06AAA5_LSP_5_ALL_IV_72019.csv,well_313312110082303_D_22_22_06AAA5_LSP_5_ALL_IV_72019.csv
/Users/jjason3/OneDrive - Georgia Institute of Technology/USGS_GW_data/AZ_GW_IV/well_325352109441301_D_06_25_24ADC1_PD_2_ALL_IV_72019.csv,well_325352109441301_D_06_25_24ADC1_PD_2_ALL_IV_72019.csv
/Users/jjason3/OneDrive - Georgia Institute of Technology/USGS_GW_data/AZ_GW_IV/well_321517110571802_D_13_14_31CAC_WR_52_ALL_IV_72019.csv,well_321517110571802_D_13_14_31CAC_WR_52_ALL_IV_72019.csv
/Users/jjason3/OneDrive - Georgia Institute of Technology/USGS_GW_data/AZ_GW_IV/well_312716110063302_D_23_22_04DCD4_HERUED_ALL_IV_72019.csv,well_312716110063302_D_23_22_04DCD4_HERUED_ALL_IV_72019.csv
/Users/jjason3/OneDrive - Georgia Institute of Technology/USGS_GW_data/AZ_GW_IV/well_341714114040301_B_11_17_19ABA1_BW_252_ALL_IV_72019.csv,well_341714114040301_B_11_17_19ABA1_BW_252_ALL_IV_72019.csv
/Users/jjason3/OneDrive - Georgia Institute of Technology/USGS_GW_data/AZ_GW_IV/well_313643110100101_D_21_21_13BAB1_MOSLNS_ALL_IV_72019.csv,well_313643110100101_D_21_21_13BAB1_MOSLNS_ALL_IV_72019.csv
/Users/jjason3/OneDrive - Georgia Institute of Technology/USGS_GW_data/AZ_GW_IV/well_312653110061401_D_23_22_09DAA_HER_01_ALL_IV_72019.csv,well_312653110061401_D_23_22_09DAA_HER_01_ALL_IV_72019.csv
/Users/jjason3/OneDrive - Georgia Institute of Technology/USGS_GW_data/AZ_GW_IV/well_345557112294501_B_18_02_20DBB_PILOTS_REST_ALL_IV_72019.csv,well_345557112294501_B_18_02_20DBB_PILOTS_REST_ALL_IV_72019.csv
/Users/jjason3/OneDrive - Georgia Institute of Technology/USGS_GW_data/AZ_GW_IV/well_343850111460701_A_15_05_36DBD1_Rim_Rock_W2_ALL_IV_72019.csv,well_343850111460701_A_15_05_36DBD1_Rim_Rock_W2_ALL_IV_72019.csv
/Users/jjason3/OneDrive - Georgia Institute of Technology/USGS_GW_data/AZ_GW_IV/well_345518112332701_B_18_03_26BBC1_WINEGLASS_RANCH_ALL_IV_72019.csv,well_345518112332701_B_18_03_26BBC1_WINEGLASS_RANCH_ALL_IV_72019.csv
/Users/jjason3/OneDrive - Georgia Institute of Technology/USGS_GW_data/AZ_GW_IV/well_350959110562303_05_144_10_70X05_71_2_OW_3A_Shallow_ALL_IV_72019.csv,well_350959110562303_05_144_10_70X05_71_2_OW_3A_Shallow_ALL_IV_72019.csv
/Users/jjason3/OneDrive - Georgia Institute of Technology/USGS_GW_data/AZ_GW_IV/well_312900110071001_D_22_22_28CAA2_HUN_LO_ALL_IV_72019.csv,well_312900110071001_D_22_22_28CAA2_HUN_LO_ALL_IV_72019.csv
/Users/jjason3/OneDrive - Georgia Institute of Technology/USGS_GW_data/AZ_GW_IV/well_350427112414701_B_20_04_33CBD2_WMW_2_ALL_IV_72019.csv,well_350427112414701_B_20_04_33CBD2_WMW_2_ALL_IV_72019.csv
/Users/jjason3/OneDrive - Georgia Institute of Technology/USGS_GW_data/AZ_GW_IV/well_322057111134801_D_12_11_33BBC_TA_32_ALL_IV_72019.csv,well_322057111134801_D_12_11_33BBC_TA_32_ALL_IV_72019.csv
/Users/jjason3/OneDrive - Georgia Institute of Technology/USGS_GW_data/AZ_GW_IV/well_313955110104301_D_20_21_26BCC1_CHM_2S_ALL_IV_72019.csv,well_313955110104301_D_20_21_26BCC1_CHM_2S_ALL_IV_72019.csv
/Users/jjason3/OneDrive - Georgia Institute of Technology/USGS_GW_data/AZ_GW_IV/well_351630110561601_05_131_10_61X15_52_BS_09__ALL_IV_72019.csv,well_351630110561601_05_131_10_61X15_52_BS_09__ALL_IV_72019.csv
/Users/jjason3/OneDrive - Georgia Institute of Technology/USGS_GW_data/AZ_GW_IV/well_313108110075202_D_22_22_17BDD2_COTUWD_ALL_IV_72019.csv,well_313108110075202_D_22_22_17BDD2_COTUWD_ALL_IV_72019.csv
/Users/jjason3/OneDrive - Georgia Institute of Technology/USGS_GW_data/AZ_GW_IV/well_314511110120601_D_19_21_28ACD_TOM_LI_ALL_IV_72019.csv,well_314511110120601_D_19_21_28ACD_TOM_LI_ALL_IV_72019.csv
/Users/jjason3/OneDrive - Georgia Institute of Technology/USGS_GW_data/AZ_GW_IV/well_313310110081702_D_22_22_05BBB3_LSPLES_ALL_IV_72019.csv,well_313310110081702_D_22_22_05BBB3_LSPLES_ALL_IV_72019.csv
/Users/jjason3/OneDrive - Georgia Institute of Technology/USGS_GW_data/AZ_GW_IV/well_324003114235701_C_09_21_10ABC1_FORTUNA_WASH_WELL_ALL_IV_72019.csv,well_324003114235701_C_09_21_10ABC1_FORTUNA_WASH_WELL_ALL_IV_72019.csv
/Users/jjason3/OneDrive - Georgia Institute of Technology/USGS_GW_data/AZ_GW_IV/well_350232112404901_B_19_04_10CCB2_WMW_3_ALL_IV_72019.csv,well_350232112404901_B_19_04_10CCB2_WMW_3_ALL_IV_72019.csv
/Users/jjason3/OneDrive - Georgia Institute of Technology/USGS_GW_data/AZ_GW_IV/well_314904110125001_D_19_21_05AAA2_STD_LO_ALL_IV_72019.csv,well_314904110125001_D_19_21_05AAA2_STD_LO_ALL_IV_72019.csv
/Users/jjason3/OneDrive - Georgia Institute of Technology/USGS_GW_data/AZ_GW_IV/well_321142110530301_D_14_14_23CBA_D_061_A_ALL_IV_72019.csv,well_321142110530301_D_14_14_23CBA_D_061_A_ALL_IV_72019.csv
/Users/jjason3/OneDrive - Georgia Institute of Technology/USGS_GW_data/AZ_GW_IV/well_325601109442601_D_06_25_01DCC_DPW_11_ALL_IV_72019.csv,well_325601109442601_D_06_25_01DCC_DPW_11_ALL_IV_72019.csv
/Users/jjason3/OneDrive - Georgia Institute of Technology/USGS_GW_data/AZ_GW_IV/well_314736110130001_D_19_21_08DAC1_SUM_LI_ALL_IV_72019.csv,well_314736110130001_D_19_21_08DAC1_SUM_LI_ALL_IV_72019.csv
/Users/jjason3/OneDrive - Georgia Institute of Technology/USGS_GW_data/AZ_GW_IV/well_350616112435601_B_20_04_19CBA_Big_Chino_ALL_IV_72019.csv,well_350616112435601_B_20_04_19CBA_Big_Chino_ALL_IV_72019.csv
/Users/jjason3/OneDrive - Georgia Institute of Technology/USGS_GW_data/AZ_GW_IV/well_344428112004801_A_16_03_34ADC_Cottonwood_Shallow_ALL_IV_72019.csv,well_344428112004801_A_16_03_34ADC_Cottonwood_Shallow_ALL_IV_72019.csv
/Users/jjason3/OneDrive - Georgia Institute of Technology/USGS_GW_data/AZ_GW_IV/well_364338110154601_08_039_00_70X01_57_BMOB_3_ALL_IV_72019.csv,well_364338110154601_08_039_00_70X01_57_BMOB_3_ALL_IV_72019.csv
/Users/jjason3/OneDrive - Georgia Institute of Technology/USGS_GW_data/AZ_GW_IV/well_351022111061801_05_145_05_92x05_31_OW_1_ALL_IV_72019.csv,well_351022111061801_05_145_05_92x05_31_OW_1_ALL_IV_72019.csv
/Users/jjason3/OneDrive - Georgia Institute of Technology/USGS_GW_data/AZ_GW_IV/well_312859110070601_D_22_22_28CAA1_HUN_LI_ALL_IV_72019.csv,well_312859110070601_D_22_22_28CAA1_HUN_LI_ALL_IV_72019.csv
/Users/jjason3/OneDrive - Georgia Institute of Technology/USGS_GW_data/AZ_GW_IV/well_312642110063701_D_23_22_09ACD1_HERSUS_ALL_IV_72019.csv,well_312642110063701_D_23_22_09ACD1_HERSUS_ALL_IV_72019.csv
/Users/jjason3/OneDrive - Georgia Institute of Technology/USGS_GW_data/AZ_GW_IV/well_341539114013501_B_11_17_33AAA1_BW_239_ALL_IV_72019.csv,well_341539114013501_B_11_17_33AAA1_BW_239_ALL_IV_72019.csv
/Users/jjason3/OneDrive - Georgia Institute of Technology/USGS_GW_data/AZ_GW_IV/well_312207110070702_D_24_22_04CBA4_PAL_UD_ALL_IV_72019.csv,well_312207110070702_D_24_22_04CBA4_PAL_UD_ALL_IV_72019.csv
/Users/jjason3/OneDrive - Georgia Institute of Technology/USGS_GW_data/AZ_GW_IV/well_360055110304001_04_075_00_61X16_21_BMOB_5_ALL_IV_72019.csv,well_360055110304001_04_075_00_61X16_21_BMOB_5_ALL_IV_72019.csv
/Users/jjason3/OneDrive - Georgia Institute of Technology/USGS_GW_data/AZ_GW_IV/well_312716110063202_D_23_22_04DCD2_HER_LD_ALL_IV_72019.csv,well_312716110063202_D_23_22_04DCD2_HER_LD_ALL_IV_72019.csv
/Users/jjason3/OneDrive - Georgia Institute of Technology/USGS_GW_data/AZ_GW_IV/well_325428109433301_D_06_26_18CAD1_PD_3_ALL_IV_72019.csv,well_325428109433301_D_06_26_18CAD1_PD_3_ALL_IV_72019.csv
/Users/jjason3/OneDrive - Georgia Institute of Technology/USGS_GW_data/AZ_GW_IV/well_351214111022101_05_145_02_25X03_18_OW_2B_ALL_IV_72019.csv,well_351214111022101_05_145_02_25X03_18_OW_2B_ALL_IV_72019.csv
/Users/jjason3/OneDrive - Georgia Institute of Technology/USGS_GW_data/AZ_GW_IV/well_312208110070501_D_24_22_04CBA1_PAL_LS_ALL_IV_72019.csv,well_312208110070501_D_24_22_04CBA1_PAL_LS_ALL_IV_72019.csv
/Users/jjason3/OneDrive - Georgia Institute of Technology/USGS_GW_data/AZ_GW_IV/well_314125110110501_D_20_21_15DBD1_BOQ_LI_ALL_IV_72019.csv,well_314125110110501_D_20_21_15DBD1_BOQ_LI_ALL_IV_72019.csv
/Users/jjason3/OneDrive - Georgia Institute of Technology/USGS_GW_data/AZ_GW_IV/well_323510111181001_D_10_10_03BAA_TA_13_ALL_IV_72019.csv,well_323510111181001_D_10_10_03BAA_TA_13_ALL_IV_72019.csv
/Users/jjason3/OneDrive - Georgia Institute of Technology/USGS_GW_data/AZ_GW_IV/well_331915112400601_C_01_04_21CDD1_AZGFD4_WELL_ALL_IV_72019.csv,well_331915112400601_C_01_04_21CDD1_AZGFD4_WELL_ALL_IV_72019.csv
/Users/jjason3/OneDrive - Georgia Institute of Technology/USGS_GW_data/AZ_GW_IV/well_324953112151401_D_07_01_10CBC2_Vekol_ALL_IV_72019.csv,well_324953112151401_D_07_01_10CBC2_Vekol_ALL_IV_72019.csv
/Users/jjason3/OneDrive - Georgia Institute of Technology/USGS_GW_data/AZ_GW_IV/well_331949112371701_C_01_04_24BBD1_ADOT_WELL_2_ALL_IV_72019.csv,well_331949112371701_C_01_04_24BBD1_ADOT_WELL_2_ALL_IV_72019.csv
/Users/jjason3/OneDrive - Georgia Institute of Technology/USGS_GW_data/AZ_GW_IV/well_341408111212001_A_10_10_05CCA_ALL_IV_72019.csv,well_341408111212001_A_10_10_05CCA_ALL_IV_72019.csv
/Users/jjason3/OneDrive - Georgia Institute of Technology/USGS_GW_data/AZ_GW_IV/well_351635110553401_05_131_09_96X15_44_BS_17__ALL_IV_72019.csv,well_351635110553401_05_131_09_96X15_44_BS_17__ALL_IV_72019.csv
/Users/jjason3/OneDrive - Georgia Institute of Technology/USGS_GW_data/AZ_GW_IV/well_343409111511101_A_14_05_32BBB1_Camp_Verde_ALL_IV_72019.csv,well_343409111511101_A_14_05_32BBB1_Camp_Verde_ALL_IV_72019.csv
/Users/jjason3/OneDrive - Georgia Institute of Technology/USGS_GW_data/AZ_GW_IV/well_332023112372901_C_01_04_13CBB1_EL_RIO_2_WELL_ALL_IV_72019.csv,well_332023112372901_C_01_04_13CBB1_EL_RIO_2_WELL_ALL_IV_72019.csv
/Users/jjason3/OneDrive - Georgia Institute of Technology/USGS_GW_data/AZ_GW_IV/well_365602112460201_B_41_04_19CDC_UNSURV_PVC_Well_ALL_IV_72019.csv,well_365602112460201_B_41_04_19CDC_UNSURV_PVC_Well_ALL_IV_72019.csv
/Users/jjason3/OneDrive - Georgia Institute of Technology/USGS_GW_data/AZ_GW_IV/well_313105110074501_D_22_22_17ACC3_COTBLM_ALL_IV_72019.csv,well_313105110074501_D_22_22_17ACC3_COTBLM_ALL_IV_72019.csv
/Users/jjason3/OneDrive - Georgia Institute of Technology/USGS_GW_data/AZ_GW_IV/well_314124110111201_D_20_21_15DCB1_BOQ_01_ALL_IV_72019.csv,well_314124110111201_D_20_21_15DCB1_BOQ_01_ALL_IV_72019.csv
/Users/jjason3/OneDrive - Georgia Institute of Technology/USGS_GW_data/AZ_GW_IV/well_313312110082502_D_22_22_06AAA3_LSP_3_ALL_IV_72019.csv,well_313312110082502_D_22_22_06AAA3_LSP_3_ALL_IV_72019.csv
/Users/jjason3/OneDrive - Georgia Institute of Technology/USGS_GW_data/AZ_GW_IV/well_365236112442501_B_40_04_17ACC_PISP_NPS_Monitoring_Well_ALL_IV_72019.csv,well_365236112442501_B_40_04_17ACC_PISP_NPS_Monitoring_Well_ALL_IV_72019.csv
/Users/jjason3/OneDrive - Georgia Institute of Technology/USGS_GW_data/AZ_GW_IV/well_325134109355401_D_07_27_05AAA1_219_ALL_IV_72019.csv,well_325134109355401_D_07_27_05AAA1_219_ALL_IV_72019.csv
/Users/jjason3/OneDrive - Georgia Institute of Technology/USGS_GW_data/AZ_GW_IV/well_363143110355001_02_040_05_38X15_27_BMOB_4_ALL_IV_72019.csv,well_363143110355001_02_040_05_38X15_27_BMOB_4_ALL_IV_72019.csv
/Users/jjason3/OneDrive - Georgia Institute of Technology/USGS_GW_data/AZ_GW_IV/well_312214110071602_D_24_22_04CBC2_PALUWD_ALL_IV_72019.csv,well_312214110071602_D_24_22_04CBC2_PALUWD_ALL_IV_72019.csv
/Users/jjason3/OneDrive - Georgia Institute of Technology/USGS_GW_data/AZ_GW_IV/well_313642110100301_D_21_21_13BAB5_MOSBLM_ALL_IV_72019.csv,well_313642110100301_D_21_21_13BAB5_MOSBLM_ALL_IV_72019.csv
/Users/jjason3/OneDrive - Georgia Institute of Technology/USGS_GW_data/AZ_GW_IV/well_312044110141901_D_24_21_17BCB3_Baumkirchner_3_ALL_IV_72019.csv,well_312044110141901_D_24_21_17BCB3_Baumkirchner_3_ALL_IV_72019.csv
/Users/jjason3/OneDrive - Georgia Institute of Technology/USGS_GW_data/AZ_GW_IV/well_320944111125701_D_14_11_34CCC_AV_025_A_ALL_IV_72019.csv,well_320944111125701_D_14_11_34CCC_AV_025_A_ALL_IV_72019.csv
/Users/jjason3/OneDrive - Georgia Institute of Technology/USGS_GW_data/AZ_GW_IV/well_341540114014301_C_11_17_28DDD1_BW_238_ALL_IV_72019.csv,well_341540114014301_C_11_17_28DDD1_BW_238_ALL_IV_72019.csv
/Users/jjason3/OneDrive - Georgia Institute of Technology/USGS_GW_data/AZ_GW_IV/well_314144110104701_D_20_21_14BCC1_BOQSUS_ALL_IV_72019.csv,well_314144110104701_D_20_21_14BCC1_BOQSUS_ALL_IV_72019.csv
/Users/jjason3/OneDrive - Georgia Institute of Technology/USGS_GW_data/AZ_GW_IV/well_313312110082501_D_22_22_06AAA7_LSP_2_ALL_IV_72019.csv,well_313312110082501_D_22_22_06AAA7_LSP_2_ALL_IV_72019.csv
/Users/jjason3/OneDrive - Georgia Institute of Technology/USGS_GW_data/AZ_GW_IV/well_325045109384101_D_07_26_01CCD1_218_ALL_IV_72019.csv,well_325045109384101_D_07_26_01CCD1_218_ALL_IV_72019.csv
/Users/jjason3/OneDrive - Georgia Institute of Technology/USGS_GW_data/AZ_GW_IV/well_350403112421801_B_19_04_05ABA1_ALL_IV_72019.csv,well_350403112421801_B_19_04_05ABA1_ALL_IV_72019.csv
/Users/jjason3/OneDrive - Georgia Institute of Technology/USGS_GW_data/AZ_GW_IV/well_312642110063702_D_23_22_09ACD2_HERSUD_ALL_IV_72019.csv,well_312642110063702_D_23_22_09ACD2_HERSUD_ALL_IV_72019.csv
/Users/jjason3/OneDrive - Georgia Institute of Technology/USGS_GW_data/AZ_GW_IV/well_332121112291501_C_01_02_07ADD1_JACKRABBIT_BRIDGE_WELL_ALL_IV_72019.csv,well_332121112291501_C_01_02_07ADD1_JACKRABBIT_BRIDGE_WELL_ALL_IV_72019.csv
/Users/jjason3/OneDrive - Georgia Institute of Technology/USGS_GW_data/AZ_GW_IV/well_315909110540601_D_17_14_03BAA1_SC_030_A_ALL_IV_72019.csv,well_315909110540601_D_17_14_03BAA1_SC_030_A_ALL_IV_72019.csv
/Users/jjason3/OneDrive - Georgia Institute of Technology/USGS_GW_data/AZ_GW_IV/well_314059110112003_D_20_21_22BAD3_BOQWP2_ALL_IV_72019.csv,well_314059110112003_D_20_21_22BAD3_BOQWP2_ALL_IV_72019.csv
/Users/jjason3/OneDrive - Georgia Institute of Technology/USGS_GW_data/AZ_GW_IV/well_325216109431501_D_06_26_31ACA1_FM1_ALL_IV_72019.csv,well_325216109431501_D_06_26_31ACA1_FM1_ALL_IV_72019.csv
/Users/jjason3/OneDrive - Georgia Institute of Technology/USGS_GW_data/AZ_GW_IV/well_321929111070601_D_13_12_04DCD_ALL_IV_72019.csv,well_321929111070601_D_13_12_04DCD_ALL_IV_72019.csv
/Users/jjason3/OneDrive - Georgia Institute of Technology/USGS_GW_data/AZ_GW_IV/well_344354112014901_A_15_03_04ABA1_Cottonwood_ALP25_ALL_IV_72019.csv,well_344354112014901_A_15_03_04ABA1_Cottonwood_ALP25_ALL_IV_72019.csv
/Users/jjason3/OneDrive - Georgia Institute of Technology/USGS_GW_data/AZ_GW_IV/well_312853110070401_D_22_22_28CCD_HUN_SO_ALL_IV_72019.csv,well_312853110070401_D_22_22_28CCD_HUN_SO_ALL_IV_72019.csv
/Users/jjason3/OneDrive - Georgia Institute of Technology/USGS_GW_data/AZ_GW_IV/well_341657114031701_B_11_17_20BDD1_BW_251_ALL_IV_72019.csv,well_341657114031701_B_11_17_20BDD1_BW_251_ALL_IV_72019.csv
/Users/jjason3/OneDrive - Georgia Institute of Technology/USGS_GW_data/AZ_GW_IV/well_314601110120902_D_19_21_21ACC2_CONLID_ALL_IV_72019.csv,well_314601110120902_D_19_21_21ACC2_CONLID_ALL_IV_72019.csv
/Users/jjason3/OneDrive - Georgia Institute of Technology/USGS_GW_data/AZ_GW_IV/well_314317110113401_D_20_21_03CBA_FBK_LI_ALL_IV_72019.csv,well_314317110113401_D_20_21_03CBA_FBK_LI_ALL_IV_72019.csv
/Users/jjason3/OneDrive - Georgia Institute of Technology/USGS_GW_data/AZ_GW_IV/well_320845110551201_D_15_14_09BAC_WR_53_ALL_IV_72019.csv,well_320845110551201_D_15_14_09BAC_WR_53_ALL_IV_72019.csv
/Users/jjason3/OneDrive - Georgia Institute of Technology/USGS_GW_data/AZ_GW_IV/well_350002110355501_A_19_16_36DDB_Winslow_I_40_Well_ALL_IV_72019.csv,well_350002110355501_A_19_16_36DDB_Winslow_I_40_Well_ALL_IV_72019.csv
/Users/jjason3/OneDrive - Georgia Institute of Technology/USGS_GW_data/AZ_GW_IV/well_325441109452701_D_06_25_14ACC1_FM2_ALL_IV_72019.csv,well_325441109452701_D_06_25_14ACC1_FM2_ALL_IV_72019.csv
/Users/jjason3/OneDrive - Georgia Institute of Technology/USGS_GW_data/AZ_GW_IV/well_313309110094301_D_22_22_06ABD_LSP_6_ALL_IV_72019.csv,well_313309110094301_D_22_22_06ABD_LSP_6_ALL_IV_72019.csv
/Users/jjason3/OneDrive - Georgia Institute of Technology/USGS_GW_data/AZ_GW_IV/well_351654110564101_05_131_11_01X15_06_BS_10__ALL_IV_72019.csv,well_351654110564101_05_131_11_01X15_06_BS_10__ALL_IV_72019.csv
/Users/jjason3/OneDrive - Georgia Institute of Technology/USGS_GW_data/AZ_GW_IV/well_312039110080101_D_24_22_17BDC_PAL_05_ALL_IV_72019.csv,well_312039110080101_D_24_22_17BDC_PAL_05_ALL_IV_72019.csv
/Users/jjason3/OneDrive - Georgia Institute of Technology/USGS_GW_data/AZ_GW_IV/well_325529109452101_D_06_25_11DBA_DPW_12_ALL_IV_72019.csv,well_325529109452101_D_06_25_11DBA_DPW_12_ALL_IV_72019.csv
/Users/jjason3/OneDrive - Georgia Institute of Technology/USGS_GW_data/AZ_GW_IV/well_313955110104302_D_20_21_26BCC2_CHM_2D_ALL_IV_72019.csv,well_313955110104302_D_20_21_26BCC2_CHM_2D_ALL_IV_72019.csv
/Users/jjason3/OneDrive - Georgia Institute of Technology/USGS_GW_data/AZ_GW_IV/well_325643109342301_D_06_27_03BAA1_LA_08P_ALL_IV_72019.csv,well_325643109342301_D_06_27_03BAA1_LA_08P_ALL_IV_72019.csv
/Users/jjason3/OneDrive - Georgia Institute of Technology/USGS_GW_data/AZ_GW_IV/well_341509114002001_B_11_17_35CBA1_BW_228_ALL_IV_72019.csv,well_341509114002001_B_11_17_35CBA1_BW_228_ALL_IV_72019.csv
/Users/jjason3/OneDrive - Georgia Institute of Technology/USGS_GW_data/AZ_GW_IV/well_322339111170001_D_12_10_12CCD1_AF_14_ALL_IV_72019.csv,well_322339111170001_D_12_10_12CCD1_AF_14_ALL_IV_72019.csv
/Users/jjason3/OneDrive - Georgia Institute of Technology/USGS_GW_data/AZ_GW_IV/well_321547111144001_D_13_11_29CDD_TA_33_ALL_IV_72019.csv,well_321547111144001_D_13_11_29CDD_TA_33_ALL_IV_72019.csv
/Users/jjason3/OneDrive - Georgia Institute of Technology/USGS_GW_data/AZ_GW_IV/well_355254112054901_A_29_03_20CBA1_PINYON_PLAIN_MINE_PERCHED_GW_WELL_ALL_IV_72019.csv,well_355254112054901_A_29_03_20CBA1_PINYON_PLAIN_MINE_PERCHED_GW_WELL_ALL_IV_72019.csv
/Users/jjason3/OneDrive - Georgia Institute of Technology/USGS_GW_data/AZ_GW_IV/well_313316110082901_D_22_22_06AAB_LSPUWD_ALL_IV_72019.csv,well_313316110082901_D_22_22_06AAB_LSPUWD_ALL_IV_72019.csv
/Users/jjason3/OneDrive - Georgia Institute of Technology/USGS_GW_data/AZ_GW_IV/well_313738110102901_D_21_21_02DDC_CHB_LI_ALL_IV_72019.csv,well_313738110102901_D_21_21_02DDC_CHB_LI_ALL_IV_72019.csv
/Users/jjason3/OneDrive - Georgia Institute of Technology/USGS_GW_data/AZ_GW_IV/well_363850110100801_08_038_09_40X07_08_BMOB_2_ALL_IV_72019.csv,well_363850110100801_08_038_09_40X07_08_BMOB_2_ALL_IV_72019.csv
/Users/jjason3/OneDrive - Georgia Institute of Technology/USGS_GW_data/AZ_GW_IV/well_341647114035301_B_11_17_19DAC1_BW_250_ALL_IV_72019.csv,well_341647114035301_B_11_17_19DAC1_BW_250_ALL_IV_72019.csv
/Users/jjason3/OneDrive - Georgia Institute of Technology/USGS_GW_data/AZ_GW_IV/well_313643110100102_D_21_21_13BAB2_MOSLND_ALL_IV_72019.csv,well_313643110100102_D_21_21_13BAB2_MOSLND_ALL_IV_72019.csv
/Users/jjason3/OneDrive - Georgia Institute of Technology/USGS_GW_data/MA_GW_IV/well_414129070361401_MA_BHW_198_BOURNE_MA_ALL_IV_72019.csv,well_414129070361401_MA_BHW_198_BOURNE_MA_ALL_IV_72019.csv
/Users/jjason3/OneDrive - Georgia Institute of Technology/USGS_GW_data/MA_GW_IV/well_415557070031702_MA_WNW_156_0010_WELLFLEET_MA_ALL_IV_72019.csv,well_415557070031702_MA_WNW_156_0010_WELLFLEET_MA_ALL_IV_72019.csv
/Users/jjason3/OneDrive - Georgia Institute of Technology/USGS_GW_data/MA_GW_IV/well_424520070562401_MA_NIW_27_NEWBURY_MA_ALL_IV_72019.csv,well_424520070562401_MA_NIW_27_NEWBURY_MA_ALL_IV_72019.csv
/Users/jjason3/OneDrive - Georgia Institute of Technology/USGS_GW_data/MA_GW_IV/well_423810072435401_MA_CSW_8R_COLRAIN_MA_ALL_IV_72019.csv,well_423810072435401_MA_CSW_8R_COLRAIN_MA_ALL_IV_72019.csv
/Users/jjason3/OneDrive - Georgia Institute of Technology/USGS_GW_data/MA_GW_IV/well_420912072042801_MA_OTW_7R_OTIS_MA_ALL_IV_72019.csv,well_420912072042801_MA_OTW_7R_OTIS_MA_ALL_IV_72019.csv
/Users/jjason3/OneDrive - Georgia Institute of Technology/USGS_GW_data/MA_GW_IV/well_411536069591301_MA_NBW_107_NANTUCKET_MA_ALL_IV_72019.csv,well_411536069591301_MA_NBW_107_NANTUCKET_MA_ALL_IV_72019.csv
/Users/jjason3/OneDrive - Georgia Institute of Technology/USGS_GW_data/MA_GW_IV/well_423503073075401_MA_CJW_2_CHESHIRE_MA_ALL_IV_72019.csv,well_423503073075401_MA_CJW_2_CHESHIRE_MA_ALL_IV_72019.csv
/Users/jjason3/OneDrive - Georgia Institute of Technology/USGS_GW_data/MA_GW_IV/well_414712071175001_MA_SHW_275R_SEEKONK_MA_ALL_IV_72019.csv,well_414712071175001_MA_SHW_275R_SEEKONK_MA_ALL_IV_72019.csv
/Users/jjason3/OneDrive - Georgia Institute of Technology/USGS_GW_data/MA_GW_IV/well_424250072493101_MA_HNW_14_HEATH_MA_ALL_IV_72019.csv,well_424250072493101_MA_HNW_14_HEATH_MA_ALL_IV_72019.csv
/Users/jjason3/OneDrive - Georgia Institute of Technology/USGS_GW_data/MA_GW_IV/well_421012072324301_MA_CMW_95R_CHICOPEE_MA_ALL_IV_72019.csv,well_421012072324301_MA_CMW_95R_CHICOPEE_MA_ALL_IV_72019.csv
/Users/jjason3/OneDrive - Georgia Institute of Technology/USGS_GW_data/MA_GW_IV/well_415228070554601_MA_LKW_14_LAKEVILLE_MA_ALL_IV_72019.csv,well_415228070554601_MA_LKW_14_LAKEVILLE_MA_ALL_IV_72019.csv
/Users/jjason3/OneDrive - Georgia Institute of Technology/USGS_GW_data/MA_GW_IV/well_420321070433502_MA_D4W_79_DUXBURY_MA_ALL_IV_72019.csv,well_420321070433502_MA_D4W_79_DUXBURY_MA_ALL_IV_72019.csv
/Users/jjason3/OneDrive - Georgia Institute of Technology/USGS_GW_data/MA_GW_IV/well_422650071213801_MA_CTW_167R_CONCORD_MA_ALL_IV_72019.csv,well_422650071213801_MA_CTW_167R_CONCORD_MA_ALL_IV_72019.csv
/Users/jjason3/OneDrive - Georgia Institute of Technology/USGS_GW_data/MA_GW_IV/well_413930070190901_MA_A1W_306_BARNSTABLE_MA_ALL_IV_72019.csv,well_413930070190901_MA_A1W_306_BARNSTABLE_MA_ALL_IV_72019.csv
/Users/jjason3/OneDrive - Georgia Institute of Technology/USGS_GW_data/MA_GW_IV/well_423401071093801_MA_XMW_78_WILMINGTON_MA_ALL_IV_72019.csv,well_423401071093801_MA_XMW_78_WILMINGTON_MA_ALL_IV_72019.csv
/Users/jjason3/OneDrive - Georgia Institute of Technology/USGS_GW_data/MA_GW_IV/well_422103072241103_MA_PDW_24_PELHAM_MA_ALL_IV_72019.csv,well_422103072241103_MA_PDW_24_PELHAM_MA_ALL_IV_72019.csv
/Users/jjason3/OneDrive - Georgia Institute of Technology/USGS_GW_data/MA_GW_IV/well_423441072170701_MA_ORW_63_ORANGE_MA_ALL_IV_72019.csv,well_423441072170701_MA_ORW_63_ORANGE_MA_ALL_IV_72019.csv
/Users/jjason3/OneDrive - Georgia Institute of Technology/USGS_GW_data/MA_GW_IV/well_415556070033501_MA_WNW_154_WELLFLEET_MA_ALL_IV_72019.csv,well_415556070033501_MA_WNW_154_WELLFLEET_MA_ALL_IV_72019.csv
/Users/jjason3/OneDrive - Georgia Institute of Technology/USGS_GW_data/MA_GW_IV/well_414518070015801_MA_BMW_21R_BREWSTER_MA_ALL_IV_72019.csv,well_414518070015801_MA_BMW_21R_BREWSTER_MA_ALL_IV_72019.csv
/Users/jjason3/OneDrive - Georgia Institute of Technology/USGS_GW_data/MA_GW_IV/well_422559072332402_MA_S6W_68_SUNDERLAND_MA_ALL_IV_72019.csv,well_422559072332402_MA_S6W_68_SUNDERLAND_MA_ALL_IV_72019.csv
/Users/jjason3/OneDrive - Georgia Institute of Technology/USGS_GW_data/MA_GW_IV/well_421550073025101_MA_A3W_12_BECKET_MA_ALL_IV_72019.csv,well_421550073025101_MA_A3W_12_BECKET_MA_ALL_IV_72019.csv
/Users/jjason3/OneDrive - Georgia Institute of Technology/USGS_GW_data/MA_GW_IV/well_412346070353403_MA_ENW_52_EDGARTOWN_MA_ALL_IV_72019.csv,well_412346070353403_MA_ENW_52_EDGARTOWN_MA_ALL_IV_72019.csv
/Users/jjason3/OneDrive - Georgia Institute of Technology/USGS_GW_data/MA_GW_IV/well_415354069585201_MA_WNW_17R_WELLFLEET_MA_ALL_IV_72019.csv,well_415354069585201_MA_WNW_17R_WELLFLEET_MA_ALL_IV_72019.csv
/Users/jjason3/OneDrive - Georgia Institute of Technology/USGS_GW_data/MA_GW_IV/well_414205070334701_MA_BHW_506_0206_MW_21M3_BOURNE_MA_ALL_IV_72019.csv,well_414205070334701_MA_BHW_506_0206_MW_21M3_BOURNE_MA_ALL_IV_72019.csv
/Users/jjason3/OneDrive - Georgia Institute of Technology/USGS_GW_data/MA_GW_IV/well_414219070313601_MA_SDW_525_0109_MW_126S_ALL_IV_72019.csv,well_414219070313601_MA_SDW_525_0109_MW_126S_ALL_IV_72019.csv
/Users/jjason3/OneDrive - Georgia Institute of Technology/USGS_GW_data/MA_GW_IV/well_423115071032001_MA_WAW_38_WAKEFIELD_MA_ALL_IV_72019.csv,well_423115071032001_MA_WAW_38_WAKEFIELD_MA_ALL_IV_72019.csv
/Users/jjason3/OneDrive - Georgia Institute of Technology/USGS_GW_data/MA_GW_IV/well_422103072241102_MA_PDW_23_PELHAM_MA_ALL_IV_72019.csv,well_422103072241102_MA_PDW_23_PELHAM_MA_ALL_IV_72019.csv
/Users/jjason3/OneDrive - Georgia Institute of Technology/USGS_GW_data/MA_GW_IV/well_415557070032301_MA_WNW_155_0035_WELLFLEET_MA_ALL_IV_72019.csv,well_415557070032301_MA_WNW_155_0035_WELLFLEET_MA_ALL_IV_72019.csv
/Users/jjason3/OneDrive - Georgia Institute of Technology/USGS_GW_data/MA_GW_IV/well_420545071174001_MA_NNW_27_NORFOLK_MA_ALL_IV_72019.csv,well_420545071174001_MA_NNW_27_NORFOLK_MA_ALL_IV_72019.csv
/Users/jjason3/OneDrive - Georgia Institute of Technology/USGS_GW_data/MA_GW_IV/well_421240072490201_MA_M7W_19_MONTGOMERY_MA_ALL_IV_72019.csv,well_421240072490201_MA_M7W_19_MONTGOMERY_MA_ALL_IV_72019.csv
/Users/jjason3/OneDrive - Georgia Institute of Technology/USGS_GW_data/MA_GW_IV/well_422520071483001_MA_SYW_177_STERLING_MA_ALL_IV_72019.csv,well_422520071483001_MA_SYW_177_STERLING_MA_ALL_IV_72019.csv
/Users/jjason3/OneDrive - Georgia Institute of Technology/USGS_GW_data/MA_GW_IV/well_415552070031701_MA_WNW_159_0035_WELLFLEET_MA_ALL_IV_72019.csv,well_415552070031701_MA_WNW_159_0035_WELLFLEET_MA_ALL_IV_72019.csv
/Users/jjason3/OneDrive - Georgia Institute of Technology/USGS_GW_data/MA_GW_IV/well_415600070030703_MA_WNW_157_0012_WELLFLEET_MA_ALL_IV_72019.csv,well_415600070030703_MA_WNW_157_0012_WELLFLEET_MA_ALL_IV_72019.csv
/Users/jjason3/OneDrive - Georgia Institute of Technology/USGS_GW_data/MA_GW_IV/well_421851071312601_MA_SSW_12_SOUTHBOROUGH_MA_ALL_IV_72019.csv,well_421851071312601_MA_SSW_12_SOUTHBOROUGH_MA_ALL_IV_72019.csv
/Users/jjason3/OneDrive - Georgia Institute of Technology/USGS_GW_data/MA_GW_IV/well_412154070404701_MA_CNW_36_CHILMARK_MA_ALL_IV_72019.csv,well_412154070404701_MA_CNW_36_CHILMARK_MA_ALL_IV_72019.csv
/Users/jjason3/OneDrive - Georgia Institute of Technology/USGS_GW_data/MA_GW_IV/well_420313071514201_MA_WLW_1R_WEBSTER_MA_ALL_IV_72019.csv,well_420313071514201_MA_WLW_1R_WEBSTER_MA_ALL_IV_72019.csv
/Users/jjason3/OneDrive - Georgia Institute of Technology/USGS_GW_data/MA_GW_IV/well_414706071045001_MA_F3W_23R_FREETOWN_MA_ALL_IV_72019.csv,well_414706071045001_MA_F3W_23R_FREETOWN_MA_ALL_IV_72019.csv
/Users/jjason3/OneDrive - Georgia Institute of Technology/USGS_GW_data/MA_GW_IV/well_420924072422602_MA_WVW_152_WESTFIELD_MA_ALL_IV_72019.csv,well_420924072422602_MA_WVW_152_WESTFIELD_MA_ALL_IV_72019.csv
/Users/jjason3/OneDrive - Georgia Institute of Technology/USGS_GW_data/MA_GW_IV/well_424806070572101_MA_WZW_216_WEST_NEWBURY_MA_ALL_IV_72019.csv,well_424806070572101_MA_WZW_216_WEST_NEWBURY_MA_ALL_IV_72019.csv
/Users/jjason3/OneDrive - Georgia Institute of Technology/USGS_GW_data/MA_GW_IV/well_420955070564901_MA_XGW_135_WEYMOUTH_MA_ALL_IV_72019.csv,well_420955070564901_MA_XGW_135_WEYMOUTH_MA_ALL_IV_72019.csv
/Users/jjason3/OneDrive - Georgia Institute of Technology/USGS_GW_data/MA_GW_IV/well_415433070583302_MA_MTW_82_MIDDLEBORO_MA_ALL_IV_72019.csv,well_415433070583302_MA_MTW_82_MIDDLEBORO_MA_ALL_IV_72019.csv
/Users/jjason3/OneDrive - Georgia Institute of Technology/USGS_GW_data/MA_GW_IV/well_422058072085101_MA_HHW_1R_HARDWICK_MA_ALL_IV_72019.csv,well_422058072085101_MA_HHW_1R_HARDWICK_MA_ALL_IV_72019.csv
/Users/jjason3/OneDrive - Georgia Institute of Technology/USGS_GW_data/MA_GW_IV/well_420355070520201_MA_HGW_76R_HANSON_MA_ALL_IV_72019.csv,well_420355070520201_MA_HGW_76R_HANSON_MA_ALL_IV_72019.csv
/Users/jjason3/OneDrive - Georgia Institute of Technology/USGS_GW_data/MA_GW_IV/well_414100070011101_MA_CGW_138_CHATHAM_MA_ALL_IV_72019.csv,well_414100070011101_MA_CGW_138_CHATHAM_MA_ALL_IV_72019.csv
/Users/jjason3/OneDrive - Georgia Institute of Technology/USGS_GW_data/MA_GW_IV/well_423715072042801_MA_TMW_3R_TEMPLETON_MA_ALL_IV_72019.csv,well_423715072042801_MA_TMW_3R_TEMPLETON_MA_ALL_IV_72019.csv
/Users/jjason3/OneDrive - Georgia Institute of Technology/USGS_GW_data/MA_GW_IV/well_414159070310501_MA_SDW_537_0107_SANDWICH_MA_ALL_IV_72019.csv,well_414159070310501_MA_SDW_537_0107_SANDWICH_MA_ALL_IV_72019.csv
/Users/jjason3/OneDrive - Georgia Institute of Technology/USGS_GW_data/MA_GW_IV/well_414714071175901_MA_SHW_275_SEEKONK_MA_ALL_IV_72019.csv,well_414714071175901_MA_SHW_275_SEEKONK_MA_ALL_IV_72019.csv
/Users/jjason3/OneDrive - Georgia Institute of Technology/USGS_GW_data/MA_GW_IV/well_421923072451001_MA_WXW_20_WESTHAMPTON_MA_ALL_IV_72019.csv,well_421923072451001_MA_WXW_20_WESTHAMPTON_MA_ALL_IV_72019.csv
/Users/jjason3/OneDrive - Georgia Institute of Technology/USGS_GW_data/MA_GW_IV/well_423339072524101_MA_HMW_8_HAWLEY_MA_ALL_IV_72019.csv,well_423339072524101_MA_HMW_8_HAWLEY_MA_ALL_IV_72019.csv
/Users/jjason3/OneDrive - Georgia Institute of Technology/USGS_GW_data/MA_GW_IV/well_422845071163101_MA_A4W_223_0009_B257S_BEDFORD_MA_ALL_IV_72019.csv,well_422845071163101_MA_A4W_223_0009_B257S_BEDFORD_MA_ALL_IV_72019.csv
/Users/jjason3/OneDrive - Georgia Institute of Technology/USGS_GW_data/MA_GW_IV/well_424055071435302_MA_TRW_13R_TOWNSEND_MA_ALL_IV_72019.csv,well_424055071435302_MA_TRW_13R_TOWNSEND_MA_ALL_IV_72019.csv
/Users/jjason3/OneDrive - Georgia Institute of Technology/USGS_GW_data/MA_GW_IV/well_422341071464901_MA_WSW_26_WEST_BOYLSTON_MA_ALL_IV_72019.csv,well_422341071464901_MA_WSW_26_WEST_BOYLSTON_MA_ALL_IV_72019.csv
/Users/jjason3/OneDrive - Georgia Institute of Technology/USGS_GW_data/MA_GW_IV/well_422745073112001_MA_PTW_51_PITTSFIELD_MA_ALL_IV_72019.csv,well_422745073112001_MA_PTW_51_PITTSFIELD_MA_ALL_IV_72019.csv
/Users/jjason3/OneDrive - Georgia Institute of Technology/USGS_GW_data/MA_GW_IV/well_420305072581401_MA_GLW_6R_GRANVILLE_MA_ALL_IV_72019.csv,well_420305072581401_MA_GLW_6R_GRANVILLE_MA_ALL_IV_72019.csv
/Users/jjason3/OneDrive - Georgia Institute of Technology/USGS_GW_data/MA_GW_IV/well_423311072355801_MA_DFW_44R_DEERFIELD_MA_ALL_IV_72019.csv,well_423311072355801_MA_DFW_44R_DEERFIELD_MA_ALL_IV_72019.csv
/Users/jjason3/OneDrive - Georgia Institute of Technology/USGS_GW_data/MA_GW_IV/well_415605070032001_MA_WNW_134_WELLFLEET_MA_ALL_IV_72019.csv,well_415605070032001_MA_WNW_134_WELLFLEET_MA_ALL_IV_72019.csv
/Users/jjason3/OneDrive - Georgia Institute of Technology/USGS_GW_data/MA_GW_IV/well_415808070024301_MA_TSW_257_0034_TRURO_MA_ALL_IV_72019.csv,well_415808070024301_MA_TSW_257_0034_TRURO_MA_ALL_IV_72019.csv
/Users/jjason3/OneDrive - Georgia Institute of Technology/USGS_GW_data/MA_GW_IV/well_415544070033301_MA_WNW_160_WELLFLEET_MA_ALL_IV_72019.csv,well_415544070033301_MA_WNW_160_WELLFLEET_MA_ALL_IV_72019.csv
/Users/jjason3/OneDrive - Georgia Institute of Technology/USGS_GW_data/MA_GW_IV/well_421438071165601_MA_DVW_10R_DOVER_MA_ALL_IV_72019.csv,well_421438071165601_MA_DVW_10R_DOVER_MA_ALL_IV_72019.csv
/Users/jjason3/OneDrive - Georgia Institute of Technology/USGS_GW_data/MA_GW_IV/well_422248071362401_MA_A9W_57_BERLIN_MA_ALL_IV_72019.csv,well_422248071362401_MA_A9W_57_BERLIN_MA_ALL_IV_72019.csv
/Users/jjason3/OneDrive - Georgia Institute of Technology/USGS_GW_data/MA_GW_IV/well_420317070432901_MA_D4W_80_DUXBURY_MA_ALL_IV_72019.csv,well_420317070432901_MA_D4W_80_DUXBURY_MA_ALL_IV_72019.csv
/Users/jjason3/OneDrive - Georgia Institute of Technology/USGS_GW_data/MA_GW_IV/well_415557070032302_MA_WNW_155_0017_WELLFLEET_MA_ALL_IV_72019.csv,well_415557070032302_MA_WNW_155_0017_WELLFLEET_MA_ALL_IV_72019.csv
/Users/jjason3/OneDrive - Georgia Institute of Technology/USGS_GW_data/MA_GW_IV/well_413801070322703_MA_FSW_239_0121_ALL_IV_72019.csv,well_413801070322703_MA_FSW_239_0121_ALL_IV_72019.csv
/Users/jjason3/OneDrive - Georgia Institute of Technology/USGS_GW_data/MA_GW_IV/well_414632070014901_MA_BMW_22R_BREWSTER_MA_ALL_IV_72019.csv,well_414632070014901_MA_BMW_22R_BREWSTER_MA_ALL_IV_72019.csv
/Users/jjason3/OneDrive - Georgia Institute of Technology/USGS_GW_data/MA_GW_IV/well_424057072010301_MA_XNW_48_WINCHENDON_MA_ALL_IV_72019.csv,well_424057072010301_MA_XNW_48_WINCHENDON_MA_ALL_IV_72019.csv
/Users/jjason3/OneDrive - Georgia Institute of Technology/USGS_GW_data/MA_GW_IV/well_424249072493101_MA_HNW_19_HEATH_MA_ALL_IV_72019.csv,well_424249072493101_MA_HNW_19_HEATH_MA_ALL_IV_72019.csv
/Users/jjason3/OneDrive - Georgia Institute of Technology/USGS_GW_data/MA_GW_IV/well_415217070393102_MA_PWW_494_PLYMOUTH_MA_ALL_IV_72019.csv,well_415217070393102_MA_PWW_494_PLYMOUTH_MA_ALL_IV_72019.csv
/Users/jjason3/OneDrive - Georgia Institute of Technology/USGS_GW_data/MA_GW_IV/well_422845071163102_MA_A4W_224_0070_B257L_BEDFORD_MA_ALL_IV_72019.csv,well_422845071163102_MA_A4W_224_0070_B257L_BEDFORD_MA_ALL_IV_72019.csv
/Users/jjason3/OneDrive - Georgia Institute of Technology/USGS_GW_data/MA_GW_IV/well_421315073212401_MA_GMW_92_GREAT_BARRINGTON_MA_ALL_IV_72019.csv,well_421315073212401_MA_GMW_92_GREAT_BARRINGTON_MA_ALL_IV_72019.csv
/Users/jjason3/OneDrive - Georgia Institute of Technology/USGS_GW_data/MA_GW_IV/well_422906072124301_MA_PHW_16_PETERSHAM_MA_ALL_IV_72019.csv,well_422906072124301_MA_PHW_16_PETERSHAM_MA_ALL_IV_72019.csv
/Users/jjason3/OneDrive - Georgia Institute of Technology/USGS_GW_data/MA_GW_IV/well_422627071154002_MA_LTW_104_LEXINGTON_MA_ALL_IV_72019.csv,well_422627071154002_MA_LTW_104_LEXINGTON_MA_ALL_IV_72019.csv
/Users/jjason3/OneDrive - Georgia Institute of Technology/USGS_GW_data/MA_GW_IV/well_422845071163103_MA_A4W_225_0094_B257R_BEDFORD_MA_ALL_IV_72019.csv,well_422845071163103_MA_A4W_225_0094_B257R_BEDFORD_MA_ALL_IV_72019.csv
/Users/jjason3/OneDrive - Georgia Institute of Technology/USGS_GW_data/MA_GW_IV/well_415549070031401_MA_WNW_158_WELLFLEET_MA_ALL_IV_72019.csv,well_415549070031401_MA_WNW_158_WELLFLEET_MA_ALL_IV_72019.csv
/Users/jjason3/OneDrive - Georgia Institute of Technology/USGS_GW_data/MA_GW_IV/well_421410072081301_MA_WUW_2_WEST_BROOKFIELD_MA_ALL_IV_72019.csv,well_421410072081301_MA_WUW_2_WEST_BROOKFIELD_MA_ALL_IV_72019.csv
/Users/jjason3/OneDrive - Georgia Institute of Technology/USGS_GW_data/MA_GW_IV/well_420610071421402_MA_NXW_54_NORTHBRIDGE_MA_ALL_IV_72019.csv,well_420610071421402_MA_NXW_54_NORTHBRIDGE_MA_ALL_IV_72019.csv
/Users/jjason3/OneDrive - Georgia Institute of Technology/USGS_GW_data/MA_GW_IV/well_420350073193601_MA_SJW_58R_SHEFFIELD_MA_ALL_IV_72019.csv,well_420350073193601_MA_SJW_58R_SHEFFIELD_MA_ALL_IV_72019.csv
/Users/jjason3/OneDrive - Georgia Institute of Technology/USGS_GW_data/MA_GW_IV/well_414405070312104_MA_SDW_483_0170_MW_17M3_SANDWICH_MA_ALL_IV_72019.csv,well_414405070312104_MA_SDW_483_0170_MW_17M3_SANDWICH_MA_ALL_IV_72019.csv
/Users/jjason3/OneDrive - Georgia Institute of Technology/USGS_GW_data/MA_GW_IV/well_415600070030702_MA_WNW_157_0070_WELLFLEET_MA_ALL_IV_72019.csv,well_415600070030702_MA_WNW_157_0070_WELLFLEET_MA_ALL_IV_72019.csv
/Users/jjason3/OneDrive - Georgia Institute of Technology/USGS_GW_data/MA_GW_IV/well_421853071220501_MA_WKW_2R_WAYLAND_MA_ALL_IV_72019.csv,well_421853071220501_MA_WKW_2R_WAYLAND_MA_ALL_IV_72019.csv
/Users/jjason3/OneDrive - Georgia Institute of Technology/USGS_GW_data/MA_GW_IV/well_422104073152801_MA_LQW_61_LENOX_MA_ALL_IV_72019.csv,well_422104073152801_MA_LQW_61_LENOX_MA_ALL_IV_72019.csv
/Users/jjason3/OneDrive - Georgia Institute of Technology/USGS_GW_data/MA_GW_IV/well_415453070434901_MA_PWW_22_PLYMOUTH_MA_ALL_IV_72019.csv,well_415453070434901_MA_PWW_22_PLYMOUTH_MA_ALL_IV_72019.csv
/Users/jjason3/OneDrive - Georgia Institute of Technology/USGS_GW_data/MA_GW_IV/well_422806071160302_MA_A4W_159_0015_BEDFORD_MA_ALL_IV_72019.csv,well_422806071160302_MA_A4W_159_0015_BEDFORD_MA_ALL_IV_72019.csv
/Users/jjason3/OneDrive - Georgia Institute of Technology/USGS_GW_data/MA_GW_IV/well_422700072404801_MA_XHW_31_WHATELY_MA_ALL_IV_72019.csv,well_422700072404801_MA_XHW_31_WHATELY_MA_ALL_IV_72019.csv
/Users/jjason3/OneDrive - Georgia Institute of Technology/USGS_GW_data/MA_GW_IV/well_423506070491401_MA_WPW_76R_WENHAM_MA_ALL_IV_72019.csv,well_423506070491401_MA_WPW_76R_WENHAM_MA_ALL_IV_72019.csv
/Users/jjason3/OneDrive - Georgia Institute of Technology/USGS_GW_data/MA_GW_IV/well_413525070291904_MA_MIW_29_MASHPEE_MA_ALL_IV_72019.csv,well_413525070291904_MA_MIW_29_MASHPEE_MA_ALL_IV_72019.csv
/Users/jjason3/OneDrive - Georgia Institute of Technology/USGS_GW_data/MA_GW_IV/well_423641071102501_MA_AJW_462_ANDOVER_MA_ALL_IV_72019.csv,well_423641071102501_MA_AJW_462_ANDOVER_MA_ALL_IV_72019.csv
/Users/jjason3/OneDrive - Georgia Institute of Technology/USGS_GW_data/MA_GW_IV/well_424055071435301_MA_TRW_13_TOWNSEND_MA_ALL_IV_72019.csv,well_424055071435301_MA_TRW_13_TOWNSEND_MA_ALL_IV_72019.csv
/Users/jjason3/OneDrive - Georgia Institute of Technology/USGS_GW_data/MA_GW_IV/well_420206070045901_MA_TSW_89_TRURO_MA_ALL_IV_72019.csv,well_420206070045901_MA_TSW_89_TRURO_MA_ALL_IV_72019.csv
/Users/jjason3/OneDrive - Georgia Institute of Technology/USGS_GW_data/MA_GW_IV/well_423058071025401_MA_WAW_38R_WAKEFIELD_MA_ALL_IV_72019.csv,well_423058071025401_MA_WAW_38R_WAKEFIELD_MA_ALL_IV_72019.csv
/Users/jjason3/OneDrive - Georgia Institute of Technology/USGS_GW_data/MA_GW_IV/well_420316070433501_MA_D4W_79R_DUXBURY_MA_ALL_IV_72019.csv,well_420316070433501_MA_D4W_79R_DUXBURY_MA_ALL_IV_72019.csv
/Users/jjason3/OneDrive - Georgia Institute of Technology/USGS_GW_data/MA_GW_IV/well_422812071244401_MA_ACW_158_ACTON_MA_ALL_IV_72019.csv,well_422812071244401_MA_ACW_158_ACTON_MA_ALL_IV_72019.csv
/Users/jjason3/OneDrive - Georgia Institute of Technology/USGS_GW_data/MA_GW_IV/well_415353069585401_MA_WNW_17_WELLFLEET_MA_ALL_IV_72019.csv,well_415353069585401_MA_WNW_17_WELLFLEET_MA_ALL_IV_72019.csv
/Users/jjason3/OneDrive - Georgia Institute of Technology/USGS_GW_data/MA_GW_IV/well_415600070030701_MA_WNW_157_0033_WELLFLEET_MA_ALL_IV_72019.csv,well_415600070030701_MA_WNW_157_0033_WELLFLEET_MA_ALL_IV_72019.csv
/Users/jjason3/OneDrive - Georgia Institute of Technology/USGS_GW_data/MA_GW_IV/well_414400070242901_MA_SDW_252R_SANDWICH_MA_ALL_IV_72019.csv,well_414400070242901_MA_SDW_252R_SANDWICH_MA_ALL_IV_72019.csv
/Users/jjason3/OneDrive - Georgia Institute of Technology/USGS_GW_data/MA_GW_IV/well_421410072081101_MA_WUW_2R_WEST_BROOKFIELD_MA_ALL_IV_72019.csv,well_421410072081101_MA_WUW_2R_WEST_BROOKFIELD_MA_ALL_IV_72019.csv
/Users/jjason3/OneDrive - Georgia Institute of Technology/USGS_GW_data/MA_GW_IV/well_414101070011001_MA_CGW_138R_CHATHAM_MA_ALL_IV_72019.csv,well_414101070011001_MA_CGW_138R_CHATHAM_MA_ALL_IV_72019.csv
/Users/jjason3/OneDrive - Georgia Institute of Technology/USGS_GW_data/MA_GW_IV/well_414139070311501_MA_SDW_526_0040_MW_145S_ALL_IV_72019.csv,well_414139070311501_MA_SDW_526_0040_MW_145S_ALL_IV_72019.csv
/Users/jjason3/OneDrive - Georgia Institute of Technology/USGS_GW_data/MA_GW_IV/well_423257071243702_MA_WWW_160_WESTFORD_MA_ALL_IV_72019.csv,well_423257071243702_MA_WWW_160_WESTFORD_MA_ALL_IV_72019.csv
/Users/jjason3/OneDrive - Georgia Institute of Technology/USGS_GW_data/MA_GW_IV/well_414630070014901_MA_BMW_22_BREWSTER_MA_ALL_IV_72019.csv,well_414630070014901_MA_BMW_22_BREWSTER_MA_ALL_IV_72019.csv
/Users/jjason3/OneDrive - Georgia Institute of Technology/USGS_GW_data/MA_GW_IV/well_415229070554301_MA_LKW_14R_LAKEVILLE_MA_ALL_IV_72019.csv,well_415229070554301_MA_LKW_14R_LAKEVILLE_MA_ALL_IV_72019.csv
/Users/jjason3/OneDrive - Georgia Institute of Technology/USGS_GW_data/MA_GW_IV/well_415605070031301_MA_WNW_162_WELLFLEET_MA_ALL_IV_72019.csv,well_415605070031301_MA_WNW_162_WELLFLEET_MA_ALL_IV_72019.csv
/Users/jjason3/OneDrive - Georgia Institute of Technology/USGS_GW_data/MA_GW_IV/well_414124070311401_MA_SDW_527_0055_90MW0063_ALL_IV_72019.csv,well_414124070311401_MA_SDW_527_0055_90MW0063_ALL_IV_72019.csv
/Users/jjason3/OneDrive - Georgia Institute of Technology/USGS_GW_data/MA_GW_IV/well_422806071160301_MA_A4W_158_0050_BEDFORD_MA_ALL_IV_72019.csv,well_422806071160301_MA_A4W_158_0050_BEDFORD_MA_ALL_IV_72019.csv
/Users/jjason3/OneDrive - Georgia Institute of Technology/USGS_GW_data/MA_GW_IV/well_414125070265901_MA_SDW_253R_SANDWICH_MA_ALL_IV_72019.csv,well_414125070265901_MA_SDW_253R_SANDWICH_MA_ALL_IV_72019.csv
/Users/jjason3/OneDrive - Georgia Institute of Technology/USGS_GW_data/MA_GW_IV/well_422733072532601_MA_CYW_13_CUMMINGTON_MA_ALL_IV_72019.csv,well_422733072532601_MA_CYW_13_CUMMINGTON_MA_ALL_IV_72019.csv
/Users/jjason3/OneDrive - Georgia Institute of Technology/USGS_GW_data/MA_GW_IV/well_420544071173701_MA_NNW_27R_NORFOLK_MA_ALL_IV_72019.csv,well_420544071173701_MA_NNW_27R_NORFOLK_MA_ALL_IV_72019.csv
/Users/jjason3/OneDrive - Georgia Institute of Technology/USGS_GW_data/MA_GW_IV/well_415557070031701_MA_WNW_156_0037_WELLFLEET_MA_ALL_IV_72019.csv,well_415557070031701_MA_WNW_156_0037_WELLFLEET_MA_ALL_IV_72019.csv
/Users/jjason3/OneDrive - Georgia Institute of Technology/USGS_GW_data/MA_GW_IV/well_424204072015201_MA_XNW_13_WINCHENDON_MA_ALL_IV_72019.csv,well_424204072015201_MA_XNW_13_WINCHENDON_MA_ALL_IV_72019.csv
/Users/jjason3/OneDrive - Georgia Institute of Technology/USGS_GW_data/MA_GW_IV/well_420259072581701_MA_GLW_6_GRANVILLE_MA_ALL_IV_72019.csv,well_420259072581701_MA_GLW_6_GRANVILLE_MA_ALL_IV_72019.csv
/Users/jjason3/OneDrive - Georgia Institute of Technology/USGS_GW_data/MA_GW_IV/well_415552070031702_MA_WNW_159_0012_WELLFLEET_MA_ALL_IV_72019.csv,well_415552070031702_MA_WNW_159_0012_WELLFLEET_MA_ALL_IV_72019.csv
/Users/jjason3/OneDrive - Georgia Institute of Technology/USGS_GW_data/MA_GW_IV/well_421012072324501_MA_CMW_95_CHICOPEE_MA_ALL_IV_72019.csv,well_421012072324501_MA_CMW_95_CHICOPEE_MA_ALL_IV_72019.csv
/Users/jjason3/OneDrive - Georgia Institute of Technology/USGS_GW_data/MA_GW_IV/well_415556070030601_MA_WNW_141_WELLFLEET_MA_ALL_IV_72019.csv,well_415556070030601_MA_WNW_141_WELLFLEET_MA_ALL_IV_72019.csv
/Users/jjason3/OneDrive - Georgia Institute of Technology/USGS_GW_data/MA_GW_IV/well_415449071155201_MA_ATW_83R_ATTLEBORO_MA_ALL_IV_72019.csv,well_415449071155201_MA_ATW_83R_ATTLEBORO_MA_ALL_IV_72019.csv
/Users/jjason3/OneDrive - Georgia Institute of Technology/USGS_GW_data/MA_GW_IV/well_411555070021901_MA_NBW_228_NANTUCKET_MA_ALL_IV_72019.csv,well_411555070021901_MA_NBW_228_NANTUCKET_MA_ALL_IV_72019.csv
/Users/jjason3/OneDrive - Georgia Institute of Technology/USGS_GW_data/MA_GW_IV/well_420234071262401_MA_F2W_80_FRANKLIN_MA_ALL_IV_72019.csv,well_420234071262401_MA_F2W_80_FRANKLIN_MA_ALL_IV_72019.csv
/Users/jjason3/OneDrive - Georgia Institute of Technology/USGS_GW_data/MA_GW_IV/well_421852071220501_MA_WKW_2_WAYLAND_MA_ALL_IV_72019.csv,well_421852071220501_MA_WKW_2_WAYLAND_MA_ALL_IV_72019.csv
/Users/jjason3/OneDrive - Georgia Institute of Technology/USGS_GW_data/MA_GW_IV/well_424841071004101_MA_HLW_23_HAVERHILL_MA_ALL_IV_72019.csv,well_424841071004101_MA_HLW_23_HAVERHILL_MA_ALL_IV_72019.csv
/Users/jjason3/OneDrive - Georgia Institute of Technology/USGS_GW_data/MA_GW_IV/well_414219070131101_MA_YAW_93_YARMOUTH_MA_ALL_IV_72019.csv,well_414219070131101_MA_YAW_93_YARMOUTH_MA_ALL_IV_72019.csv
/Users/jjason3/OneDrive - Georgia Institute of Technology/USGS_GW_data/MA_GW_IV/well_422808071160201_MA_A4W_160_0022_BEDFORD_MA_ALL_IV_72019.csv,well_422808071160201_MA_A4W_160_0022_BEDFORD_MA_ALL_IV_72019.csv
/Users/jjason3/OneDrive - Georgia Institute of Technology/USGS_GW_data/MA_GW_IV/well_414455070325701_MA_BHW_507_0253_MW_67M1_BOURNE_MA_ALL_IV_72019.csv,well_414455070325701_MA_BHW_507_0253_MW_67M1_BOURNE_MA_ALL_IV_72019.csv
/Users/jjason3/OneDrive - Georgia Institute of Technology/USGS_GW_data/MA_GW_IV/well_423505070491702_MA_WPW_76_WENHAM_MA_ALL_IV_72019.csv,well_423505070491702_MA_WPW_76_WENHAM_MA_ALL_IV_72019.csv
/Users/jjason3/OneDrive - Georgia Institute of Technology/USGS_GW_data/MA_GW_IV/well_414124070265901_MA_SDW_253_SANDWICH_MA_ALL_IV_72019.csv,well_414124070265901_MA_SDW_253_SANDWICH_MA_ALL_IV_72019.csv
/Users/jjason3/OneDrive - Georgia Institute of Technology/USGS_GW_data/MA_GW_IV/well_415550070032202_MA_WNW_133_0030_WELLFLEET_MA_ALL_IV_72019.csv,well_415550070032202_MA_WNW_133_0030_WELLFLEET_MA_ALL_IV_72019.csv
/Users/jjason3/OneDrive - Georgia Institute of Technology/USGS_GW_data/MA_GW_IV/well_415559070032601_MA_WNW_161_WELLFLEET_MA_ALL_IV_72019.csv,well_415559070032601_MA_WNW_161_WELLFLEET_MA_ALL_IV_72019.csv
/Users/jjason3/OneDrive - Georgia Institute of Technology/USGS_GW_data/ID_GW_IV/well_434615112553501_05N_30E_07CAC1_USGS_138_ALL_IV_72019.csv,well_434615112553501_05N_30E_07CAC1_USGS_138_ALL_IV_72019.csv
/Users/jjason3/OneDrive - Georgia Institute of Technology/USGS_GW_data/ID_GW_IV/well_435339112444601_07N_31E_34BDD1_USGS_25_ALL_IV_72019.csv,well_435339112444601_07N_31E_34BDD1_USGS_25_ALL_IV_72019.csv
/Users/jjason3/OneDrive - Georgia Institute of Technology/USGS_GW_data/ID_GW_IV/well_435611112142001_07N_36E_17ADD1_CNWR_P4B_ALL_IV_72019.csv,well_435611112142001_07N_36E_17ADD1_CNWR_P4B_ALL_IV_72019.csv
/Users/jjason3/OneDrive - Georgia Institute of Technology/USGS_GW_data/ID_GW_IV/well_434126112550701_04N_30E_07ADB1_USGS_12_ALL_IV_72019.csv,well_434126112550701_04N_30E_07ADB1_USGS_12_ALL_IV_72019.csv
/Users/jjason3/OneDrive - Georgia Institute of Technology/USGS_GW_data/ID_GW_IV/well_434027112575701_04N_29E_14CAA1_SITE_17_ALL_IV_72019.csv,well_434027112575701_04N_29E_14CAA1_SITE_17_ALL_IV_72019.csv
/Users/jjason3/OneDrive - Georgia Institute of Technology/USGS_GW_data/ID_GW_IV/well_433700116111001_03N_02E_11BACD1_ALL_IV_72019.csv,well_433700116111001_03N_02E_11BACD1_ALL_IV_72019.csv
/Users/jjason3/OneDrive - Georgia Institute of Technology/USGS_GW_data/ID_GW_IV/well_434426112575701_05N_29E_23CDD1_USGS_19_ALL_IV_72019.csv,well_434426112575701_05N_29E_23CDD1_USGS_19_ALL_IV_72019.csv
/Users/jjason3/OneDrive - Georgia Institute of Technology/USGS_GW_data/ID_GW_IV/well_433705116110601_03N_02E_11BABD1_ALL_IV_72019.csv,well_433705116110601_03N_02E_11BABD1_ALL_IV_72019.csv
/Users/jjason3/OneDrive - Georgia Institute of Technology/USGS_GW_data/ID_GW_IV/well_434851112321801_06N_33E_26DDB1_USGS_27_ALL_IV_72019.csv,well_434851112321801_06N_33E_26DDB1_USGS_27_ALL_IV_72019.csv
/Users/jjason3/OneDrive - Georgia Institute of Technology/USGS_GW_data/ID_GW_IV/well_434307112382601_05N_32E_36ADD1_USGS_21_ALL_IV_72019.csv,well_434307112382601_05N_32E_36ADD1_USGS_21_ALL_IV_72019.csv
/Users/jjason3/OneDrive - Georgia Institute of Technology/USGS_GW_data/ID_GW_IV/well_431810113413601_01S_23E_26CCC1_ALL_IV_72019.csv,well_431810113413601_01S_23E_26CCC1_ALL_IV_72019.csv
/Users/jjason3/OneDrive - Georgia Institute of Technology/USGS_GW_data/ID_GW_IV/well_432700112470801_02N_31E_35DCC1_USGS_1_ALL_IV_72019.csv,well_432700112470801_02N_31E_35DCC1_USGS_1_ALL_IV_72019.csv
/Users/jjason3/OneDrive - Georgia Institute of Technology/USGS_GW_data/ID_GW_IV/well_432740113044501_02N_28E_35AAC1_USGS_9_ALL_IV_72019.csv,well_432740113044501_02N_28E_35AAC1_USGS_9_ALL_IV_72019.csv
/Users/jjason3/OneDrive - Georgia Institute of Technology/USGS_GW_data/ID_GW_IV/well_431900112593601_01N_30E_19DCA1_SEP_16_ALL_IV_72019.csv,well_431900112593601_01N_30E_19DCA1_SEP_16_ALL_IV_72019.csv
/Users/jjason3/OneDrive - Georgia Institute of Technology/USGS_GW_data/ID_GW_IV/well_421813115555801_13S_04E_12CDD1_ALL_IV_72019.csv,well_421813115555801_13S_04E_12CDD1_ALL_IV_72019.csv
/Users/jjason3/OneDrive - Georgia Institute of Technology/USGS_GW_data/ID_GW_IV/well_434657112282201_05N_34E_09BDA1_USGS_4_ALL_IV_72019.csv,well_434657112282201_05N_34E_09BDA1_USGS_4_ALL_IV_72019.csv
/Users/jjason3/OneDrive - Georgia Institute of Technology/USGS_GW_data/ID_GW_IV/well_475439116503401_53N_04W_28CAB1_ALL_IV_72019.csv,well_475439116503401_53N_04W_28CAB1_ALL_IV_72019.csv
/Users/jjason3/OneDrive - Georgia Institute of Technology/USGS_GW_data/ID_GW_IV/well_435053112420801_06N_31E_13DBB1_USGS_24_ALL_IV_72019.csv,well_435053112420801_06N_31E_13DBB1_USGS_24_ALL_IV_72019.csv
/Users/jjason3/OneDrive - Georgia Institute of Technology/USGS_GW_data/KY_GW_IV/well_373714086300102_RRD_PZ24_Rough_River_Dam_Lake1_207_ALL_IV_72019.csv,well_373714086300102_RRD_PZ24_Rough_River_Dam_Lake1_207_ALL_IV_72019.csv
/Users/jjason3/OneDrive - Georgia Institute of Technology/USGS_GW_data/KY_GW_IV/well_382043085381401_LWC_13_KY_ALL_IV_72019.csv,well_382043085381401_LWC_13_KY_ALL_IV_72019.csv
/Users/jjason3/OneDrive - Georgia Institute of Technology/USGS_GW_data/KY_GW_IV/well_373716086300303_RRD_PZ58_Rough_River_Dam_Tail2_205_ALL_IV_72019.csv,well_373716086300303_RRD_PZ58_Rough_River_Dam_Tail2_205_ALL_IV_72019.csv
/Users/jjason3/OneDrive - Georgia Institute of Technology/USGS_GW_data/KY_GW_IV/well_373712086300601_RRD_PZ92_Rough_River_Dam_Tail2A_206_ALL_IV_72019.csv,well_373712086300601_RRD_PZ92_Rough_River_Dam_Tail2A_206_ALL_IV_72019.csv
/Users/jjason3/OneDrive - Georgia Institute of Technology/USGS_GW_data/KY_GW_IV/well_373713086300701_RRD_PZ4_Rough_River_Dam_Tail2A_206_ALL_IV_72019.csv,well_373713086300701_RRD_PZ4_Rough_River_Dam_Tail2A_206_ALL_IV_72019.csv
/Users/jjason3/OneDrive - Georgia Institute of Technology/USGS_GW_data/KY_GW_IV/well_382039085381801_LWC_CW_2600_ALL_IV_72019.csv,well_382039085381801_LWC_CW_2600_ALL_IV_72019.csv
/Users/jjason3/OneDrive - Georgia Institute of Technology/USGS_GW_data/KY_GW_IV/well_382043085381701_LWC_CW_2100_ALL_IV_72019.csv,well_382043085381701_LWC_CW_2100_ALL_IV_72019.csv
/Users/jjason3/OneDrive - Georgia Institute of Technology/USGS_GW_data/KY_GW_IV/well_373715086300502_RRD_PZ21_Rough_River_Dam_Tail2A_206_ALL_IV_72019.csv,well_373715086300502_RRD_PZ21_Rough_River_Dam_Tail2A_206_ALL_IV_72019.csv
/Users/jjason3/OneDrive - Georgia Institute of Technology/USGS_GW_data/KY_GW_IV/well_373713086300503_RRD_PZ56_Rough_River_Dam_Tail2A_206_ALL_IV_72019.csv,well_373713086300503_RRD_PZ56_Rough_River_Dam_Tail2A_206_ALL_IV_72019.csv
/Users/jjason3/OneDrive - Georgia Institute of Technology/USGS_GW_data/KY_GW_IV/well_382003085383201_LWC_CW_5600_ALL_IV_72019.csv,well_382003085383201_LWC_CW_5600_ALL_IV_72019.csv
/Users/jjason3/OneDrive - Georgia Institute of Technology/USGS_GW_data/KY_GW_IV/well_373715086295801_RRD_PZ34_Rough_River_Dam_Lake1_207_ALL_IV_72019.csv,well_373715086295801_RRD_PZ34_Rough_River_Dam_Lake1_207_ALL_IV_72019.csv
/Users/jjason3/OneDrive - Georgia Institute of Technology/USGS_GW_data/KY_GW_IV/well_373715086300201_RRD_PZ9_Rough_River_Dam_Tail2_205_ALL_IV_72019.csv,well_373715086300201_RRD_PZ9_Rough_River_Dam_Tail2_205_ALL_IV_72019.csv
/Users/jjason3/OneDrive - Georgia Institute of Technology/USGS_GW_data/KY_GW_IV/well_390438084310701_A21D0075_ALL_IV_72019.csv,well_390438084310701_A21D0075_ALL_IV_72019.csv
/Users/jjason3/OneDrive - Georgia Institute of Technology/USGS_GW_data/KY_GW_IV/well_373713086300601_RRD_PZ6_Rough_River_Dam_Tail2A_206_ALL_IV_72019.csv,well_373713086300601_RRD_PZ6_Rough_River_Dam_Tail2A_206_ALL_IV_72019.csv
/Users/jjason3/OneDrive - Georgia Institute of Technology/USGS_GW_data/KY_GW_IV/well_382057085380801_LWC_2B_ALL_IV_72019.csv,well_382057085380801_LWC_2B_ALL_IV_72019.csv
/Users/jjason3/OneDrive - Georgia Institute of Technology/USGS_GW_data/KY_GW_IV/well_382000085383301_LWC_CW_5300_ALL_IV_72019.csv,well_382000085383301_LWC_CW_5300_ALL_IV_72019.csv
/Users/jjason3/OneDrive - Georgia Institute of Technology/USGS_GW_data/KY_GW_IV/well_390507084302101_MW_C1_COVINGTON_AKA_GARRARD_ALL_IV_72019.csv,well_390507084302101_MW_C1_COVINGTON_AKA_GARRARD_ALL_IV_72019.csv
/Users/jjason3/OneDrive - Georgia Institute of Technology/USGS_GW_data/KY_GW_IV/well_373716086300401_RRD_OW14A_Rough_River_Dam_Tail2A_206_ALL_IV_72019.csv,well_373716086300401_RRD_OW14A_Rough_River_Dam_Tail2A_206_ALL_IV_72019.csv
/Users/jjason3/OneDrive - Georgia Institute of Technology/USGS_GW_data/KY_GW_IV/well_373716086300301_RRD_PZ7A_Rough_River_Dam_Tail2A_206_ALL_IV_72019.csv,well_373716086300301_RRD_PZ7A_Rough_River_Dam_Tail2A_206_ALL_IV_72019.csv
/Users/jjason3/OneDrive - Georgia Institute of Technology/USGS_GW_data/KY_GW_IV/well_373715086300503_RRD_OW17_Rough_River_Dam_Tail2A_206_ALL_IV_72019.csv,well_373715086300503_RRD_OW17_Rough_River_Dam_Tail2A_206_ALL_IV_72019.csv
/Users/jjason3/OneDrive - Georgia Institute of Technology/USGS_GW_data/KY_GW_IV/well_373714086300101_RRD_PZ23_Rough_River_Dam_Lake1_207_ALL_IV_72019.csv,well_373714086300101_RRD_PZ23_Rough_River_Dam_Lake1_207_ALL_IV_72019.csv
/Users/jjason3/OneDrive - Georgia Institute of Technology/USGS_GW_data/KY_GW_IV/well_373713086300502_RRD_PZ12_Rough_River_Dam_ALL_IV_72019.csv,well_373713086300502_RRD_PZ12_Rough_River_Dam_ALL_IV_72019.csv
/Users/jjason3/OneDrive - Georgia Institute of Technology/USGS_GW_data/KY_GW_IV/well_373714086300105_RRD_PZ81_Rough_River_Dam_Tail2_205_ALL_IV_72019.csv,well_373714086300105_RRD_PZ81_Rough_River_Dam_Tail2_205_ALL_IV_72019.csv
/Users/jjason3/OneDrive - Georgia Institute of Technology/USGS_GW_data/KY_GW_IV/well_382041085381001_LWC_14_KY_ALL_IV_72019.csv,well_382041085381001_LWC_14_KY_ALL_IV_72019.csv
/Users/jjason3/OneDrive - Georgia Institute of Technology/USGS_GW_data/KY_GW_IV/well_382013085382201_LWC_18_KY_ALL_IV_72019.csv,well_382013085382201_LWC_18_KY_ALL_IV_72019.csv
/Users/jjason3/OneDrive - Georgia Institute of Technology/USGS_GW_data/KY_GW_IV/well_373713086300301_RRD_PZ20_Rough_River_Dam_Lake1_207_ALL_IV_72019.csv,well_373713086300301_RRD_PZ20_Rough_River_Dam_Lake1_207_ALL_IV_72019.csv
/Users/jjason3/OneDrive - Georgia Institute of Technology/USGS_GW_data/KY_GW_IV/well_382028085382201_LWC_CW_3_ALL_IV_72019.csv,well_382028085382201_LWC_CW_3_ALL_IV_72019.csv
/Users/jjason3/OneDrive - Georgia Institute of Technology/USGS_GW_data/KY_GW_IV/well_373714086300201_RRD_PZ37_Rough_River_Dam_Tail2_205_ALL_IV_72019.csv,well_373714086300201_RRD_PZ37_Rough_River_Dam_Tail2_205_ALL_IV_72019.csv
/Users/jjason3/OneDrive - Georgia Institute of Technology/USGS_GW_data/KY_GW_IV/well_373711086300101_RRD_PZ13A_Rough_River_Dam_Lake1_207_ALL_IV_72019.csv,well_373711086300101_RRD_PZ13A_Rough_River_Dam_Lake1_207_ALL_IV_72019.csv
/Users/jjason3/OneDrive - Georgia Institute of Technology/USGS_GW_data/KY_GW_IV/well_373705086301101_RRD_PZ60_Rough_River_Dam_Tail2_205_ALL_IV_72019.csv,well_373705086301101_RRD_PZ60_Rough_River_Dam_Tail2_205_ALL_IV_72019.csv
/Users/jjason3/OneDrive - Georgia Institute of Technology/USGS_GW_data/KY_GW_IV/well_382031085382001_LWC_CW_3300_ALL_IV_72019.csv,well_382031085382001_LWC_CW_3300_ALL_IV_72019.csv
/Users/jjason3/OneDrive - Georgia Institute of Technology/USGS_GW_data/KY_GW_IV/well_375928084362001_F21B0045_Lexington_ALL_IV_72019.csv,well_375928084362001_F21B0045_Lexington_ALL_IV_72019.csv
/Users/jjason3/OneDrive - Georgia Institute of Technology/USGS_GW_data/KY_GW_IV/well_373713086300602_RRD_PZ91_Rough_River_Dam_Tail2A_206_ALL_IV_72019.csv,well_373713086300602_RRD_PZ91_Rough_River_Dam_Tail2A_206_ALL_IV_72019.csv
/Users/jjason3/OneDrive - Georgia Institute of Technology/USGS_GW_data/KY_GW_IV/well_373715086300104_RRD_PZ93_Rough_River_Dam_Tail2_205_ALL_IV_72019.csv,well_373715086300104_RRD_PZ93_Rough_River_Dam_Tail2_205_ALL_IV_72019.csv
/Users/jjason3/OneDrive - Georgia Institute of Technology/USGS_GW_data/KY_GW_IV/well_373715086300101_RRD_PZ40_Rough_River_Dam_Tail2_205_ALL_IV_72019.csv,well_373715086300101_RRD_PZ40_Rough_River_Dam_Tail2_205_ALL_IV_72019.csv
/Users/jjason3/OneDrive - Georgia Institute of Technology/USGS_GW_data/KY_GW_IV/well_381957085383401_LWC_CW_5_ALL_IV_72019.csv,well_381957085383401_LWC_CW_5_ALL_IV_72019.csv
/Users/jjason3/OneDrive - Georgia Institute of Technology/USGS_GW_data/KY_GW_IV/well_373716086300001_RRD_PZ39_Rough_River_Dam_Tail2_205_ALL_IV_72019.csv,well_373716086300001_RRD_PZ39_Rough_River_Dam_Tail2_205_ALL_IV_72019.csv
/Users/jjason3/OneDrive - Georgia Institute of Technology/USGS_GW_data/KY_GW_IV/well_373710086300501_RRD_PZ44_Rough_River_Dam_Tail2_205_ALL_IV_72019.csv,well_373710086300501_RRD_PZ44_Rough_River_Dam_Tail2_205_ALL_IV_72019.csv
/Users/jjason3/OneDrive - Georgia Institute of Technology/USGS_GW_data/KY_GW_IV/well_373715086300202_RRD_PZ10_Rough_River_Dam_Tail2_205_ALL_IV_72019.csv,well_373715086300202_RRD_PZ10_Rough_River_Dam_Tail2_205_ALL_IV_72019.csv
/Users/jjason3/OneDrive - Georgia Institute of Technology/USGS_GW_data/KY_GW_IV/well_382105085375101_HAYS_KENNEDY_ALL_IV_72019.csv,well_382105085375101_HAYS_KENNEDY_ALL_IV_72019.csv
/Users/jjason3/OneDrive - Georgia Institute of Technology/USGS_GW_data/KY_GW_IV/well_373714086300002_RRD_PZ36_Rough_River_Dam_Lake1_207_ALL_IV_72019.csv,well_373714086300002_RRD_PZ36_Rough_River_Dam_Lake1_207_ALL_IV_72019.csv
/Users/jjason3/OneDrive - Georgia Institute of Technology/USGS_GW_data/KY_GW_IV/well_373709086300804_RRD_PZ88_Rough_River_Dam_Tail2A_206_ALL_IV_72019.csv,well_373709086300804_RRD_PZ88_Rough_River_Dam_Tail2A_206_ALL_IV_72019.csv
/Users/jjason3/OneDrive - Georgia Institute of Technology/USGS_GW_data/KY_GW_IV/well_382009085382901_LWC_CW_4300_ALL_IV_72019.csv,well_382009085382901_LWC_CW_4300_ALL_IV_72019.csv
/Users/jjason3/OneDrive - Georgia Institute of Technology/USGS_GW_data/KY_GW_IV/well_373713086300001_RRD_PZ51_Rough_River_Dam_Lake1_207_ALL_IV_72019.csv,well_373713086300001_RRD_PZ51_Rough_River_Dam_Lake1_207_ALL_IV_72019.csv
/Users/jjason3/OneDrive - Georgia Institute of Technology/USGS_GW_data/KY_GW_IV/well_373709086300701_RRD_PZ45_Rough_River_Dam_Tail2_205_ALL_IV_72019.csv,well_373709086300701_RRD_PZ45_Rough_River_Dam_Tail2_205_ALL_IV_72019.csv
/Users/jjason3/OneDrive - Georgia Institute of Technology/USGS_GW_data/KY_GW_IV/well_382011085382001_LWC_19_KY_ALL_IV_72019.csv,well_382011085382001_LWC_19_KY_ALL_IV_72019.csv
/Users/jjason3/OneDrive - Georgia Institute of Technology/USGS_GW_data/KY_GW_IV/well_375944085591002_FK7B_FORT_KNOX_WELL_7B_ALL_IV_72019.csv,well_375944085591002_FK7B_FORT_KNOX_WELL_7B_ALL_IV_72019.csv
/Users/jjason3/OneDrive - Georgia Institute of Technology/USGS_GW_data/KY_GW_IV/well_373715086300302_RRD_PZ27_Rough_River_Dam_Tail2A_206_ALL_IV_72019.csv,well_373715086300302_RRD_PZ27_Rough_River_Dam_Tail2A_206_ALL_IV_72019.csv
/Users/jjason3/OneDrive - Georgia Institute of Technology/USGS_GW_data/KY_GW_IV/well_382016085382601_LWC_P4_ALL_IV_72019.csv,well_382016085382601_LWC_P4_ALL_IV_72019.csv
/Users/jjason3/OneDrive - Georgia Institute of Technology/USGS_GW_data/KY_GW_IV/well_373715086300501_RRD_WP1_Rough_River_Dam_Tail2A_206_ALL_IV_72019.csv,well_373715086300501_RRD_WP1_Rough_River_Dam_Tail2A_206_ALL_IV_72019.csv
/Users/jjason3/OneDrive - Georgia Institute of Technology/USGS_GW_data/KY_GW_IV/well_381524085452301_D16D86_8_Galt_House_ALL_IV_72019.csv,well_381524085452301_D16D86_8_Galt_House_ALL_IV_72019.csv
/Users/jjason3/OneDrive - Georgia Institute of Technology/USGS_GW_data/KY_GW_IV/well_382039085381401_LWC_16_KY_ALL_IV_72019.csv,well_382039085381401_LWC_16_KY_ALL_IV_72019.csv
/Users/jjason3/OneDrive - Georgia Institute of Technology/USGS_GW_data/KY_GW_IV/well_373707086300901_RRD_PZ49_Rough_River_Dam_Tail2_205_ALL_IV_72019.csv,well_373707086300901_RRD_PZ49_Rough_River_Dam_Tail2_205_ALL_IV_72019.csv
/Users/jjason3/OneDrive - Georgia Institute of Technology/USGS_GW_data/KY_GW_IV/well_373715086300601_RRD_PZ2_Rough_River_Dam_Tail2A_206_ALL_IV_72019.csv,well_373715086300601_RRD_PZ2_Rough_River_Dam_Tail2A_206_ALL_IV_72019.csv
/Users/jjason3/OneDrive - Georgia Institute of Technology/USGS_GW_data/KY_GW_IV/well_375948085584601_FK9_Fort_Knox_No_9_ALL_IV_72019.csv,well_375948085584601_FK9_Fort_Knox_No_9_ALL_IV_72019.csv
/Users/jjason3/OneDrive - Georgia Institute of Technology/USGS_GW_data/KY_GW_IV/well_382045085381601_LWC_CW_2_ALL_IV_72019.csv,well_382045085381601_LWC_CW_2_ALL_IV_72019.csv
/Users/jjason3/OneDrive - Georgia Institute of Technology/USGS_GW_data/KY_GW_IV/well_373714086300103_RRD_PZ41_Rough_River_Dam_Tail2_205_ALL_IV_72019.csv,well_373714086300103_RRD_PZ41_Rough_River_Dam_Tail2_205_ALL_IV_72019.csv
/Users/jjason3/OneDrive - Georgia Institute of Technology/USGS_GW_data/KY_GW_IV/well_373715086300203_RRD_PZ94_Rough_River_Dam_Tail2_205_ALL_IV_72019.csv,well_373715086300203_RRD_PZ94_Rough_River_Dam_Tail2_205_ALL_IV_72019.csv
/Users/jjason3/OneDrive - Georgia Institute of Technology/USGS_GW_data/KY_GW_IV/well_373709086300801_RRD_PZ47_Rough_River_Dam_Tail2A_206_ALL_IV_72019.csv,well_373709086300801_RRD_PZ47_Rough_River_Dam_Tail2A_206_ALL_IV_72019.csv
/Users/jjason3/OneDrive - Georgia Institute of Technology/USGS_GW_data/KY_GW_IV/well_373710086300502_RRD_PZ54_Rough_River_Dam_Tail2_205_ALL_IV_72019.csv,well_373710086300502_RRD_PZ54_Rough_River_Dam_Tail2_205_ALL_IV_72019.csv
/Users/jjason3/OneDrive - Georgia Institute of Technology/USGS_GW_data/KY_GW_IV/well_373706086300802_RRD_PZ48_Rough_River_Dam_Lake1_207_ALL_IV_72019.csv,well_373706086300802_RRD_PZ48_Rough_River_Dam_Lake1_207_ALL_IV_72019.csv
/Users/jjason3/OneDrive - Georgia Institute of Technology/USGS_GW_data/KY_GW_IV/well_373714086300104_RRD_PZ80_Rough_River_Dam_Tail2_205_ALL_IV_72019.csv,well_373714086300104_RRD_PZ80_Rough_River_Dam_Tail2_205_ALL_IV_72019.csv
/Users/jjason3/OneDrive - Georgia Institute of Technology/USGS_GW_data/KY_GW_IV/well_373715086300401_RRD_PZ18B_Rough_River_Dam_Tail2A_206_ALL_IV_72019.csv,well_373715086300401_RRD_PZ18B_Rough_River_Dam_Tail2A_206_ALL_IV_72019.csv
/Users/jjason3/OneDrive - Georgia Institute of Technology/USGS_GW_data/KY_GW_IV/well_365210088391301_VIOLA_WELL_J5C0103_ALL_IV_72019.csv,well_365210088391301_VIOLA_WELL_J5C0103_ALL_IV_72019.csv
/Users/jjason3/OneDrive - Georgia Institute of Technology/USGS_GW_data/KY_GW_IV/well_373716086300201_RRD_PZ95_Rough_River_Dam_Tail2_205_ALL_IV_72019.csv,well_373716086300201_RRD_PZ95_Rough_River_Dam_Tail2_205_ALL_IV_72019.csv
/Users/jjason3/OneDrive - Georgia Institute of Technology/USGS_GW_data/KY_GW_IV/well_373713086300302_RRD_PZ55_Rough_River_Dam_Tail2A_206_ALL_IV_72019.csv,well_373713086300302_RRD_PZ55_Rough_River_Dam_Tail2A_206_ALL_IV_72019.csv
/Users/jjason3/OneDrive - Georgia Institute of Technology/USGS_GW_data/KY_GW_IV/well_373713086300501_RRD_PZ5_Rough_River_Dam_Tail2A_206_ALL_IV_72019.csv,well_373713086300501_RRD_PZ5_Rough_River_Dam_Tail2A_206_ALL_IV_72019.csv
/Users/jjason3/OneDrive - Georgia Institute of Technology/USGS_GW_data/KY_GW_IV/well_373715086300102_RRD_PZ42A_Rough_River_Dam_Tail2_205_ALL_IV_72019.csv,well_373715086300102_RRD_PZ42A_Rough_River_Dam_Tail2_205_ALL_IV_72019.csv
/Users/jjason3/OneDrive - Georgia Institute of Technology/USGS_GW_data/KY_GW_IV/well_382042085381601_LWC_CW_2300_ALL_IV_72019.csv,well_382042085381601_LWC_CW_2300_ALL_IV_72019.csv
/Users/jjason3/OneDrive - Georgia Institute of Technology/USGS_GW_data/KY_GW_IV/well_382013085382401_LWC_17A_KY_ALL_IV_72019.csv,well_382013085382401_LWC_17A_KY_ALL_IV_72019.csv
/Users/jjason3/OneDrive - Georgia Institute of Technology/USGS_GW_data/KY_GW_IV/well_373712086300301_RRD_PZ22_Rough_River_Dam_Lake1_207_ALL_IV_72019.csv,well_373712086300301_RRD_PZ22_Rough_River_Dam_Lake1_207_ALL_IV_72019.csv
/Users/jjason3/OneDrive - Georgia Institute of Technology/USGS_GW_data/KY_GW_IV/well_382006085383001_LWC_CW_4600_ALL_IV_72019.csv,well_382006085383001_LWC_CW_4600_ALL_IV_72019.csv
/Users/jjason3/OneDrive - Georgia Institute of Technology/USGS_GW_data/KY_GW_IV/well_373714086300202_RRD_PZ43_Rough_River_Dam_Tail2_205_ALL_IV_72019.csv,well_373714086300202_RRD_PZ43_Rough_River_Dam_Tail2_205_ALL_IV_72019.csv
/Users/jjason3/OneDrive - Georgia Institute of Technology/USGS_GW_data/KY_GW_IV/well_382030085382101_LWC_CW_3100_ALL_IV_72019.csv,well_382030085382101_LWC_CW_3100_ALL_IV_72019.csv
/Users/jjason3/OneDrive - Georgia Institute of Technology/USGS_GW_data/KY_GW_IV/well_382038085380701_LWC_15_KY_ALL_IV_72019.csv,well_382038085380701_LWC_15_KY_ALL_IV_72019.csv
/Users/jjason3/OneDrive - Georgia Institute of Technology/USGS_GW_data/KY_GW_IV/well_373714086300601_RRD_WP3A_Rough_River_Dam_Tail2A_206_ALL_IV_72019.csv,well_373714086300601_RRD_WP3A_Rough_River_Dam_Tail2A_206_ALL_IV_72019.csv
/Users/jjason3/OneDrive - Georgia Institute of Technology/USGS_GW_data/KY_GW_IV/well_373712086300501_RRD_PZ89_Rough_River_Dam_Tail2A_206_ALL_IV_72019.csv,well_373712086300501_RRD_PZ89_Rough_River_Dam_Tail2A_206_ALL_IV_72019.csv
/Users/jjason3/OneDrive - Georgia Institute of Technology/USGS_GW_data/KY_GW_IV/well_373713086300101_RRD_PZ38_Rough_River_Dam_Lake1_207_ALL_IV_72019.csv,well_373713086300101_RRD_PZ38_Rough_River_Dam_Lake1_207_ALL_IV_72019.csv
/Users/jjason3/OneDrive - Georgia Institute of Technology/USGS_GW_data/KY_GW_IV/well_363749083430701_K25A0041_Middlesboro_ALL_IV_72019.csv,well_363749083430701_K25A0041_Middlesboro_ALL_IV_72019.csv
/Users/jjason3/OneDrive - Georgia Institute of Technology/USGS_GW_data/KY_GW_IV/well_373706086301001_RRD_PZ86_Rough_River_Dam_Tail2_205_ALL_IV_72019.csv,well_373706086301001_RRD_PZ86_Rough_River_Dam_Tail2_205_ALL_IV_72019.csv
/Users/jjason3/OneDrive - Georgia Institute of Technology/USGS_GW_data/KY_GW_IV/well_373716086300302_RRD_PZ57_Rough_River_Dam_Tail2_205_ALL_IV_72019.csv,well_373716086300302_RRD_PZ57_Rough_River_Dam_Tail2_205_ALL_IV_72019.csv
/Users/jjason3/OneDrive - Georgia Institute of Technology/USGS_GW_data/KY_GW_IV/well_373712086300401_RRD_PZ11_Rough_River_Dam_Tail2A_206_ALL_IV_72019.csv,well_373712086300401_RRD_PZ11_Rough_River_Dam_Tail2A_206_ALL_IV_72019.csv
/Users/jjason3/OneDrive - Georgia Institute of Technology/USGS_GW_data/KY_GW_IV/well_381957085383301_LWC_CW_5100_ALL_IV_72019.csv,well_381957085383301_LWC_CW_5100_ALL_IV_72019.csv
/Users/jjason3/OneDrive - Georgia Institute of Technology/USGS_GW_data/KY_GW_IV/well_382034085381901_LWC_CW_3600_ALL_IV_72019.csv,well_382034085381901_LWC_CW_3600_ALL_IV_72019.csv
/Users/jjason3/OneDrive - Georgia Institute of Technology/USGS_GW_data/KY_GW_IV/well_373714086300502_RRD_PZ30_Rough_River_Dam_Tail2A_206_ALL_IV_72019.csv,well_373714086300502_RRD_PZ30_Rough_River_Dam_Tail2A_206_ALL_IV_72019.csv
/Users/jjason3/OneDrive - Georgia Institute of Technology/USGS_GW_data/KY_GW_IV/well_373714086300003_RRD_PZ50_Rough_River_Dam_Lake1_207_ALL_IV_72019.csv,well_373714086300003_RRD_PZ50_Rough_River_Dam_Lake1_207_ALL_IV_72019.csv
/Users/jjason3/OneDrive - Georgia Institute of Technology/USGS_GW_data/KY_GW_IV/well_373706086300801_RRD_PZ46_Rough_River_Dam_Tail2A_206_ALL_IV_72019.csv,well_373706086300801_RRD_PZ46_Rough_River_Dam_Tail2A_206_ALL_IV_72019.csv
/Users/jjason3/OneDrive - Georgia Institute of Technology/USGS_GW_data/KY_GW_IV/well_374151085413201_G17AP001_Elizabethtown_ALL_IV_72019.csv,well_374151085413201_G17AP001_Elizabethtown_ALL_IV_72019.csv
/Users/jjason3/OneDrive - Georgia Institute of Technology/USGS_GW_data/KY_GW_IV/well_373709086300702_RRD_PZ52_Rough_River_Dam_Tail2_205_ALL_IV_72019.csv,well_373709086300702_RRD_PZ52_Rough_River_Dam_Tail2_205_ALL_IV_72019.csv
/Users/jjason3/OneDrive - Georgia Institute of Technology/USGS_GW_data/KY_GW_IV/well_373712086300502_RRD_PZ90_Rough_River_Dam_Tail2A_206_ALL_IV_72019.csv,well_373712086300502_RRD_PZ90_Rough_River_Dam_Tail2A_206_ALL_IV_72019.csv
/Users/jjason3/OneDrive - Georgia Institute of Technology/USGS_GW_data/KY_GW_IV/well_382012085382901_LWC_CW_4_ALL_IV_72019.csv,well_382012085382901_LWC_CW_4_ALL_IV_72019.csv
/Users/jjason3/OneDrive - Georgia Institute of Technology/USGS_GW_data/KY_GW_IV/well_390612084290601_MW_B1_BELLVUE_AKA_ROSS_ALL_IV_72019.csv,well_390612084290601_MW_B1_BELLVUE_AKA_ROSS_ALL_IV_72019.csv
/Users/jjason3/OneDrive - Georgia Institute of Technology/USGS_GW_data/KY_GW_IV/well_382037085381101_LWC_P2_ALL_IV_72019.csv,well_382037085381101_LWC_P2_ALL_IV_72019.csv
/Users/jjason3/OneDrive - Georgia Institute of Technology/USGS_GW_data/KY_GW_IV/well_382051085380801_LWC_1_ALL_IV_72019.csv,well_382051085380801_LWC_1_ALL_IV_72019.csv
/Users/jjason3/OneDrive - Georgia Institute of Technology/USGS_GW_data/KY_GW_IV/well_373709086300802_RRD_PZ53_Rough_River_Dam_Tail2A_206_ALL_IV_72019.csv,well_373709086300802_RRD_PZ53_Rough_River_Dam_Tail2A_206_ALL_IV_72019.csv
/Users/jjason3/OneDrive - Georgia Institute of Technology/USGS_GW_data/KY_GW_IV/well_373716086295901_RRD_PZ61_Rough_River_Dam_Tail2_205_ALL_IV_72019.csv,well_373716086295901_RRD_PZ61_Rough_River_Dam_Tail2_205_ALL_IV_72019.csv
/Users/jjason3/OneDrive - Georgia Institute of Technology/USGS_GW_data/KY_GW_IV/well_382011085382901_LWC_CW_4100_ALL_IV_72019.csv,well_382011085382901_LWC_CW_4100_ALL_IV_72019.csv
/Users/jjason3/OneDrive - Georgia Institute of Technology/USGS_GW_data/KY_GW_IV/well_382053085381301_LWC_3B_ALL_IV_72019.csv,well_382053085381301_LWC_3B_ALL_IV_72019.csv
/Users/jjason3/OneDrive - Georgia Institute of Technology/USGS_GW_data/KY_GW_IV/well_375925085590401_PZ7_FT_KNOX_PZ_7_ALL_IV_72019.csv,well_375925085590401_PZ7_FT_KNOX_PZ_7_ALL_IV_72019.csv
/Users/jjason3/OneDrive - Georgia Institute of Technology/USGS_GW_data/KY_GW_IV/well_382010085381801_LWC_20_KY_ALL_IV_72019.csv,well_382010085381801_LWC_20_KY_ALL_IV_72019.csv
/Users/jjason3/OneDrive - Georgia Institute of Technology/USGS_GW_data/KY_GW_IV/well_390529084330701_MW_L1_LUDLOW_AKA_ADELA_ALL_IV_72019.csv,well_390529084330701_MW_L1_LUDLOW_AKA_ADELA_ALL_IV_72019.csv
/Users/jjason3/OneDrive - Georgia Institute of Technology/USGS_GW_data/ME_GW_IV/well_432310070393301_ME_YW807_Sanford_Maine_ALL_IV_72019.csv,well_432310070393301_ME_YW807_Sanford_Maine_ALL_IV_72019.csv
/Users/jjason3/OneDrive - Georgia Institute of Technology/USGS_GW_data/ME_GW_IV/well_445456068403901_ME_PEW_702_Old_Town_Maine_ALL_IV_72019.csv,well_445456068403901_ME_PEW_702_Old_Town_Maine_ALL_IV_72019.csv
/Users/jjason3/OneDrive - Georgia Institute of Technology/USGS_GW_data/ME_GW_IV/well_451128070280301_ME_FW893_Eustis_Maine_ALL_IV_72019.csv,well_451128070280301_ME_FW893_Eustis_Maine_ALL_IV_72019.csv
/Users/jjason3/OneDrive - Georgia Institute of Technology/USGS_GW_data/ME_GW_IV/well_441801069455501_ME_K887_Augusta_Arboretum_Bedrock_Well_ALL_IV_72019.csv,well_441801069455501_ME_K887_Augusta_Arboretum_Bedrock_Well_ALL_IV_72019.csv
/Users/jjason3/OneDrive - Georgia Institute of Technology/USGS_GW_data/ME_GW_IV/well_471457068353001_ME_ARW890_Fort_Kent_Maine_ALL_IV_72019.csv,well_471457068353001_ME_ARW890_Fort_Kent_Maine_ALL_IV_72019.csv
/Users/jjason3/OneDrive - Georgia Institute of Technology/USGS_GW_data/ME_GW_IV/well_445319068560101_ME_PEW456_Kenduskeag_Maine_ALL_IV_72019.csv,well_445319068560101_ME_PEW456_Kenduskeag_Maine_ALL_IV_72019.csv
/Users/jjason3/OneDrive - Georgia Institute of Technology/USGS_GW_data/ME_GW_IV/well_434955070261401_ME_CW_2026_North_Windham_Maine_ALL_IV_72019.csv,well_434955070261401_ME_CW_2026_North_Windham_Maine_ALL_IV_72019.csv
/Users/jjason3/OneDrive - Georgia Institute of Technology/USGS_GW_data/ME_GW_IV/well_440918069564001_ME_KW766_Litchfield_Maine_ALL_IV_72019.csv,well_440918069564001_ME_KW766_Litchfield_Maine_ALL_IV_72019.csv
/Users/jjason3/OneDrive - Georgia Institute of Technology/USGS_GW_data/ME_GW_IV/well_435453070013601_ME_CW26_Brunswick_Maine_ALL_IV_72019.csv,well_435453070013601_ME_CW26_Brunswick_Maine_ALL_IV_72019.csv
/Users/jjason3/OneDrive - Georgia Institute of Technology/USGS_GW_data/ME_GW_IV/well_442450068175201_ME_HW172_Crooked_Road_near_Bar_Harbor_Maine_ALL_IV_72019.csv,well_442450068175201_ME_HW172_Crooked_Road_near_Bar_Harbor_Maine_ALL_IV_72019.csv
/Users/jjason3/OneDrive - Georgia Institute of Technology/USGS_GW_data/ME_GW_IV/well_463642069344601_ME_ARW891_Clayton_Lake_Maine_ALL_IV_72019.csv,well_463642069344601_ME_ARW891_Clayton_Lake_Maine_ALL_IV_72019.csv
/Users/jjason3/OneDrive - Georgia Institute of Technology/USGS_GW_data/ME_GW_IV/well_445227067520101_ME_WW797_Township_T24MD_BPP_Hadley_Lakes_ALL_IV_72019.csv,well_445227067520101_ME_WW797_Township_T24MD_BPP_Hadley_Lakes_ALL_IV_72019.csv
/Users/jjason3/OneDrive - Georgia Institute of Technology/USGS_GW_data/ME_GW_IV/well_440213070203201_ME_ANW1135_Poland_Maine_ALL_IV_72019.csv,well_440213070203201_ME_ANW1135_Poland_Maine_ALL_IV_72019.csv
/Users/jjason3/OneDrive - Georgia Institute of Technology/USGS_GW_data/ME_GW_IV/well_440810069553601_ME_KW872A_Litchfield_Maine_ALL_IV_72019.csv,well_440810069553601_ME_KW872A_Litchfield_Maine_ALL_IV_72019.csv
/Users/jjason3/OneDrive - Georgia Institute of Technology/USGS_GW_data/ME_GW_IV/well_443647070552303_ME_OW_400B_Middle_Dam_Maine_ALL_IV_72019.csv,well_443647070552303_ME_OW_400B_Middle_Dam_Maine_ALL_IV_72019.csv
/Users/jjason3/OneDrive - Georgia Institute of Technology/USGS_GW_data/ME_GW_IV/well_444950068220602_ME_HW1A_Amherst_Maine_ALL_IV_72019.csv,well_444950068220602_ME_HW1A_Amherst_Maine_ALL_IV_72019.csv
/Users/jjason3/OneDrive - Georgia Institute of Technology/USGS_GW_data/ME_GW_IV/well_450713067162801_ME_WW796_Calais_Maine_ALL_IV_72019.csv,well_450713067162801_ME_WW796_Calais_Maine_ALL_IV_72019.csv
/Users/jjason3/OneDrive - Georgia Institute of Technology/USGS_GW_data/ME_GW_IV/well_444302070252401_ME_FW916_Weld_Maine_ALL_IV_72019.csv,well_444302070252401_ME_FW916_Weld_Maine_ALL_IV_72019.csv
/Users/jjason3/OneDrive - Georgia Institute of Technology/USGS_GW_data/ME_GW_IV/well_440823070291501_ME_OW1214_Oxford_Maine_ALL_IV_72019.csv,well_440823070291501_ME_OW1214_Oxford_Maine_ALL_IV_72019.csv
/Users/jjason3/OneDrive - Georgia Institute of Technology/USGS_GW_data/ME_GW_IV/well_442238068154101_ME_HW171_McFarland_Hill_near_Bar_Harbor_Maine_ALL_IV_72019.csv,well_442238068154101_ME_HW171_McFarland_Hill_near_Bar_Harbor_Maine_ALL_IV_72019.csv
/Users/jjason3/OneDrive - Georgia Institute of Technology/USGS_GW_data/ME_GW_IV/well_453629068531801_ME_PEW_594_Millinocket_Maine_ALL_IV_72019.csv,well_453629068531801_ME_PEW_594_Millinocket_Maine_ALL_IV_72019.csv
/Users/jjason3/OneDrive - Georgia Institute of Technology/USGS_GW_data/CA_GW_IV/well_323659117033306_018S002W11P006S_ALL_IV_72019.csv,well_323659117033306_018S002W11P006S_ALL_IV_72019.csv
/Users/jjason3/OneDrive - Georgia Institute of Technology/USGS_GW_data/CA_GW_IV/well_351019116373501_013N003E35J001S_ALL_IV_72019.csv,well_351019116373501_013N003E35J001S_ALL_IV_72019.csv
/Users/jjason3/OneDrive - Georgia Institute of Technology/USGS_GW_data/CA_GW_IV/well_340248117020904_001S002W36A005S_ALL_IV_72019.csv,well_340248117020904_001S002W36A005S_ALL_IV_72019.csv
/Users/jjason3/OneDrive - Georgia Institute of Technology/USGS_GW_data/CA_GW_IV/well_340914117234905_001N005W22N005S_ALL_IV_72019.csv,well_340914117234905_001N005W22N005S_ALL_IV_72019.csv
/Users/jjason3/OneDrive - Georgia Institute of Technology/USGS_GW_data/CA_GW_IV/well_323659117033305_018S002W11P005S_ALL_IV_72019.csv,well_323659117033305_018S002W11P005S_ALL_IV_72019.csv
/Users/jjason3/OneDrive - Georgia Institute of Technology/USGS_GW_data/CA_GW_IV/well_351019116373502_013N003E35J002S_ALL_IV_72019.csv,well_351019116373502_013N003E35J002S_ALL_IV_72019.csv
/Users/jjason3/OneDrive - Georgia Institute of Technology/USGS_GW_data/CA_GW_IV/well_333147116422001_007S003E30Q002S_ALL_IV_72019.csv,well_333147116422001_007S003E30Q002S_ALL_IV_72019.csv
/Users/jjason3/OneDrive - Georgia Institute of Technology/USGS_GW_data/CA_GW_IV/well_340046117020803_002S002W12H003S_ALL_IV_72019.csv,well_340046117020803_002S002W12H003S_ALL_IV_72019.csv
/Users/jjason3/OneDrive - Georgia Institute of Technology/USGS_GW_data/CA_GW_IV/well_341601116124801_002N007E11R001S_ALL_IV_72019.csv,well_341601116124801_002N007E11R001S_ALL_IV_72019.csv
/Users/jjason3/OneDrive - Georgia Institute of Technology/USGS_GW_data/CA_GW_IV/well_323932117050805_017S002W28R008S_ALL_IV_72019.csv,well_323932117050805_017S002W28R008S_ALL_IV_72019.csv
/Users/jjason3/OneDrive - Georgia Institute of Technology/USGS_GW_data/CA_GW_IV/well_342630119442301_004N027W08M005S_ALL_IV_72019.csv,well_342630119442301_004N027W08M005S_ALL_IV_72019.csv
/Users/jjason3/OneDrive - Georgia Institute of Technology/USGS_GW_data/CA_GW_IV/well_364358120314906_014S013E11D006M_ALL_IV_72019.csv,well_364358120314906_014S013E11D006M_ALL_IV_72019.csv
/Users/jjason3/OneDrive - Georgia Institute of Technology/USGS_GW_data/CA_GW_IV/well_390750120091130_NS3_3_Piezo_ALL_IV_72019.csv,well_390750120091130_NS3_3_Piezo_ALL_IV_72019.csv
/Users/jjason3/OneDrive - Georgia Institute of Technology/USGS_GW_data/CA_GW_IV/well_340433117171201_001S004W22B009S_ALL_IV_72019.csv,well_340433117171201_001S004W22B009S_ALL_IV_72019.csv
/Users/jjason3/OneDrive - Georgia Institute of Technology/USGS_GW_data/CA_GW_IV/well_324641117071504_016S002W18J006S_ALL_IV_72019.csv,well_324641117071504_016S002W18J006S_ALL_IV_72019.csv
/Users/jjason3/OneDrive - Georgia Institute of Technology/USGS_GW_data/CA_GW_IV/well_340130117054905_002S002W04L006S_ALL_IV_72019.csv,well_340130117054905_002S002W04L006S_ALL_IV_72019.csv
/Users/jjason3/OneDrive - Georgia Institute of Technology/USGS_GW_data/CA_GW_IV/well_344520120174005_008N032W19M005S_ALL_IV_72019.csv,well_344520120174005_008N032W19M005S_ALL_IV_72019.csv
/Users/jjason3/OneDrive - Georgia Institute of Technology/USGS_GW_data/CA_GW_IV/well_341601116124802_002N007E11R002S_ALL_IV_72019.csv,well_341601116124802_002N007E11R002S_ALL_IV_72019.csv
/Users/jjason3/OneDrive - Georgia Institute of Technology/USGS_GW_data/CA_GW_IV/well_340615117170903_001S004W10B003S_ALL_IV_72019.csv,well_340615117170903_001S004W10B003S_ALL_IV_72019.csv
/Users/jjason3/OneDrive - Georgia Institute of Technology/USGS_GW_data/CA_GW_IV/well_335807116582201_002S001W27L001S_ALL_IV_72019.csv,well_335807116582201_002S001W27L001S_ALL_IV_72019.csv
/Users/jjason3/OneDrive - Georgia Institute of Technology/USGS_GW_data/CA_GW_IV/well_333226116395604_007S003E27D004S_ALL_IV_72019.csv,well_333226116395604_007S003E27D004S_ALL_IV_72019.csv
/Users/jjason3/OneDrive - Georgia Institute of Technology/USGS_GW_data/CA_GW_IV/well_332747117061101_008S002W20J001S_ALL_IV_72019.csv,well_332747117061101_008S002W20J001S_ALL_IV_72019.csv
/Users/jjason3/OneDrive - Georgia Institute of Technology/USGS_GW_data/CA_GW_IV/well_340559117194501_001S004W08E001S_ALL_IV_72019.csv,well_340559117194501_001S004W08E001S_ALL_IV_72019.csv
/Users/jjason3/OneDrive - Georgia Institute of Technology/USGS_GW_data/CA_GW_IV/well_351303119251401_031S024E20F001M_ALL_IV_72019.csv,well_351303119251401_031S024E20F001M_ALL_IV_72019.csv
/Users/jjason3/OneDrive - Georgia Institute of Technology/USGS_GW_data/CA_GW_IV/well_324416117042006_016S002W34G006S_ALL_IV_72019.csv,well_324416117042006_016S002W34G006S_ALL_IV_72019.csv
/Users/jjason3/OneDrive - Georgia Institute of Technology/USGS_GW_data/CA_GW_IV/well_340546117182901_001S004W09L002S_ALL_IV_72019.csv,well_340546117182901_001S004W09L002S_ALL_IV_72019.csv
/Users/jjason3/OneDrive - Georgia Institute of Technology/USGS_GW_data/CA_GW_IV/well_351811116361701_014N004E18N002S_ALL_IV_72019.csv,well_351811116361701_014N004E18N002S_ALL_IV_72019.csv
/Users/jjason3/OneDrive - Georgia Institute of Technology/USGS_GW_data/CA_GW_IV/well_351303119251402_031S024E20F002M_ALL_IV_72019.csv,well_351303119251402_031S024E20F002M_ALL_IV_72019.csv
/Users/jjason3/OneDrive - Georgia Institute of Technology/USGS_GW_data/CA_GW_IV/well_335423116455303_003S002E15P003S_ALL_IV_72019.csv,well_335423116455303_003S002E15P003S_ALL_IV_72019.csv
/Users/jjason3/OneDrive - Georgia Institute of Technology/USGS_GW_data/CA_GW_IV/well_373930118491602_003S029E30E002M_ALL_IV_72019.csv,well_373930118491602_003S029E30E002M_ALL_IV_72019.csv
/Users/jjason3/OneDrive - Georgia Institute of Technology/USGS_GW_data/CA_GW_IV/well_340559117194502_001S004W08E002S_ALL_IV_72019.csv,well_340559117194502_001S004W08E002S_ALL_IV_72019.csv
/Users/jjason3/OneDrive - Georgia Institute of Technology/USGS_GW_data/CA_GW_IV/well_332747117061102_008S002W20J002S_ALL_IV_72019.csv,well_332747117061102_008S002W20J002S_ALL_IV_72019.csv
/Users/jjason3/OneDrive - Georgia Institute of Technology/USGS_GW_data/CA_GW_IV/well_324641117071503_016S002W18J005S_ALL_IV_72019.csv,well_324641117071503_016S002W18J005S_ALL_IV_72019.csv
/Users/jjason3/OneDrive - Georgia Institute of Technology/USGS_GW_data/CA_GW_IV/well_324416117042005_016S002W34G005S_ALL_IV_72019.csv,well_324416117042005_016S002W34G005S_ALL_IV_72019.csv
/Users/jjason3/OneDrive - Georgia Institute of Technology/USGS_GW_data/CA_GW_IV/well_332857117043304_008S002W15F004S_ALL_IV_72019.csv,well_332857117043304_008S002W15F004S_ALL_IV_72019.csv
/Users/jjason3/OneDrive - Georgia Institute of Technology/USGS_GW_data/CA_GW_IV/well_352436116474001_015N002E05N001S_ALL_IV_72019.csv,well_352436116474001_015N002E05N001S_ALL_IV_72019.csv
/Users/jjason3/OneDrive - Georgia Institute of Technology/USGS_GW_data/CA_GW_IV/well_323313117033905_019S002W02C011S_ALL_IV_72019.csv,well_323313117033905_019S002W02C011S_ALL_IV_72019.csv
/Users/jjason3/OneDrive - Georgia Institute of Technology/USGS_GW_data/CA_GW_IV/well_374004122092104_003S003W14K020M_ALL_IV_72019.csv,well_374004122092104_003S003W14K020M_ALL_IV_72019.csv
/Users/jjason3/OneDrive - Georgia Institute of Technology/USGS_GW_data/CA_GW_IV/well_340655117184005_001S004W04E005S_ALL_IV_72019.csv,well_340655117184005_001S004W04E005S_ALL_IV_72019.csv
/Users/jjason3/OneDrive - Georgia Institute of Technology/USGS_GW_data/CA_GW_IV/well_351336116254903_013N005E10R004S_ALL_IV_72019.csv,well_351336116254903_013N005E10R004S_ALL_IV_72019.csv
/Users/jjason3/OneDrive - Georgia Institute of Technology/USGS_GW_data/CA_GW_IV/well_340655117184006_001S004W04E006S_ALL_IV_72019.csv,well_340655117184006_001S004W04E006S_ALL_IV_72019.csv
/Users/jjason3/OneDrive - Georgia Institute of Technology/USGS_GW_data/CA_GW_IV/well_340707117162706_001S004W02D006S_ALL_IV_72019.csv,well_340707117162706_001S004W02D006S_ALL_IV_72019.csv
/Users/jjason3/OneDrive - Georgia Institute of Technology/USGS_GW_data/CA_GW_IV/well_335530116413703_003S003E08L003S_ALL_IV_72019.csv,well_335530116413703_003S003E08L003S_ALL_IV_72019.csv
/Users/jjason3/OneDrive - Georgia Institute of Technology/USGS_GW_data/CA_GW_IV/well_340503117104105_001S003W15K005S_ALL_IV_72019.csv,well_340503117104105_001S003W15K005S_ALL_IV_72019.csv
/Users/jjason3/OneDrive - Georgia Institute of Technology/USGS_GW_data/CA_GW_IV/well_373927118571701_003S027E25M002M_ALL_IV_72019.csv,well_373927118571701_003S027E25M002M_ALL_IV_72019.csv
/Users/jjason3/OneDrive - Georgia Institute of Technology/USGS_GW_data/CA_GW_IV/well_323528117031403_018S002W23G004S_ALL_IV_72019.csv,well_323528117031403_018S002W23G004S_ALL_IV_72019.csv
/Users/jjason3/OneDrive - Georgia Institute of Technology/USGS_GW_data/CA_GW_IV/well_324711114544801_016S020E07E001S_ALL_IV_72019.csv,well_324711114544801_016S020E07E001S_ALL_IV_72019.csv
/Users/jjason3/OneDrive - Georgia Institute of Technology/USGS_GW_data/CA_GW_IV/well_344520120174001_008N032W19M001S_ALL_IV_72019.csv,well_344520120174001_008N032W19M001S_ALL_IV_72019.csv
/Users/jjason3/OneDrive - Georgia Institute of Technology/USGS_GW_data/CA_GW_IV/well_351128116374702_013N003E26K003S_ALL_IV_72019.csv,well_351128116374702_013N003E26K003S_ALL_IV_72019.csv
/Users/jjason3/OneDrive - Georgia Institute of Technology/USGS_GW_data/CA_GW_IV/well_340130117054901_002S002W04L002S_ALL_IV_72019.csv,well_340130117054901_002S002W04L002S_ALL_IV_72019.csv
/Users/jjason3/OneDrive - Georgia Institute of Technology/USGS_GW_data/CA_GW_IV/well_341013117253905_001N005W17L005S_ALL_IV_72019.csv,well_341013117253905_001N005W17L005S_ALL_IV_72019.csv
/Users/jjason3/OneDrive - Georgia Institute of Technology/USGS_GW_data/CA_GW_IV/well_340046117020804_002S002W12H004S_ALL_IV_72019.csv,well_340046117020804_002S002W12H004S_ALL_IV_72019.csv
/Users/jjason3/OneDrive - Georgia Institute of Technology/USGS_GW_data/CA_GW_IV/well_351828116371201_014N003E13M002S_ALL_IV_72019.csv,well_351828116371201_014N003E13M002S_ALL_IV_72019.csv
/Users/jjason3/OneDrive - Georgia Institute of Technology/USGS_GW_data/CA_GW_IV/well_340142118280604_002S015W05H005S_ALL_IV_72019.csv,well_340142118280604_002S015W05H005S_ALL_IV_72019.csv
/Users/jjason3/OneDrive - Georgia Institute of Technology/USGS_GW_data/CA_GW_IV/well_340615117170904_001S004W10B004S_ALL_IV_72019.csv,well_340615117170904_001S004W10B004S_ALL_IV_72019.csv
/Users/jjason3/OneDrive - Georgia Institute of Technology/USGS_GW_data/CA_GW_IV/well_344520120174002_008N032W19M002S_ALL_IV_72019.csv,well_344520120174002_008N032W19M002S_ALL_IV_72019.csv
/Users/jjason3/OneDrive - Georgia Institute of Technology/USGS_GW_data/CA_GW_IV/well_330555117010103_012S001W30J005S_ALL_IV_72019.csv,well_330555117010103_012S001W30J005S_ALL_IV_72019.csv
/Users/jjason3/OneDrive - Georgia Institute of Technology/USGS_GW_data/CA_GW_IV/well_340914117234902_001N005W22N002S_ALL_IV_72019.csv,well_340914117234902_001N005W22N002S_ALL_IV_72019.csv
/Users/jjason3/OneDrive - Georgia Institute of Technology/USGS_GW_data/CA_GW_IV/well_323659117033301_018S002W11P001S_ALL_IV_72019.csv,well_323659117033301_018S002W11P001S_ALL_IV_72019.csv
/Users/jjason3/OneDrive - Georgia Institute of Technology/USGS_GW_data/CA_GW_IV/well_340142118280501_002S015W05H006S_ALL_IV_72019.csv,well_340142118280501_002S015W05H006S_ALL_IV_72019.csv
/Users/jjason3/OneDrive - Georgia Institute of Technology/USGS_GW_data/CA_GW_IV/well_340914117234901_001N005W22N001S_ALL_IV_72019.csv,well_340914117234901_001N005W22N001S_ALL_IV_72019.csv
/Users/jjason3/OneDrive - Georgia Institute of Technology/USGS_GW_data/CA_GW_IV/well_323659117033302_018S002W11P002S_ALL_IV_72019.csv,well_323659117033302_018S002W11P002S_ALL_IV_72019.csv
/Users/jjason3/OneDrive - Georgia Institute of Technology/USGS_GW_data/CA_GW_IV/well_340503117104101_001S003W15K001S_ALL_IV_72019.csv,well_340503117104101_001S003W15K001S_ALL_IV_72019.csv
/Users/jjason3/OneDrive - Georgia Institute of Technology/USGS_GW_data/CA_GW_IV/well_335714116565003_002S001W35J003S_ALL_IV_72019.csv,well_335714116565003_002S001W35J003S_ALL_IV_72019.csv
/Users/jjason3/OneDrive - Georgia Institute of Technology/USGS_GW_data/CA_GW_IV/well_330320117024702_013S002W12M002S_ALL_IV_72019.csv,well_330320117024702_013S002W12M002S_ALL_IV_72019.csv
/Users/jjason3/OneDrive - Georgia Institute of Technology/USGS_GW_data/CA_GW_IV/well_340927117242201_001N005W21K001S_ALL_IV_72019.csv,well_340927117242201_001N005W21K001S_ALL_IV_72019.csv
/Users/jjason3/OneDrive - Georgia Institute of Technology/USGS_GW_data/CA_GW_IV/well_340321117153803_001S004W25E007S_ALL_IV_72019.csv,well_340321117153803_001S004W25E007S_ALL_IV_72019.csv
/Users/jjason3/OneDrive - Georgia Institute of Technology/USGS_GW_data/CA_GW_IV/well_340509117172401_001S004W15F006S_ALL_IV_72019.csv,well_340509117172401_001S004W15F006S_ALL_IV_72019.csv
/Users/jjason3/OneDrive - Georgia Institute of Technology/USGS_GW_data/CA_GW_IV/well_340503117104102_001S003W15K002S_ALL_IV_72019.csv,well_340503117104102_001S003W15K002S_ALL_IV_72019.csv
/Users/jjason3/OneDrive - Georgia Institute of Technology/USGS_GW_data/CA_GW_IV/well_351759116374403_014N003E23B003S_ALL_IV_72019.csv,well_351759116374403_014N003E23B003S_ALL_IV_72019.csv
/Users/jjason3/OneDrive - Georgia Institute of Technology/USGS_GW_data/CA_GW_IV/well_335530116413704_003S003E08L004S_ALL_IV_72019.csv,well_335530116413704_003S003E08L004S_ALL_IV_72019.csv
/Users/jjason3/OneDrive - Georgia Institute of Technology/USGS_GW_data/CA_GW_IV/well_340927117242202_001N005W21K002S_ALL_IV_72019.csv,well_340927117242202_001N005W21K002S_ALL_IV_72019.csv
/Users/jjason3/OneDrive - Georgia Institute of Technology/USGS_GW_data/CA_GW_IV/well_330320117024701_013S002W12M001S_ALL_IV_72019.csv,well_330320117024701_013S002W12M001S_ALL_IV_72019.csv
/Users/jjason3/OneDrive - Georgia Institute of Technology/USGS_GW_data/CA_GW_IV/well_344532120233903_008N033W19K004S_ALL_IV_72019.csv,well_344532120233903_008N033W19K004S_ALL_IV_72019.csv
/Users/jjason3/OneDrive - Georgia Institute of Technology/USGS_GW_data/CA_GW_IV/well_333313116384601_007S003E23D001S_ALL_IV_72019.csv,well_333313116384601_007S003E23D001S_ALL_IV_72019.csv
/Users/jjason3/OneDrive - Georgia Institute of Technology/USGS_GW_data/CA_GW_IV/well_335611116553801_003S001E06M002S_ALL_IV_72019.csv,well_335611116553801_003S001E06M002S_ALL_IV_72019.csv
/Users/jjason3/OneDrive - Georgia Institute of Technology/USGS_GW_data/CA_GW_IV/well_324416117042001_016S002W34G001S_ALL_IV_72019.csv,well_324416117042001_016S002W34G001S_ALL_IV_72019.csv
/Users/jjason3/OneDrive - Georgia Institute of Technology/USGS_GW_data/CA_GW_IV/well_344524120202001_008N033W22G001S_ALL_IV_72019.csv,well_344524120202001_008N033W22G001S_ALL_IV_72019.csv
/Users/jjason3/OneDrive - Georgia Institute of Technology/USGS_GW_data/CA_GW_IV/well_350751119241101_032S024E21F001M_ALL_IV_72019.csv,well_350751119241101_032S024E21F001M_ALL_IV_72019.csv
/Users/jjason3/OneDrive - Georgia Institute of Technology/USGS_GW_data/CA_GW_IV/well_335534116441502_003S002E11H002S_ALL_IV_72019.csv,well_335534116441502_003S002E11H002S_ALL_IV_72019.csv
/Users/jjason3/OneDrive - Georgia Institute of Technology/USGS_GW_data/CA_GW_IV/well_333226116395603_007S003E27D003S_ALL_IV_72019.csv,well_333226116395603_007S003E27D003S_ALL_IV_72019.csv
/Users/jjason3/OneDrive - Georgia Institute of Technology/USGS_GW_data/CA_GW_IV/well_340136117033903_002S002W02F004S_ALL_IV_72019.csv,well_340136117033903_002S002W02F004S_ALL_IV_72019.csv
/Users/jjason3/OneDrive - Georgia Institute of Technology/USGS_GW_data/CA_GW_IV/well_362935121102301_016S007E35J001M_ALL_IV_72019.csv,well_362935121102301_016S007E35J001M_ALL_IV_72019.csv
/Users/jjason3/OneDrive - Georgia Institute of Technology/USGS_GW_data/CA_GW_IV/well_340508117163301_001S004W14E008S_ALL_IV_72019.csv,well_340508117163301_001S004W14E008S_ALL_IV_72019.csv
/Users/jjason3/OneDrive - Georgia Institute of Technology/USGS_GW_data/CA_GW_IV/well_332857117043303_008S002W15F003S_ALL_IV_72019.csv,well_332857117043303_008S002W15F003S_ALL_IV_72019.csv
/Users/jjason3/OneDrive - Georgia Institute of Technology/USGS_GW_data/CA_GW_IV/well_374004122092102_003S003W14K018M_ALL_IV_72019.csv,well_374004122092102_003S003W14K018M_ALL_IV_72019.csv
/Users/jjason3/OneDrive - Georgia Institute of Technology/USGS_GW_data/CA_GW_IV/well_324416117042002_016S002W34G002S_ALL_IV_72019.csv,well_324416117042002_016S002W34G002S_ALL_IV_72019.csv
/Users/jjason3/OneDrive - Georgia Institute of Technology/USGS_GW_data/CA_GW_IV/well_351303119251405_031S024E20F005M_ALL_IV_72019.csv,well_351303119251405_031S024E20F005M_ALL_IV_72019.csv
/Users/jjason3/OneDrive - Georgia Institute of Technology/USGS_GW_data/CA_GW_IV/well_350751119241102_032S024E21F002M_ALL_IV_72019.csv,well_350751119241102_032S024E21F002M_ALL_IV_72019.csv
/Users/jjason3/OneDrive - Georgia Institute of Technology/USGS_GW_data/CA_GW_IV/well_323932117050804_017S002W28R007S_ALL_IV_72019.csv,well_323932117050804_017S002W28R007S_ALL_IV_72019.csv
/Users/jjason3/OneDrive - Georgia Institute of Technology/USGS_GW_data/CA_GW_IV/well_335534116441501_003S002E11H001S_ALL_IV_72019.csv,well_335534116441501_003S002E11H001S_ALL_IV_72019.csv
/Users/jjason3/OneDrive - Georgia Institute of Technology/USGS_GW_data/CA_GW_IV/well_332819117070603_008S002W19A003S_ALL_IV_72019.csv,well_332819117070603_008S002W19A003S_ALL_IV_72019.csv
/Users/jjason3/OneDrive - Georgia Institute of Technology/USGS_GW_data/CA_GW_IV/well_333147116422002_007S003E30Q003S_ALL_IV_72019.csv,well_333147116422002_007S003E30Q003S_ALL_IV_72019.csv
/Users/jjason3/OneDrive - Georgia Institute of Technology/USGS_GW_data/CA_GW_IV/well_333001117005705_008S001W06R005S_ALL_IV_72019.csv,well_333001117005705_008S001W06R005S_ALL_IV_72019.csv
/Users/jjason3/OneDrive - Georgia Institute of Technology/USGS_GW_data/CA_GW_IV/well_335531116510402_003S001E11F002S_ALL_IV_72019.csv,well_335531116510402_003S001E11F002S_ALL_IV_72019.csv
/Users/jjason3/OneDrive - Georgia Institute of Technology/USGS_GW_data/CA_GW_IV/well_323314117033903_019S002W02C006S_ALL_IV_72019.csv,well_323314117033903_019S002W02C006S_ALL_IV_72019.csv
/Users/jjason3/OneDrive - Georgia Institute of Technology/USGS_GW_data/CA_GW_IV/well_340509117172403_001S004W15F008S_ALL_IV_72019.csv,well_340509117172403_001S004W15F008S_ALL_IV_72019.csv
/Users/jjason3/OneDrive - Georgia Institute of Technology/USGS_GW_data/CA_GW_IV/well_335531116510401_003S001E11F001S_ALL_IV_72019.csv,well_335531116510401_003S001E11F001S_ALL_IV_72019.csv
/Users/jjason3/OneDrive - Georgia Institute of Technology/USGS_GW_data/CA_GW_IV/well_335513116490603_003S002E07P003S_ALL_IV_72019.csv,well_335513116490603_003S002E07P003S_ALL_IV_72019.csv
/Users/jjason3/OneDrive - Georgia Institute of Technology/USGS_GW_data/CA_GW_IV/well_341801116104601_003N008E31J001S_ALL_IV_72019.csv,well_341801116104601_003N008E31J001S_ALL_IV_72019.csv
/Users/jjason3/OneDrive - Georgia Institute of Technology/USGS_GW_data/CA_GW_IV/well_340633117174003_001S004W03N003S_ALL_IV_72019.csv,well_340633117174003_001S004W03N003S_ALL_IV_72019.csv
/Users/jjason3/OneDrive - Georgia Institute of Technology/USGS_GW_data/CA_GW_IV/well_324307117063504_017S002W05Q004S_ALL_IV_72019.csv,well_324307117063504_017S002W05Q004S_ALL_IV_72019.csv
/Users/jjason3/OneDrive - Georgia Institute of Technology/USGS_GW_data/CA_GW_IV/well_324116117050804_017S002W16Q012S_ALL_IV_72019.csv,well_324116117050804_017S002W16Q012S_ALL_IV_72019.csv
/Users/jjason3/OneDrive - Georgia Institute of Technology/USGS_GW_data/CA_GW_IV/well_352535116451001_016N002E34Q001S_ALL_IV_72019.csv,well_352535116451001_016N002E34Q001S_ALL_IV_72019.csv
/Users/jjason3/OneDrive - Georgia Institute of Technology/USGS_GW_data/CA_GW_IV/well_390810120090740_NS6_4_Piezo_ALL_IV_72019.csv,well_390810120090740_NS6_4_Piezo_ALL_IV_72019.csv
/Users/jjason3/OneDrive - Georgia Institute of Technology/USGS_GW_data/CA_GW_IV/well_340439117173906_001S004W22D006S_ALL_IV_72019.csv,well_340439117173906_001S004W22D006S_ALL_IV_72019.csv
/Users/jjason3/OneDrive - Georgia Institute of Technology/USGS_GW_data/CA_GW_IV/well_340707117162708_001S004W02D008S_ALL_IV_72019.csv,well_340707117162708_001S004W02D008S_ALL_IV_72019.csv
/Users/jjason3/OneDrive - Georgia Institute of Technology/USGS_GW_data/CA_GW_IV/well_352535116451002_016N002E34Q002S_ALL_IV_72019.csv,well_352535116451002_016N002E34Q002S_ALL_IV_72019.csv
/Users/jjason3/OneDrive - Georgia Institute of Technology/USGS_GW_data/CA_GW_IV/well_390744120091910_NS1_1_Piezo_ALL_IV_72019.csv,well_390744120091910_NS1_1_Piezo_ALL_IV_72019.csv
/Users/jjason3/OneDrive - Georgia Institute of Technology/USGS_GW_data/CA_GW_IV/well_344546120253101_008N034W23H001S_ALL_IV_72019.csv,well_344546120253101_008N034W23H001S_ALL_IV_72019.csv
/Users/jjason3/OneDrive - Georgia Institute of Technology/USGS_GW_data/CA_GW_IV/well_340439117173905_001S004W22D005S_ALL_IV_72019.csv,well_340439117173905_001S004W22D005S_ALL_IV_72019.csv
/Users/jjason3/OneDrive - Georgia Institute of Technology/USGS_GW_data/CA_GW_IV/well_323932117050806_017S002W28R009S_ALL_IV_72019.csv,well_323932117050806_017S002W28R009S_ALL_IV_72019.csv
/Users/jjason3/OneDrive - Georgia Institute of Technology/USGS_GW_data/CA_GW_IV/well_353049119434103_028S021E08A003M_ALL_IV_72019.csv,well_353049119434103_028S021E08A003M_ALL_IV_72019.csv
/Users/jjason3/OneDrive - Georgia Institute of Technology/USGS_GW_data/CA_GW_IV/well_390809120090710_NS5_1_Piezo_ALL_IV_72019.csv,well_390809120090710_NS5_1_Piezo_ALL_IV_72019.csv
/Users/jjason3/OneDrive - Georgia Institute of Technology/USGS_GW_data/CA_GW_IV/well_340814117253503_001N005W29Q003S_ALL_IV_72019.csv,well_340814117253503_001N005W29Q003S_ALL_IV_72019.csv
/Users/jjason3/OneDrive - Georgia Institute of Technology/USGS_GW_data/CA_GW_IV/well_324116117050803_017S002W16Q011S_ALL_IV_72019.csv,well_324116117050803_017S002W16Q011S_ALL_IV_72019.csv
/Users/jjason3/OneDrive - Georgia Institute of Technology/USGS_GW_data/CA_GW_IV/well_354048119445004_026S021E07J004M_ALL_IV_72019.csv,well_354048119445004_026S021E07J004M_ALL_IV_72019.csv
/Users/jjason3/OneDrive - Georgia Institute of Technology/USGS_GW_data/CA_GW_IV/well_333317116411501_007S003E20A002S_ALL_IV_72019.csv,well_333317116411501_007S003E20A002S_ALL_IV_72019.csv
/Users/jjason3/OneDrive - Georgia Institute of Technology/USGS_GW_data/CA_GW_IV/well_344548120274201_008N034W21A002S_ALL_IV_72019.csv,well_344548120274201_008N034W21A002S_ALL_IV_72019.csv
/Users/jjason3/OneDrive - Georgia Institute of Technology/USGS_GW_data/CA_GW_IV/well_340521117212004_001S005W13B004S_ALL_IV_72019.csv,well_340521117212004_001S005W13B004S_ALL_IV_72019.csv
/Users/jjason3/OneDrive - Georgia Institute of Technology/USGS_GW_data/CA_GW_IV/well_330514116582903_012S001W34L004S_ALL_IV_72019.csv,well_330514116582903_012S001W34L004S_ALL_IV_72019.csv
/Users/jjason3/OneDrive - Georgia Institute of Technology/USGS_GW_data/CA_GW_IV/well_340248117020903_001S002W36A004S_ALL_IV_72019.csv,well_340248117020903_001S002W36A004S_ALL_IV_72019.csv
/Users/jjason3/OneDrive - Georgia Institute of Technology/USGS_GW_data/CA_GW_IV/well_324055117064402_017S002W20F002S_ALL_IV_72019.csv,well_324055117064402_017S002W20F002S_ALL_IV_72019.csv
/Users/jjason3/OneDrive - Georgia Institute of Technology/USGS_GW_data/CA_GW_IV/well_340804117221601_001N005W35B001S_ALL_IV_72019.csv,well_340804117221601_001N005W35B001S_ALL_IV_72019.csv
/Users/jjason3/OneDrive - Georgia Institute of Technology/USGS_GW_data/CA_GW_IV/well_343523118095501_006N012W20R002S_ALL_IV_72019.csv,well_343523118095501_006N012W20R002S_ALL_IV_72019.csv
/Users/jjason3/OneDrive - Georgia Institute of Technology/USGS_GW_data/CA_GW_IV/well_343526118095501_006N012W20J001S_ALL_IV_72019.csv,well_343526118095501_006N012W20J001S_ALL_IV_72019.csv
/Users/jjason3/OneDrive - Georgia Institute of Technology/USGS_GW_data/CA_GW_IV/well_351523116402803_013N003E04D003S_ALL_IV_72019.csv,well_351523116402803_013N003E04D003S_ALL_IV_72019.csv
/Users/jjason3/OneDrive - Georgia Institute of Technology/USGS_GW_data/CA_GW_IV/well_323915117055303_017S002W33D003S_ALL_IV_72019.csv,well_323915117055303_017S002W33D003S_ALL_IV_72019.csv
/Users/jjason3/OneDrive - Georgia Institute of Technology/USGS_GW_data/CA_GW_IV/well_351716116363705_014N003E24Q005S_ALL_IV_72019.csv,well_351716116363705_014N003E24Q005S_ALL_IV_72019.csv
/Users/jjason3/OneDrive - Georgia Institute of Technology/USGS_GW_data/CA_GW_IV/well_352806116462103_016N002E16P003S_ALL_IV_72019.csv,well_352806116462103_016N002E16P003S_ALL_IV_72019.csv
/Users/jjason3/OneDrive - Georgia Institute of Technology/USGS_GW_data/CA_GW_IV/well_340538117171401_001S004W10K001S_ALL_IV_72019.csv,well_340538117171401_001S004W10K001S_ALL_IV_72019.csv
/Users/jjason3/OneDrive - Georgia Institute of Technology/USGS_GW_data/CA_GW_IV/well_333314116384601_007S003E23D003S_ALL_IV_72019.csv,well_333314116384601_007S003E23D003S_ALL_IV_72019.csv
/Users/jjason3/OneDrive - Georgia Institute of Technology/USGS_GW_data/CA_GW_IV/well_324055117064401_017S002W20F001S_ALL_IV_72019.csv,well_324055117064401_017S002W20F001S_ALL_IV_72019.csv
/Users/jjason3/OneDrive - Georgia Institute of Technology/USGS_GW_data/CA_GW_IV/well_361935120134501_018S016E33A001M_ALL_IV_72019.csv,well_361935120134501_018S016E33A001M_ALL_IV_72019.csv
/Users/jjason3/OneDrive - Georgia Institute of Technology/USGS_GW_data/CA_GW_IV/well_340541117074403_001S002W07Q003S_ALL_IV_72019.csv,well_340541117074403_001S002W07Q003S_ALL_IV_72019.csv
/Users/jjason3/OneDrive - Georgia Institute of Technology/USGS_GW_data/CA_GW_IV/well_340804117221602_001N005W35B002S_ALL_IV_72019.csv,well_340804117221602_001N005W35B002S_ALL_IV_72019.csv
/Users/jjason3/OneDrive - Georgia Institute of Technology/USGS_GW_data/CA_GW_IV/well_340414117190203_001S004W20H003S_ALL_IV_72019.csv,well_340414117190203_001S004W20H003S_ALL_IV_72019.csv
/Users/jjason3/OneDrive - Georgia Institute of Technology/USGS_GW_data/CA_GW_IV/well_362853121094601_017S007E01F002M_ALL_IV_72019.csv,well_362853121094601_017S007E01F002M_ALL_IV_72019.csv
/Users/jjason3/OneDrive - Georgia Institute of Technology/USGS_GW_data/CA_GW_IV/well_323808117060403_018S002W05J003S_ALL_IV_72019.csv,well_323808117060403_018S002W05J003S_ALL_IV_72019.csv
/Users/jjason3/OneDrive - Georgia Institute of Technology/USGS_GW_data/CA_GW_IV/well_333122116394001_007S003E34E001S_ALL_IV_72019.csv,well_333122116394001_007S003E34E001S_ALL_IV_72019.csv
/Users/jjason3/OneDrive - Georgia Institute of Technology/USGS_GW_data/CA_GW_IV/well_333359116373501_007S003E13C002S_ALL_IV_72019.csv,well_333359116373501_007S003E13C002S_ALL_IV_72019.csv
/Users/jjason3/OneDrive - Georgia Institute of Technology/USGS_GW_data/CA_GW_IV/well_340716117230604_001S005W03A006S_ALL_IV_72019.csv,well_340716117230604_001S005W03A006S_ALL_IV_72019.csv
/Users/jjason3/OneDrive - Georgia Institute of Technology/USGS_GW_data/CA_GW_IV/well_353229119050602_027S027E32A002M_ALL_IV_72019.csv,well_353229119050602_027S027E32A002M_ALL_IV_72019.csv
/Users/jjason3/OneDrive - Georgia Institute of Technology/USGS_GW_data/CA_GW_IV/well_364200119420003_014S021E17Q002M_ALL_IV_72019.csv,well_364200119420003_014S021E17Q002M_ALL_IV_72019.csv
/Users/jjason3/OneDrive - Georgia Institute of Technology/USGS_GW_data/CA_GW_IV/well_324307117063503_017S002W05Q003S_ALL_IV_72019.csv,well_324307117063503_017S002W05Q003S_ALL_IV_72019.csv
/Users/jjason3/OneDrive - Georgia Institute of Technology/USGS_GW_data/CA_GW_IV/well_365325120391505_012S012E16H006M_ALL_IV_72019.csv,well_365325120391505_012S012E16H006M_ALL_IV_72019.csv
/Users/jjason3/OneDrive - Georgia Institute of Technology/USGS_GW_data/CA_GW_IV/well_381302119183401_109_N04_E24_10DDBB1_004N024E10R001M_ALL_IV_72019.csv,well_381302119183401_109_N04_E24_10DDBB1_004N024E10R001M_ALL_IV_72019.csv
/Users/jjason3/OneDrive - Georgia Institute of Technology/USGS_GW_data/CA_GW_IV/well_340136117033904_002S002W02F005S_ALL_IV_72019.csv,well_340136117033904_002S002W02F005S_ALL_IV_72019.csv
/Users/jjason3/OneDrive - Georgia Institute of Technology/USGS_GW_data/CA_GW_IV/well_340439117173902_001S004W22D002S_ALL_IV_72019.csv,well_340439117173902_001S004W22D002S_ALL_IV_72019.csv
/Users/jjason3/OneDrive - Georgia Institute of Technology/USGS_GW_data/CA_GW_IV/well_373927118571702_003S027E25M003M_ALL_IV_72019.csv,well_373927118571702_003S027E25M003M_ALL_IV_72019.csv
/Users/jjason3/OneDrive - Georgia Institute of Technology/USGS_GW_data/CA_GW_IV/well_343955118232701_007N014W29M002S_ALL_IV_72019.csv,well_343955118232701_007N014W29M002S_ALL_IV_72019.csv
/Users/jjason3/OneDrive - Georgia Institute of Technology/USGS_GW_data/CA_GW_IV/well_353229119050601_027S027E32A001M_ALL_IV_72019.csv,well_353229119050601_027S027E32A001M_ALL_IV_72019.csv
/Users/jjason3/OneDrive - Georgia Institute of Technology/USGS_GW_data/CA_GW_IV/well_340800117235903_001N005W34D003S_ALL_IV_72019.csv,well_340800117235903_001N005W34D003S_ALL_IV_72019.csv
/Users/jjason3/OneDrive - Georgia Institute of Technology/USGS_GW_data/CA_GW_IV/well_340524117182803_001S004W16C007S_ALL_IV_72019.csv,well_340524117182803_001S004W16C007S_ALL_IV_72019.csv
/Users/jjason3/OneDrive - Georgia Institute of Technology/USGS_GW_data/CA_GW_IV/well_351828116371202_014N003E13M003S_ALL_IV_72019.csv,well_351828116371202_014N003E13M003S_ALL_IV_72019.csv
/Users/jjason3/OneDrive - Georgia Institute of Technology/USGS_GW_data/CA_GW_IV/well_323932117050803_017S002W28R006S_ALL_IV_72019.csv,well_323932117050803_017S002W28R006S_ALL_IV_72019.csv
/Users/jjason3/OneDrive - Georgia Institute of Technology/USGS_GW_data/CA_GW_IV/well_340316117174103_001S004W27M003S_ALL_IV_72019.csv,well_340316117174103_001S004W27M003S_ALL_IV_72019.csv
/Users/jjason3/OneDrive - Georgia Institute of Technology/USGS_GW_data/CA_GW_IV/well_351128116374701_013N003E26K002S_ALL_IV_72019.csv,well_351128116374701_013N003E26K002S_ALL_IV_72019.csv
/Users/jjason3/OneDrive - Georgia Institute of Technology/USGS_GW_data/CA_GW_IV/well_335133117140501_003S003W31Q002S_ALL_IV_72019.csv,well_335133117140501_003S003W31Q002S_ALL_IV_72019.csv
/Users/jjason3/OneDrive - Georgia Institute of Technology/USGS_GW_data/CA_GW_IV/well_340408117165302_001S004W22J002S_ALL_IV_72019.csv,well_340408117165302_001S004W22J002S_ALL_IV_72019.csv
/Users/jjason3/OneDrive - Georgia Institute of Technology/USGS_GW_data/CA_GW_IV/well_333001117005702_008S001W06R002S_ALL_IV_72019.csv,well_333001117005702_008S001W06R002S_ALL_IV_72019.csv
/Users/jjason3/OneDrive - Georgia Institute of Technology/USGS_GW_data/CA_GW_IV/well_340606117223801_001S005W11F001S_ALL_IV_72019.csv,well_340606117223801_001S005W11F001S_ALL_IV_72019.csv
/Users/jjason3/OneDrive - Georgia Institute of Technology/USGS_GW_data/CA_GW_IV/well_373859118575802_003S027E35C002M_ALL_IV_72019.csv,well_373859118575802_003S027E35C002M_ALL_IV_72019.csv
/Users/jjason3/OneDrive - Georgia Institute of Technology/USGS_GW_data/CA_GW_IV/well_332819117070604_008S002W19A004S_ALL_IV_72019.csv,well_332819117070604_008S002W19A004S_ALL_IV_72019.csv
/Users/jjason3/OneDrive - Georgia Institute of Technology/USGS_GW_data/CA_GW_IV/well_373845118574202_003S027E35G002M_ALL_IV_72019.csv,well_373845118574202_003S027E35G002M_ALL_IV_72019.csv
/Users/jjason3/OneDrive - Georgia Institute of Technology/USGS_GW_data/CA_GW_IV/well_323527117050003_018S002W22E005S_ALL_IV_72019.csv,well_323527117050003_018S002W22E005S_ALL_IV_72019.csv
/Users/jjason3/OneDrive - Georgia Institute of Technology/USGS_GW_data/CA_GW_IV/well_340633117174004_001S004W03N004S_ALL_IV_72019.csv,well_340633117174004_001S004W03N004S_ALL_IV_72019.csv
/Users/jjason3/OneDrive - Georgia Institute of Technology/USGS_GW_data/CA_GW_IV/well_344532120233904_008N033W19K005S_ALL_IV_72019.csv,well_344532120233904_008N033W19K005S_ALL_IV_72019.csv
/Users/jjason3/OneDrive - Georgia Institute of Technology/USGS_GW_data/CA_GW_IV/well_340606117223802_001S005W11F002S_ALL_IV_72019.csv,well_340606117223802_001S005W11F002S_ALL_IV_72019.csv
/Users/jjason3/OneDrive - Georgia Institute of Technology/USGS_GW_data/CA_GW_IV/well_340408117165301_001S004W22J001S_ALL_IV_72019.csv,well_340408117165301_001S004W22J001S_ALL_IV_72019.csv
/Users/jjason3/OneDrive - Georgia Institute of Technology/USGS_GW_data/CA_GW_IV/well_333001117005701_008S001W06R001S_ALL_IV_72019.csv,well_333001117005701_008S001W06R001S_ALL_IV_72019.csv
/Users/jjason3/OneDrive - Georgia Institute of Technology/USGS_GW_data/CA_GW_IV/well_335513116490604_003S002E07P004S_ALL_IV_72019.csv,well_335513116490604_003S002E07P004S_ALL_IV_72019.csv
/Users/jjason3/OneDrive - Georgia Institute of Technology/USGS_GW_data/CA_GW_IV/well_373845118574201_003S027E35G001M_ALL_IV_72019.csv,well_373845118574201_003S027E35G001M_ALL_IV_72019.csv
/Users/jjason3/OneDrive - Georgia Institute of Technology/USGS_GW_data/CA_GW_IV/well_373859118575801_003S027E35C001M_ALL_IV_72019.csv,well_373859118575801_003S027E35C001M_ALL_IV_72019.csv
/Users/jjason3/OneDrive - Georgia Institute of Technology/USGS_GW_data/CA_GW_IV/well_340509117172402_001S004W15F007S_ALL_IV_72019.csv,well_340509117172402_001S004W15F007S_ALL_IV_72019.csv
/Users/jjason3/OneDrive - Georgia Institute of Technology/USGS_GW_data/CA_GW_IV/well_324055117064405_017S002W20F005S_ALL_IV_72019.csv,well_324055117064405_017S002W20F005S_ALL_IV_72019.csv
/Users/jjason3/OneDrive - Georgia Institute of Technology/USGS_GW_data/CA_GW_IV/well_335611116553802_003S001E06M003S_ALL_IV_72019.csv,well_335611116553802_003S001E06M003S_ALL_IV_72019.csv
/Users/jjason3/OneDrive - Georgia Institute of Technology/USGS_GW_data/CA_GW_IV/well_351716116363701_014N003E24Q001S_ALL_IV_72019.csv,well_351716116363701_014N003E24Q001S_ALL_IV_72019.csv
/Users/jjason3/OneDrive - Georgia Institute of Technology/USGS_GW_data/CA_GW_IV/well_340521117212003_001S005W13B003S_ALL_IV_72019.csv,well_340521117212003_001S005W13B003S_ALL_IV_72019.csv
/Users/jjason3/OneDrive - Georgia Institute of Technology/USGS_GW_data/CA_GW_IV/well_351558116412102_014N003E32F003S_ALL_IV_72019.csv,well_351558116412102_014N003E32F003S_ALL_IV_72019.csv
/Users/jjason3/OneDrive - Georgia Institute of Technology/USGS_GW_data/CA_GW_IV/well_340541117074404_001S002W07Q004S_ALL_IV_72019.csv,well_340541117074404_001S002W07Q004S_ALL_IV_72019.csv
/Users/jjason3/OneDrive - Georgia Institute of Technology/USGS_GW_data/CA_GW_IV/well_323808117060404_018S002W05J004S_ALL_IV_72019.csv,well_323808117060404_018S002W05J004S_ALL_IV_72019.csv
/Users/jjason3/OneDrive - Georgia Institute of Technology/USGS_GW_data/CA_GW_IV/well_323527117050004_018S002W22E006S_ALL_IV_72019.csv,well_323527117050004_018S002W22E006S_ALL_IV_72019.csv
/Users/jjason3/OneDrive - Georgia Institute of Technology/USGS_GW_data/CA_GW_IV/well_340414117190204_001S004W20H004S_ALL_IV_72019.csv,well_340414117190204_001S004W20H004S_ALL_IV_72019.csv
/Users/jjason3/OneDrive - Georgia Institute of Technology/USGS_GW_data/CA_GW_IV/well_351716116363702_014N003E24Q002S_ALL_IV_72019.csv,well_351716116363702_014N003E24Q002S_ALL_IV_72019.csv
/Users/jjason3/OneDrive - Georgia Institute of Technology/USGS_GW_data/CA_GW_IV/well_390746120091710_NS2_1_Piezo_ALL_IV_72019.csv,well_390746120091710_NS2_1_Piezo_ALL_IV_72019.csv
/Users/jjason3/OneDrive - Georgia Institute of Technology/USGS_GW_data/CA_GW_IV/well_323915117055304_017S002W33D004S_ALL_IV_72019.csv,well_323915117055304_017S002W33D004S_ALL_IV_72019.csv
/Users/jjason3/OneDrive - Georgia Institute of Technology/USGS_GW_data/CA_GW_IV/well_354048119445003_026S021E07J003M_ALL_IV_72019.csv,well_354048119445003_026S021E07J003M_ALL_IV_72019.csv
/Users/jjason3/OneDrive - Georgia Institute of Technology/USGS_GW_data/CA_GW_IV/well_323528117031404_018S002W23G005S_ALL_IV_72019.csv,well_323528117031404_018S002W23G005S_ALL_IV_72019.csv
/Users/jjason3/OneDrive - Georgia Institute of Technology/USGS_GW_data/CA_GW_IV/well_340716117230603_001S005W03A005S_ALL_IV_72019.csv,well_340716117230603_001S005W03A005S_ALL_IV_72019.csv
/Users/jjason3/OneDrive - Georgia Institute of Technology/USGS_GW_data/CA_GW_IV/well_344640120274402_008N034W16C002S_ALL_IV_72019.csv,well_344640120274402_008N034W16C002S_ALL_IV_72019.csv
/Users/jjason3/OneDrive - Georgia Institute of Technology/USGS_GW_data/CA_GW_IV/well_352450116421101_015N003E06L001S_ALL_IV_72019.csv,well_352450116421101_015N003E06L001S_ALL_IV_72019.csv
/Users/jjason3/OneDrive - Georgia Institute of Technology/USGS_GW_data/CA_GW_IV/well_340508117163302_001S004W14E009S_ALL_IV_72019.csv,well_340508117163302_001S004W14E009S_ALL_IV_72019.csv
/Users/jjason3/OneDrive - Georgia Institute of Technology/USGS_GW_data/CA_GW_IV/well_340814117253504_001N005W29Q004S_ALL_IV_72019.csv,well_340814117253504_001N005W29Q004S_ALL_IV_72019.csv
/Users/jjason3/OneDrive - Georgia Institute of Technology/USGS_GW_data/CA_GW_IV/well_344836120270001_009N034W34N002S_ALL_IV_72019.csv,well_344836120270001_009N034W34N002S_ALL_IV_72019.csv
/Users/jjason3/OneDrive - Georgia Institute of Technology/USGS_GW_data/CA_GW_IV/well_335525116410201_003S003E09M001S_ALL_IV_72019.csv,well_335525116410201_003S003E09M001S_ALL_IV_72019.csv
/Users/jjason3/OneDrive - Georgia Institute of Technology/USGS_GW_data/CA_GW_IV/well_353049119434104_028S021E08A004M_ALL_IV_72019.csv,well_353049119434104_028S021E08A004M_ALL_IV_72019.csv
/Users/jjason3/OneDrive - Georgia Institute of Technology/USGS_GW_data/CA_GW_IV/well_323313117033902_019S002W02C008S_ALL_IV_72019.csv,well_323313117033902_019S002W02C008S_ALL_IV_72019.csv
/Users/jjason3/OneDrive - Georgia Institute of Technology/USGS_GW_data/CA_GW_IV/well_340142118280603_002S015W05H004S_ALL_IV_72019.csv,well_340142118280603_002S015W05H004S_ALL_IV_72019.csv
/Users/jjason3/OneDrive - Georgia Institute of Technology/USGS_GW_data/CA_GW_IV/well_333315116405701_007S003E21D004S_ALL_IV_72019.csv,well_333315116405701_007S003E21D004S_ALL_IV_72019.csv
/Users/jjason3/OneDrive - Georgia Institute of Technology/USGS_GW_data/CA_GW_IV/well_335525116410202_003S003E09M002S_ALL_IV_72019.csv,well_335525116410202_003S003E09M002S_ALL_IV_72019.csv
/Users/jjason3/OneDrive - Georgia Institute of Technology/USGS_GW_data/CA_GW_IV/well_335423116455301_003S002E15P001S_ALL_IV_72019.csv,well_335423116455301_003S002E15P001S_ALL_IV_72019.csv
/Users/jjason3/OneDrive - Georgia Institute of Technology/USGS_GW_data/CA_GW_IV/well_335408117154401_003S004W23A001S_ALL_IV_72019.csv,well_335408117154401_003S004W23A001S_ALL_IV_72019.csv
/Users/jjason3/OneDrive - Georgia Institute of Technology/USGS_GW_data/CA_GW_IV/well_332857117043305_008S002W15F005S_ALL_IV_72019.csv,well_332857117043305_008S002W15F005S_ALL_IV_72019.csv
/Users/jjason3/OneDrive - Georgia Institute of Technology/USGS_GW_data/CA_GW_IV/well_323528117031401_018S002W23G002S_ALL_IV_72019.csv,well_323528117031401_018S002W23G002S_ALL_IV_72019.csv
/Users/jjason3/OneDrive - Georgia Institute of Technology/USGS_GW_data/CA_GW_IV/well_381510119140001_109_N05_E25_32ADAB1_005N025E32H001M_AT2_ALL_IV_72019.csv,well_381510119140001_109_N05_E25_32ADAB1_005N025E32H001M_AT2_ALL_IV_72019.csv
/Users/jjason3/OneDrive - Georgia Institute of Technology/USGS_GW_data/CA_GW_IV/well_324416117042004_016S002W34G004S_ALL_IV_72019.csv,well_324416117042004_016S002W34G004S_ALL_IV_72019.csv
/Users/jjason3/OneDrive - Georgia Institute of Technology/USGS_GW_data/CA_GW_IV/well_390746120091730_NS2_3_Piezo_ALL_IV_72019.csv,well_390746120091730_NS2_3_Piezo_ALL_IV_72019.csv
/Users/jjason3/OneDrive - Georgia Institute of Technology/USGS_GW_data/CA_GW_IV/well_351303119251403_031S024E20F003M_ALL_IV_72019.csv,well_351303119251403_031S024E20F003M_ALL_IV_72019.csv
/Users/jjason3/OneDrive - Georgia Institute of Technology/USGS_GW_data/CA_GW_IV/well_335423116455302_003S002E15P002S_ALL_IV_72019.csv,well_335423116455302_003S002E15P002S_ALL_IV_72019.csv
/Users/jjason3/OneDrive - Georgia Institute of Technology/USGS_GW_data/CA_GW_IV/well_351828116371203_014N003E13M004S_ALL_IV_72019.csv,well_351828116371203_014N003E13M004S_ALL_IV_72019.csv
/Users/jjason3/OneDrive - Georgia Institute of Technology/USGS_GW_data/CA_GW_IV/well_340559117194503_001S004W08E003S_ALL_IV_72019.csv,well_340559117194503_001S004W08E003S_ALL_IV_72019.csv
/Users/jjason3/OneDrive - Georgia Institute of Technology/USGS_GW_data/CA_GW_IV/well_324641117071502_016S002W18J004S_ALL_IV_72019.csv,well_324641117071502_016S002W18J004S_ALL_IV_72019.csv
/Users/jjason3/OneDrive - Georgia Institute of Technology/USGS_GW_data/CA_GW_IV/well_340130117054903_002S002W04L004S_ALL_IV_72019.csv,well_340130117054903_002S002W04L004S_ALL_IV_72019.csv
/Users/jjason3/OneDrive - Georgia Institute of Technology/USGS_GW_data/CA_GW_IV/well_335530116413701_003S003E08L001S_ALL_IV_72019.csv,well_335530116413701_003S003E08L001S_ALL_IV_72019.csv
/Users/jjason3/OneDrive - Georgia Institute of Technology/USGS_GW_data/CA_GW_IV/well_374004122092105_003S003W14K021M_ALL_IV_72019.csv,well_374004122092105_003S003W14K021M_ALL_IV_72019.csv
/Users/jjason3/OneDrive - Georgia Institute of Technology/USGS_GW_data/CA_GW_IV/well_381407119132401_109_N04_E25_04CAAA1_ALL_IV_72019.csv,well_381407119132401_109_N04_E25_04CAAA1_ALL_IV_72019.csv
/Users/jjason3/OneDrive - Georgia Institute of Technology/USGS_GW_data/CA_GW_IV/well_323313117033904_019S002W02C010S_ALL_IV_72019.csv,well_323313117033904_019S002W02C010S_ALL_IV_72019.csv
/Users/jjason3/OneDrive - Georgia Institute of Technology/USGS_GW_data/CA_GW_IV/well_340503117104104_001S003W15K004S_ALL_IV_72019.csv,well_340503117104104_001S003W15K004S_ALL_IV_72019.csv
/Users/jjason3/OneDrive - Georgia Institute of Technology/USGS_GW_data/CA_GW_IV/well_390810120090710_NS6_1_Piezo_ALL_IV_72019.csv,well_390810120090710_NS6_1_Piezo_ALL_IV_72019.csv
/Users/jjason3/OneDrive - Georgia Institute of Technology/USGS_GW_data/CA_GW_IV/well_330555117010101_012S001W30J003S_ALL_IV_72019.csv,well_330555117010101_012S001W30J003S_ALL_IV_72019.csv
/Users/jjason3/OneDrive - Georgia Institute of Technology/USGS_GW_data/CA_GW_IV/well_335530116413702_003S003E08L002S_ALL_IV_72019.csv,well_335530116413702_003S003E08L002S_ALL_IV_72019.csv
/Users/jjason3/OneDrive - Georgia Institute of Technology/USGS_GW_data/CA_GW_IV/well_340927117242204_001N005W21K004S_ALL_IV_72019.csv,well_340927117242204_001N005W21K004S_ALL_IV_72019.csv
/Users/jjason3/OneDrive - Georgia Institute of Technology/USGS_GW_data/CA_GW_IV/well_340707117162707_001S004W02D007S_ALL_IV_72019.csv,well_340707117162707_001S004W02D007S_ALL_IV_72019.csv
/Users/jjason3/OneDrive - Georgia Institute of Technology/USGS_GW_data/CA_GW_IV/well_340508117163304_001S004W14E011S_ALL_IV_72019.csv,well_340508117163304_001S004W14E011S_ALL_IV_72019.csv
/Users/jjason3/OneDrive - Georgia Institute of Technology/USGS_GW_data/CA_GW_IV/well_374004122092106_003S003W14K022M_ALL_IV_72019.csv,well_374004122092106_003S003W14K022M_ALL_IV_72019.csv
/Users/jjason3/OneDrive - Georgia Institute of Technology/USGS_GW_data/CA_GW_IV/well_364518120222001_013S015E31J006M_ALL_IV_72019.csv,well_364518120222001_013S015E31J006M_ALL_IV_72019.csv
/Users/jjason3/OneDrive - Georgia Institute of Technology/USGS_GW_data/CA_GW_IV/well_323314117033902_019S002W02C005S_ALL_IV_72019.csv,well_323314117033902_019S002W02C005S_ALL_IV_72019.csv
/Users/jjason3/OneDrive - Georgia Institute of Technology/USGS_GW_data/CA_GW_IV/well_340914117234904_001N005W22N004S_ALL_IV_72019.csv,well_340914117234904_001N005W22N004S_ALL_IV_72019.csv
/Users/jjason3/OneDrive - Georgia Institute of Technology/USGS_GW_data/CA_GW_IV/well_335611116553803_003S001E06M004S_ALL_IV_72019.csv,well_335611116553803_003S001E06M004S_ALL_IV_72019.csv
/Users/jjason3/OneDrive - Georgia Institute of Technology/USGS_GW_data/CA_GW_IV/well_344532120233901_008N033W19K002S_ALL_IV_72019.csv,well_344532120233901_008N033W19K002S_ALL_IV_72019.csv
/Users/jjason3/OneDrive - Georgia Institute of Technology/USGS_GW_data/CA_GW_IV/well_352556116475501_016N002E31H001S_ALL_IV_72019.csv,well_352556116475501_016N002E31H001S_ALL_IV_72019.csv
/Users/jjason3/OneDrive - Georgia Institute of Technology/USGS_GW_data/CA_GW_IV/well_351019116373503_013N003E35J003S_ALL_IV_72019.csv,well_351019116373503_013N003E35J003S_ALL_IV_72019.csv
/Users/jjason3/OneDrive - Georgia Institute of Technology/USGS_GW_data/CA_GW_IV/well_373754118501701_004S028E01F001M_ALL_IV_72019.csv,well_373754118501701_004S028E01F001M_ALL_IV_72019.csv
/Users/jjason3/OneDrive - Georgia Institute of Technology/USGS_GW_data/CA_GW_IV/well_323659117033304_018S002W11P004S_ALL_IV_72019.csv,well_323659117033304_018S002W11P004S_ALL_IV_72019.csv
/Users/jjason3/OneDrive - Georgia Institute of Technology/USGS_GW_data/CA_GW_IV/well_390809120090740_NS5_4_Piezo_ALL_IV_72019.csv,well_390809120090740_NS5_4_Piezo_ALL_IV_72019.csv
/Users/jjason3/OneDrive - Georgia Institute of Technology/USGS_GW_data/CA_GW_IV/well_373904118570701_003S027E25N001M_ALL_IV_72019.csv,well_373904118570701_003S027E25N001M_ALL_IV_72019.csv
/Users/jjason3/OneDrive - Georgia Institute of Technology/USGS_GW_data/CA_GW_IV/well_340136117033901_002S002W02F002S_ALL_IV_72019.csv,well_340136117033901_002S002W02F002S_ALL_IV_72019.csv
/Users/jjason3/OneDrive - Georgia Institute of Technology/USGS_GW_data/CA_GW_IV/well_341013117253903_001N005W17L003S_ALL_IV_72019.csv,well_341013117253903_001N005W17L003S_ALL_IV_72019.csv
/Users/jjason3/OneDrive - Georgia Institute of Technology/USGS_GW_data/CA_GW_IV/well_340046117020802_002S002W12H002S_ALL_IV_72019.csv,well_340046117020802_002S002W12H002S_ALL_IV_72019.csv
/Users/jjason3/OneDrive - Georgia Institute of Technology/USGS_GW_data/CA_GW_IV/well_340555117161201_001S004W11K002S_ALL_IV_72019.csv,well_340555117161201_001S004W11K002S_ALL_IV_72019.csv
/Users/jjason3/OneDrive - Georgia Institute of Technology/USGS_GW_data/CA_GW_IV/well_340142118280602_002S015W05H003S_ALL_IV_72019.csv,well_340142118280602_002S015W05H003S_ALL_IV_72019.csv
/Users/jjason3/OneDrive - Georgia Institute of Technology/USGS_GW_data/CA_GW_IV/well_342953117410201_005N008W26B003S_ALL_IV_72019.csv,well_342953117410201_005N008W26B003S_ALL_IV_72019.csv
/Users/jjason3/OneDrive - Georgia Institute of Technology/USGS_GW_data/CA_GW_IV/well_340615117170902_001S004W10B002S_ALL_IV_72019.csv,well_340615117170902_001S004W10B002S_ALL_IV_72019.csv
/Users/jjason3/OneDrive - Georgia Institute of Technology/USGS_GW_data/CA_GW_IV/well_343515118101401_006N012W29B001S_ALL_IV_72019.csv,well_343515118101401_006N012W29B001S_ALL_IV_72019.csv
/Users/jjason3/OneDrive - Georgia Institute of Technology/USGS_GW_data/CA_GW_IV/well_373904118570702_003S027E25N002M_ALL_IV_72019.csv,well_373904118570702_003S027E25N002M_ALL_IV_72019.csv
/Users/jjason3/OneDrive - Georgia Institute of Technology/USGS_GW_data/CA_GW_IV/well_344520120174004_008N032W19M004S_ALL_IV_72019.csv,well_344520120174004_008N032W19M004S_ALL_IV_72019.csv
/Users/jjason3/OneDrive - Georgia Institute of Technology/USGS_GW_data/CA_GW_IV/well_323313117033901_019S002W02C007S_ALL_IV_72019.csv,well_323313117033901_019S002W02C007S_ALL_IV_72019.csv
/Users/jjason3/OneDrive - Georgia Institute of Technology/USGS_GW_data/CA_GW_IV/well_324641117071505_016S002W18J007S_ALL_IV_72019.csv,well_324641117071505_016S002W18J007S_ALL_IV_72019.csv
/Users/jjason3/OneDrive - Georgia Institute of Technology/USGS_GW_data/CA_GW_IV/well_340046117020801_002S002W12H001S_ALL_IV_72019.csv,well_340046117020801_002S002W12H001S_ALL_IV_72019.csv
/Users/jjason3/OneDrive - Georgia Institute of Technology/USGS_GW_data/CA_GW_IV/well_341829116164401_003N007E32D003S_ALL_IV_72019.csv,well_341829116164401_003N007E32D003S_ALL_IV_72019.csv
/Users/jjason3/OneDrive - Georgia Institute of Technology/USGS_GW_data/CA_GW_IV/well_351738116374101_014N003E23G001S_ALL_IV_72019.csv,well_351738116374101_014N003E23G001S_ALL_IV_72019.csv
/Users/jjason3/OneDrive - Georgia Institute of Technology/USGS_GW_data/CA_GW_IV/well_344436120161701_008N032W29L004S_ALL_IV_72019.csv,well_344436120161701_008N032W29L004S_ALL_IV_72019.csv
/Users/jjason3/OneDrive - Georgia Institute of Technology/USGS_GW_data/CA_GW_IV/well_351107116382701_013N003E26N001S_ALL_IV_72019.csv,well_351107116382701_013N003E26N001S_ALL_IV_72019.csv
/Users/jjason3/OneDrive - Georgia Institute of Technology/USGS_GW_data/CA_GW_IV/well_330320117024703_013S002W12M003S_ALL_IV_72019.csv,well_330320117024703_013S002W12M003S_ALL_IV_72019.csv
/Users/jjason3/OneDrive - Georgia Institute of Technology/USGS_GW_data/CA_GW_IV/well_355933119062001_022S027E30D002M_ALL_IV_72019.csv,well_355933119062001_022S027E30D002M_ALL_IV_72019.csv
/Users/jjason3/OneDrive - Georgia Institute of Technology/USGS_GW_data/CA_GW_IV/well_351759116374401_014N003E23B001S_ALL_IV_72019.csv,well_351759116374401_014N003E23B001S_ALL_IV_72019.csv
/Users/jjason3/OneDrive - Georgia Institute of Technology/USGS_GW_data/CA_GW_IV/well_335714116565002_002S001W35J002S_ALL_IV_72019.csv,well_335714116565002_002S001W35J002S_ALL_IV_72019.csv
/Users/jjason3/OneDrive - Georgia Institute of Technology/USGS_GW_data/CA_GW_IV/well_340321117153801_001S004W25E005S_ALL_IV_72019.csv,well_340321117153801_001S004W25E005S_ALL_IV_72019.csv
/Users/jjason3/OneDrive - Georgia Institute of Technology/USGS_GW_data/CA_GW_IV/well_390743120091930_NS1_3_Piezo_ALL_IV_72019.csv,well_390743120091930_NS1_3_Piezo_ALL_IV_72019.csv
/Users/jjason3/OneDrive - Georgia Institute of Technology/USGS_GW_data/CA_GW_IV/well_340927117242203_001N005W21K003S_ALL_IV_72019.csv,well_340927117242203_001N005W21K003S_ALL_IV_72019.csv
/Users/jjason3/OneDrive - Georgia Institute of Technology/USGS_GW_data/CA_GW_IV/well_351539116405606_014N003E32K006S_ALL_IV_72019.csv,well_351539116405606_014N003E32K006S_ALL_IV_72019.csv
/Users/jjason3/OneDrive - Georgia Institute of Technology/USGS_GW_data/CA_GW_IV/well_362851121092201_017S007E01J001M_ALL_IV_72019.csv,well_362851121092201_017S007E01J001M_ALL_IV_72019.csv
/Users/jjason3/OneDrive - Georgia Institute of Technology/USGS_GW_data/CA_GW_IV/well_335714116565001_002S001W35J001S_ALL_IV_72019.csv,well_335714116565001_002S001W35J001S_ALL_IV_72019.csv
/Users/jjason3/OneDrive - Georgia Institute of Technology/USGS_GW_data/CA_GW_IV/well_340503117104103_001S003W15K003S_ALL_IV_72019.csv,well_340503117104103_001S003W15K003S_ALL_IV_72019.csv
/Users/jjason3/OneDrive - Georgia Institute of Technology/USGS_GW_data/CA_GW_IV/well_343522118095701_006N012W20R001S_ALL_IV_72019.csv,well_343522118095701_006N012W20R001S_ALL_IV_72019.csv
/Users/jjason3/OneDrive - Georgia Institute of Technology/USGS_GW_data/CA_GW_IV/well_351759116374402_014N003E23B002S_ALL_IV_72019.csv,well_351759116374402_014N003E23B002S_ALL_IV_72019.csv
/Users/jjason3/OneDrive - Georgia Institute of Technology/USGS_GW_data/CA_GW_IV/well_335534116441503_003S002E11H003S_ALL_IV_72019.csv,well_335534116441503_003S002E11H003S_ALL_IV_72019.csv
/Users/jjason3/OneDrive - Georgia Institute of Technology/USGS_GW_data/CA_GW_IV/well_333226116395602_007S003E27D002S_ALL_IV_72019.csv,well_333226116395602_007S003E27D002S_ALL_IV_72019.csv
/Users/jjason3/OneDrive - Georgia Institute of Technology/USGS_GW_data/CA_GW_IV/well_351304116374501_013N003E14K001S_ALL_IV_72019.csv,well_351304116374501_013N003E14K001S_ALL_IV_72019.csv
/Users/jjason3/OneDrive - Georgia Institute of Technology/USGS_GW_data/CA_GW_IV/well_323528117031405_018S002W23G006S_ALL_IV_72019.csv,well_323528117031405_018S002W23G006S_ALL_IV_72019.csv
/Users/jjason3/OneDrive - Georgia Institute of Technology/USGS_GW_data/CA_GW_IV/well_333939114411501_006S022E09P001S_ALL_IV_72019.csv,well_333939114411501_006S022E09P001S_ALL_IV_72019.csv
/Users/jjason3/OneDrive - Georgia Institute of Technology/USGS_GW_data/CA_GW_IV/well_353618120474801_027S011E04PU02M_ALL_IV_72019.csv,well_353618120474801_027S011E04PU02M_ALL_IV_72019.csv
/Users/jjason3/OneDrive - Georgia Institute of Technology/USGS_GW_data/CA_GW_IV/well_332857117043301_008S002W15F001S_ALL_IV_72019.csv,well_332857117043301_008S002W15F001S_ALL_IV_72019.csv
/Users/jjason3/OneDrive - Georgia Institute of Technology/USGS_GW_data/CA_GW_IV/well_333226116395601_007S003E27D001S_ALL_IV_72019.csv,well_333226116395601_007S003E27D001S_ALL_IV_72019.csv
/Users/jjason3/OneDrive - Georgia Institute of Technology/USGS_GW_data/CA_GW_IV/well_343951118235801_007N014W30K002S_ALL_IV_72019.csv,well_343951118235801_007N014W30K002S_ALL_IV_72019.csv
/Users/jjason3/OneDrive - Georgia Institute of Technology/USGS_GW_data/CA_GW_IV/well_351303119251404_031S024E20F004M_ALL_IV_72019.csv,well_351303119251404_031S024E20F004M_ALL_IV_72019.csv
/Users/jjason3/OneDrive - Georgia Institute of Technology/USGS_GW_data/CA_GW_IV/well_350751119241103_032S024E21F003M_ALL_IV_72019.csv,well_350751119241103_032S024E21F003M_ALL_IV_72019.csv
/Users/jjason3/OneDrive - Georgia Institute of Technology/USGS_GW_data/CA_GW_IV/well_340559117194504_001S004W08E004S_ALL_IV_72019.csv,well_340559117194504_001S004W08E004S_ALL_IV_72019.csv
/Users/jjason3/OneDrive - Georgia Institute of Technology/USGS_GW_data/CA_GW_IV/well_324416117042003_016S002W34G003S_ALL_IV_72019.csv,well_324416117042003_016S002W34G003S_ALL_IV_72019.csv
/Users/jjason3/OneDrive - Georgia Institute of Technology/USGS_GW_data/CA_GW_IV/well_374004122092103_003S003W14K019M_ALL_IV_72019.csv,well_374004122092103_003S003W14K019M_ALL_IV_72019.csv
/Users/jjason3/OneDrive - Georgia Institute of Technology/USGS_GW_data/CA_GW_IV/well_332857117043302_008S002W15F002S_ALL_IV_72019.csv,well_332857117043302_008S002W15F002S_ALL_IV_72019.csv
/Users/jjason3/OneDrive - Georgia Institute of Technology/USGS_GW_data/CA_GW_IV/well_324641117071501_016S002W18J003S_ALL_IV_72019.csv,well_324641117071501_016S002W18J003S_ALL_IV_72019.csv
/Users/jjason3/OneDrive - Georgia Institute of Technology/USGS_GW_data/CA_GW_IV/well_365325120391504_012S012E16H005M_ALL_IV_72019.csv,well_365325120391504_012S012E16H005M_ALL_IV_72019.csv
/Users/jjason3/OneDrive - Georgia Institute of Technology/USGS_GW_data/CA_GW_IV/well_340633117174001_001S004W03N002S_ALL_IV_72019.csv,well_340633117174001_001S004W03N002S_ALL_IV_72019.csv
/Users/jjason3/OneDrive - Georgia Institute of Technology/USGS_GW_data/CA_GW_IV/well_341013117253904_001N005W17L004S_ALL_IV_72019.csv,well_341013117253904_001N005W17L004S_ALL_IV_72019.csv
/Users/jjason3/OneDrive - Georgia Institute of Technology/USGS_GW_data/CA_GW_IV/well_340555117161205_001S004W11K006S_ALL_IV_72019.csv,well_340555117161205_001S004W11K006S_ALL_IV_72019.csv
/Users/jjason3/OneDrive - Georgia Institute of Technology/USGS_GW_data/CA_GW_IV/well_344520120174003_008N032W19M003S_ALL_IV_72019.csv,well_344520120174003_008N032W19M003S_ALL_IV_72019.csv
/Users/jjason3/OneDrive - Georgia Institute of Technology/USGS_GW_data/CA_GW_IV/well_323932117050802_017S002W28R005S_ALL_IV_72019.csv,well_323932117050802_017S002W28R005S_ALL_IV_72019.csv
/Users/jjason3/OneDrive - Georgia Institute of Technology/USGS_GW_data/CA_GW_IV/well_340633117174002_001S004W03N001S_ALL_IV_72019.csv,well_340633117174002_001S004W03N001S_ALL_IV_72019.csv
/Users/jjason3/OneDrive - Georgia Institute of Technology/USGS_GW_data/CA_GW_IV/well_340136117033905_002S002W02F006S_ALL_IV_72019.csv,well_340136117033905_002S002W02F006S_ALL_IV_72019.csv
/Users/jjason3/OneDrive - Georgia Institute of Technology/USGS_GW_data/CA_GW_IV/well_340546117182903_001S004W09L004S_ALL_IV_72019.csv,well_340546117182903_001S004W09L004S_ALL_IV_72019.csv
/Users/jjason3/OneDrive - Georgia Institute of Technology/USGS_GW_data/CA_GW_IV/well_333156116415201_007S003E29M002S_ALL_IV_72019.csv,well_333156116415201_007S003E29M002S_ALL_IV_72019.csv
/Users/jjason3/OneDrive - Georgia Institute of Technology/USGS_GW_data/CA_GW_IV/well_330514116582902_012S001W34L003S_ALL_IV_72019.csv,well_330514116582902_012S001W34L003S_ALL_IV_72019.csv
/Users/jjason3/OneDrive - Georgia Institute of Technology/USGS_GW_data/CA_GW_IV/well_324116117050801_017S002W16Q009S_ALL_IV_72019.csv,well_324116117050801_017S002W16Q009S_ALL_IV_72019.csv
/Users/jjason3/OneDrive - Georgia Institute of Technology/USGS_GW_data/CA_GW_IV/well_340248117020902_001S002W36A003S_ALL_IV_72019.csv,well_340248117020902_001S002W36A003S_ALL_IV_72019.csv
/Users/jjason3/OneDrive - Georgia Institute of Technology/USGS_GW_data/CA_GW_IV/well_340914117234903_001N005W22N003S_ALL_IV_72019.csv,well_340914117234903_001N005W22N003S_ALL_IV_72019.csv
/Users/jjason3/OneDrive - Georgia Institute of Technology/USGS_GW_data/CA_GW_IV/well_330555117010102_012S001W30J004S_ALL_IV_72019.csv,well_330555117010102_012S001W30J004S_ALL_IV_72019.csv
/Users/jjason3/OneDrive - Georgia Institute of Technology/USGS_GW_data/CA_GW_IV/well_323659117033303_018S002W11P003S_ALL_IV_72019.csv,well_323659117033303_018S002W11P003S_ALL_IV_72019.csv
/Users/jjason3/OneDrive - Georgia Institute of Technology/USGS_GW_data/CA_GW_IV/well_344532120233905_008N033W19K006S_ALL_IV_72019.csv,well_344532120233905_008N033W19K006S_ALL_IV_72019.csv
/Users/jjason3/OneDrive - Georgia Institute of Technology/USGS_GW_data/CA_GW_IV/well_333315116404301_007S003E21C003S_ALL_IV_72019.csv,well_333315116404301_007S003E21C003S_ALL_IV_72019.csv
/Users/jjason3/OneDrive - Georgia Institute of Technology/USGS_GW_data/CA_GW_IV/well_351336116254901_013N005E10R002S_ALL_IV_72019.csv,well_351336116254901_013N005E10R002S_ALL_IV_72019.csv
/Users/jjason3/OneDrive - Georgia Institute of Technology/USGS_GW_data/CA_GW_IV/well_353605120473801_027S011E04PU05M_ALL_IV_72019.csv,well_353605120473801_027S011E04PU05M_ALL_IV_72019.csv
/Users/jjason3/OneDrive - Georgia Institute of Technology/USGS_GW_data/CA_GW_IV/well_323528117031402_018S002W23G003S_ALL_IV_72019.csv,well_323528117031402_018S002W23G003S_ALL_IV_72019.csv
/Users/jjason3/OneDrive - Georgia Institute of Technology/USGS_GW_data/CA_GW_IV/well_354048119445005_026S021E07J005M_ALL_IV_72019.csv,well_354048119445005_026S021E07J005M_ALL_IV_72019.csv
/Users/jjason3/OneDrive - Georgia Institute of Technology/USGS_GW_data/CA_GW_IV/well_324116117050802_017S002W16Q010S_ALL_IV_72019.csv,well_324116117050802_017S002W16Q010S_ALL_IV_72019.csv
/Users/jjason3/OneDrive - Georgia Institute of Technology/USGS_GW_data/CA_GW_IV/well_344640120274404_008N034W16C004S_ALL_IV_72019.csv,well_344640120274404_008N034W16C004S_ALL_IV_72019.csv
/Users/jjason3/OneDrive - Georgia Institute of Technology/USGS_GW_data/CA_GW_IV/well_373905118570701_003S027E25N003M_ALL_IV_72019.csv,well_373905118570701_003S027E25N003M_ALL_IV_72019.csv
/Users/jjason3/OneDrive - Georgia Institute of Technology/USGS_GW_data/CA_GW_IV/well_340814117253502_001N005W29Q002S_ALL_IV_72019.csv,well_340814117253502_001N005W29Q002S_ALL_IV_72019.csv
/Users/jjason3/OneDrive - Georgia Institute of Technology/USGS_GW_data/CA_GW_IV/well_351521116400203_013N003E04B003S_ALL_IV_72019.csv,well_351521116400203_013N003E04B003S_ALL_IV_72019.csv
/Users/jjason3/OneDrive - Georgia Institute of Technology/USGS_GW_data/CA_GW_IV/well_351128116374703_013N003E26K004S_ALL_IV_72019.csv,well_351128116374703_013N003E26K004S_ALL_IV_72019.csv
/Users/jjason3/OneDrive - Georgia Institute of Technology/USGS_GW_data/CA_GW_IV/well_353049119434102_028S021E08A002M_ALL_IV_72019.csv,well_353049119434102_028S021E08A002M_ALL_IV_72019.csv
/Users/jjason3/OneDrive - Georgia Institute of Technology/USGS_GW_data/CA_GW_IV/well_323303117050202_019S002W03E002S_ALL_IV_72019.csv,well_323303117050202_019S002W03E002S_ALL_IV_72019.csv
/Users/jjason3/OneDrive - Georgia Institute of Technology/USGS_GW_data/CA_GW_IV/well_340555117161207_001S004W11K008S_ALL_IV_72019.csv,well_340555117161207_001S004W11K008S_ALL_IV_72019.csv
/Users/jjason3/OneDrive - Georgia Institute of Technology/USGS_GW_data/CA_GW_IV/well_340814117253501_001N005W29Q001S_ALL_IV_72019.csv,well_340814117253501_001N005W29Q001S_ALL_IV_72019.csv
/Users/jjason3/OneDrive - Georgia Institute of Technology/USGS_GW_data/CA_GW_IV/well_335525116410204_003S003E09M004S_ALL_IV_72019.csv,well_335525116410204_003S003E09M004S_ALL_IV_72019.csv
/Users/jjason3/OneDrive - Georgia Institute of Technology/USGS_GW_data/CA_GW_IV/well_353049119434101_028S021E08A001M_ALL_IV_72019.csv,well_353049119434101_028S021E08A001M_ALL_IV_72019.csv
/Users/jjason3/OneDrive - Georgia Institute of Technology/USGS_GW_data/CA_GW_IV/well_343952118240601_007N014W30K001S_ALL_IV_72019.csv,well_343952118240601_007N014W30K001S_ALL_IV_72019.csv
/Users/jjason3/OneDrive - Georgia Institute of Technology/USGS_GW_data/CA_GW_IV/well_323808117060401_018S002W05J001S_ALL_IV_72019.csv,well_323808117060401_018S002W05J001S_ALL_IV_72019.csv
/Users/jjason3/OneDrive - Georgia Institute of Technology/USGS_GW_data/CA_GW_IV/well_373745118554002_004S028E06L002M_ALL_IV_72019.csv,well_373745118554002_004S028E06L002M_ALL_IV_72019.csv
/Users/jjason3/OneDrive - Georgia Institute of Technology/USGS_GW_data/CA_GW_IV/well_323527117050001_018S002W22E003S_ALL_IV_72019.csv,well_323527117050001_018S002W22E003S_ALL_IV_72019.csv
/Users/jjason3/OneDrive - Georgia Institute of Technology/USGS_GW_data/CA_GW_IV/well_340414117190201_001S004W20H001S_ALL_IV_72019.csv,well_340414117190201_001S004W20H001S_ALL_IV_72019.csv
/Users/jjason3/OneDrive - Georgia Institute of Technology/USGS_GW_data/CA_GW_IV/well_340541117074401_001S002W07Q001S_ALL_IV_72019.csv,well_340541117074401_001S002W07Q001S_ALL_IV_72019.csv
/Users/jjason3/OneDrive - Georgia Institute of Technology/USGS_GW_data/CA_GW_IV/well_324055117064403_017S002W20F003S_ALL_IV_72019.csv,well_324055117064403_017S002W20F003S_ALL_IV_72019.csv
/Users/jjason3/OneDrive - Georgia Institute of Technology/USGS_GW_data/CA_GW_IV/well_352806116462101_016N002E16P001S_ALL_IV_72019.csv,well_352806116462101_016N002E16P001S_ALL_IV_72019.csv
/Users/jjason3/OneDrive - Georgia Institute of Technology/USGS_GW_data/CA_GW_IV/well_335611116553804_003S001E06M005S_ALL_IV_72019.csv,well_335611116553804_003S001E06M005S_ALL_IV_72019.csv
/Users/jjason3/OneDrive - Georgia Institute of Technology/USGS_GW_data/CA_GW_IV/well_323915117055301_017S002W33D001S_ALL_IV_72019.csv,well_323915117055301_017S002W33D001S_ALL_IV_72019.csv
/Users/jjason3/OneDrive - Georgia Institute of Technology/USGS_GW_data/CA_GW_IV/well_340521117212005_001S005W13B005S_ALL_IV_72019.csv,well_340521117212005_001S005W13B005S_ALL_IV_72019.csv
/Users/jjason3/OneDrive - Georgia Institute of Technology/USGS_GW_data/CA_GW_IV/well_343947118233501_007N014W29M001S_ALL_IV_72019.csv,well_343947118233501_007N014W29M001S_ALL_IV_72019.csv
/Users/jjason3/OneDrive - Georgia Institute of Technology/USGS_GW_data/CA_GW_IV/well_340541117074402_001S002W07Q002S_ALL_IV_72019.csv,well_340541117074402_001S002W07Q002S_ALL_IV_72019.csv
/Users/jjason3/OneDrive - Georgia Institute of Technology/USGS_GW_data/CA_GW_IV/well_340414117190202_001S004W20H002S_ALL_IV_72019.csv,well_340414117190202_001S004W20H002S_ALL_IV_72019.csv
/Users/jjason3/OneDrive - Georgia Institute of Technology/USGS_GW_data/CA_GW_IV/well_340804117221603_001N005W35B003S_ALL_IV_72019.csv,well_340804117221603_001N005W35B003S_ALL_IV_72019.csv
/Users/jjason3/OneDrive - Georgia Institute of Technology/USGS_GW_data/CA_GW_IV/well_373745118554001_004S028E06L001M_ALL_IV_72019.csv,well_373745118554001_004S028E06L001M_ALL_IV_72019.csv
/Users/jjason3/OneDrive - Georgia Institute of Technology/USGS_GW_data/CA_GW_IV/well_323808117060402_018S002W05J002S_ALL_IV_72019.csv,well_323808117060402_018S002W05J002S_ALL_IV_72019.csv
/Users/jjason3/OneDrive - Georgia Institute of Technology/USGS_GW_data/CA_GW_IV/well_351716116363704_014N003E24Q004S_ALL_IV_72019.csv,well_351716116363704_014N003E24Q004S_ALL_IV_72019.csv
/Users/jjason3/OneDrive - Georgia Institute of Technology/USGS_GW_data/CA_GW_IV/well_352806116462102_016N002E16P002S_ALL_IV_72019.csv,well_352806116462102_016N002E16P002S_ALL_IV_72019.csv
/Users/jjason3/OneDrive - Georgia Institute of Technology/USGS_GW_data/CA_GW_IV/well_351809116375901_014N003E14P002S_ALL_IV_72019.csv,well_351809116375901_014N003E14P002S_ALL_IV_72019.csv
/Users/jjason3/OneDrive - Georgia Institute of Technology/USGS_GW_data/CA_GW_IV/well_323915117055302_017S002W33D002S_ALL_IV_72019.csv,well_323915117055302_017S002W33D002S_ALL_IV_72019.csv
/Users/jjason3/OneDrive - Georgia Institute of Technology/USGS_GW_data/CA_GW_IV/well_343945118233901_007N014W29N001S_ALL_IV_72019.csv,well_343945118233901_007N014W29N001S_ALL_IV_72019.csv
/Users/jjason3/OneDrive - Georgia Institute of Technology/USGS_GW_data/CA_GW_IV/well_383930122494801_009N009W02F001M_ALL_IV_72019.csv,well_383930122494801_009N009W02F001M_ALL_IV_72019.csv
/Users/jjason3/OneDrive - Georgia Institute of Technology/USGS_GW_data/CA_GW_IV/well_341800116121201_003N007E36L001S_ALL_IV_72019.csv,well_341800116121201_003N007E36L001S_ALL_IV_72019.csv
/Users/jjason3/OneDrive - Georgia Institute of Technology/USGS_GW_data/CA_GW_IV/well_373859118575601_003S027E35C003M_ALL_IV_72019.csv,well_373859118575601_003S027E35C003M_ALL_IV_72019.csv
/Users/jjason3/OneDrive - Georgia Institute of Technology/USGS_GW_data/CA_GW_IV/well_363032121080401_016S008E29M001M_ALL_IV_72019.csv,well_363032121080401_016S008E29M001M_ALL_IV_72019.csv
/Users/jjason3/OneDrive - Georgia Institute of Technology/USGS_GW_data/CA_GW_IV/well_333001117005704_008S001W06R004S_ALL_IV_72019.csv,well_333001117005704_008S001W06R004S_ALL_IV_72019.csv
/Users/jjason3/OneDrive - Georgia Institute of Technology/USGS_GW_data/CA_GW_IV/well_335513116490601_003S002E07P001S_ALL_IV_72019.csv,well_335513116490601_003S002E07P001S_ALL_IV_72019.csv
/Users/jjason3/OneDrive - Georgia Institute of Technology/USGS_GW_data/CA_GW_IV/well_335531116510403_003S001E11F003S_ALL_IV_72019.csv,well_335531116510403_003S001E11F003S_ALL_IV_72019.csv
/Users/jjason3/OneDrive - Georgia Institute of Technology/USGS_GW_data/CA_GW_IV/well_362854121094501_017S007E01F001M_ALL_IV_72019.csv,well_362854121094501_017S007E01F001M_ALL_IV_72019.csv
/Users/jjason3/OneDrive - Georgia Institute of Technology/USGS_GW_data/CA_GW_IV/well_332819117070602_008S002W19A002S_ALL_IV_72019.csv,well_332819117070602_008S002W19A002S_ALL_IV_72019.csv
/Users/jjason3/OneDrive - Georgia Institute of Technology/USGS_GW_data/CA_GW_IV/well_323314117033901_019S002W02C004S_ALL_IV_72019.csv,well_323314117033901_019S002W02C004S_ALL_IV_72019.csv
/Users/jjason3/OneDrive - Georgia Institute of Technology/USGS_GW_data/CA_GW_IV/well_341800116121202_003N007E36L002S_ALL_IV_72019.csv,well_341800116121202_003N007E36L002S_ALL_IV_72019.csv
/Users/jjason3/OneDrive - Georgia Institute of Technology/USGS_GW_data/CA_GW_IV/well_340606117223804_001S005W11F004S_ALL_IV_72019.csv,well_340606117223804_001S005W11F004S_ALL_IV_72019.csv
/Users/jjason3/OneDrive - Georgia Institute of Technology/USGS_GW_data/CA_GW_IV/well_344532120233902_008N033W19K003S_ALL_IV_72019.csv,well_344532120233902_008N033W19K003S_ALL_IV_72019.csv
/Users/jjason3/OneDrive - Georgia Institute of Technology/USGS_GW_data/CA_GW_IV/well_340508117163303_001S004W14E010S_ALL_IV_72019.csv,well_340508117163303_001S004W14E010S_ALL_IV_72019.csv
/Users/jjason3/OneDrive - Georgia Institute of Technology/USGS_GW_data/CA_GW_IV/well_335513116490602_003S002E07P002S_ALL_IV_72019.csv,well_335513116490602_003S002E07P002S_ALL_IV_72019.csv
/Users/jjason3/OneDrive - Georgia Institute of Technology/USGS_GW_data/CA_GW_IV/well_341741116132501_002N007E02C001S_ALL_IV_72019.csv,well_341741116132501_002N007E02C001S_ALL_IV_72019.csv
/Users/jjason3/OneDrive - Georgia Institute of Technology/USGS_GW_data/CA_GW_IV/well_332819117070601_008S002W19A001S_ALL_IV_72019.csv,well_332819117070601_008S002W19A001S_ALL_IV_72019.csv
/Users/jjason3/OneDrive - Georgia Institute of Technology/USGS_GW_data/CA_GW_IV/well_323302117062001_019S002W05G019S_ALL_IV_72019.csv,well_323302117062001_019S002W05G019S_ALL_IV_72019.csv
/Users/jjason3/OneDrive - Georgia Institute of Technology/USGS_GW_data/CA_GW_IV/well_344622120254301_008N034W14L002S_ALL_IV_72019.csv,well_344622120254301_008N034W14L002S_ALL_IV_72019.csv
/Users/jjason3/OneDrive - Georgia Institute of Technology/USGS_GW_data/CA_GW_IV/well_324116117050805_017S002W16Q013S_ALL_IV_72019.csv,well_324116117050805_017S002W16Q013S_ALL_IV_72019.csv
/Users/jjason3/OneDrive - Georgia Institute of Technology/USGS_GW_data/CA_GW_IV/well_353229119050604_027S027E32A004M_ALL_IV_72019.csv,well_353229119050604_027S027E32A004M_ALL_IV_72019.csv
/Users/jjason3/OneDrive - Georgia Institute of Technology/USGS_GW_data/CA_GW_IV/well_340142118280601_002S015W05H002S_ALL_IV_72019.csv,well_340142118280601_002S015W05H002S_ALL_IV_72019.csv
/Users/jjason3/OneDrive - Georgia Institute of Technology/USGS_GW_data/CA_GW_IV/well_324307117063505_017S002W05Q005S_ALL_IV_72019.csv,well_324307117063505_017S002W05Q005S_ALL_IV_72019.csv
/Users/jjason3/OneDrive - Georgia Institute of Technology/USGS_GW_data/CA_GW_IV/well_340439117173904_001S004W22D004S_ALL_IV_72019.csv,well_340439117173904_001S004W22D004S_ALL_IV_72019.csv
/Users/jjason3/OneDrive - Georgia Institute of Technology/USGS_GW_data/CA_GW_IV/well_415546121205401_47_00N_05_00E_12F01M_ALL_IV_72019.csv,well_415546121205401_47_00N_05_00E_12F01M_ALL_IV_72019.csv
/Users/jjason3/OneDrive - Georgia Institute of Technology/USGS_GW_data/CA_GW_IV/well_340136117033902_002S002W02F003S_ALL_IV_72019.csv,well_340136117033902_002S002W02F003S_ALL_IV_72019.csv
/Users/jjason3/OneDrive - Georgia Institute of Technology/USGS_GW_data/CA_GW_IV/well_340716117230601_001S005W03A003S_ALL_IV_72019.csv,well_340716117230601_001S005W03A003S_ALL_IV_72019.csv
/Users/jjason3/OneDrive - Georgia Institute of Technology/USGS_GW_data/CA_GW_IV/well_324307117063506_017S002W05Q006S_ALL_IV_72019.csv,well_324307117063506_017S002W05Q006S_ALL_IV_72019.csv
/Users/jjason3/OneDrive - Georgia Institute of Technology/USGS_GW_data/CA_GW_IV/well_340130117054904_002S002W04L005S_ALL_IV_72019.csv,well_340130117054904_002S002W04L005S_ALL_IV_72019.csv
/Users/jjason3/OneDrive - Georgia Institute of Technology/USGS_GW_data/CA_GW_IV/well_340521117212002_001S005W13B002S_ALL_IV_72019.csv,well_340521117212002_001S005W13B002S_ALL_IV_72019.csv
/Users/jjason3/OneDrive - Georgia Institute of Technology/USGS_GW_data/CA_GW_IV/well_415104121232901_46_00N_05_00E_03P01M_ALL_IV_72019.csv,well_415104121232901_46_00N_05_00E_03P01M_ALL_IV_72019.csv
/Users/jjason3/OneDrive - Georgia Institute of Technology/USGS_GW_data/CA_GW_IV/well_324055117064404_017S002W20F004S_ALL_IV_72019.csv,well_324055117064404_017S002W20F004S_ALL_IV_72019.csv
/Users/jjason3/OneDrive - Georgia Institute of Technology/USGS_GW_data/CA_GW_IV/well_340433117171203_001S004W22B011S_ALL_IV_72019.csv,well_340433117171203_001S004W22B011S_ALL_IV_72019.csv
/Users/jjason3/OneDrive - Georgia Institute of Technology/USGS_GW_data/CA_GW_IV/well_333319116430701_007S002E13R001S_ALL_IV_72019.csv,well_333319116430701_007S002E13R001S_ALL_IV_72019.csv
/Users/jjason3/OneDrive - Georgia Institute of Technology/USGS_GW_data/CA_GW_IV/well_323808117060406_018S002W05J006S_ALL_IV_72019.csv,well_323808117060406_018S002W05J006S_ALL_IV_72019.csv
/Users/jjason3/OneDrive - Georgia Institute of Technology/USGS_GW_data/CA_GW_IV/well_340541117074406_001S002W07Q006S_ALL_IV_72019.csv,well_340541117074406_001S002W07Q006S_ALL_IV_72019.csv
/Users/jjason3/OneDrive - Georgia Institute of Technology/USGS_GW_data/CA_GW_IV/well_323915117055305_017S002W33D005S_ALL_IV_72019.csv,well_323915117055305_017S002W33D005S_ALL_IV_72019.csv
/Users/jjason3/OneDrive - Georgia Institute of Technology/USGS_GW_data/CA_GW_IV/well_340521117212001_001S005W13B001S_ALL_IV_72019.csv,well_340521117212001_001S005W13B001S_ALL_IV_72019.csv
/Users/jjason3/OneDrive - Georgia Institute of Technology/USGS_GW_data/CA_GW_IV/well_351716116363703_014N003E24Q003S_ALL_IV_72019.csv,well_351716116363703_014N003E24Q003S_ALL_IV_72019.csv
/Users/jjason3/OneDrive - Georgia Institute of Technology/USGS_GW_data/CA_GW_IV/well_381239119165601_109_N04_E24_13BBDD1_ALL_IV_72019.csv,well_381239119165601_109_N04_E24_13BBDD1_ALL_IV_72019.csv
/Users/jjason3/OneDrive - Georgia Institute of Technology/USGS_GW_data/CA_GW_IV/well_352530116503601_016N001E35P001S_ALL_IV_72019.csv,well_352530116503601_016N001E35P001S_ALL_IV_72019.csv
/Users/jjason3/OneDrive - Georgia Institute of Technology/USGS_GW_data/CA_GW_IV/well_340541117074405_001S002W07Q005S_ALL_IV_72019.csv,well_340541117074405_001S002W07Q005S_ALL_IV_72019.csv
/Users/jjason3/OneDrive - Georgia Institute of Technology/USGS_GW_data/CA_GW_IV/well_323808117060405_018S002W05J005S_ALL_IV_72019.csv,well_323808117060405_018S002W05J005S_ALL_IV_72019.csv
/Users/jjason3/OneDrive - Georgia Institute of Technology/USGS_GW_data/CA_GW_IV/well_340414117190205_001S004W20H005S_ALL_IV_72019.csv,well_340414117190205_001S004W20H005S_ALL_IV_72019.csv
/Users/jjason3/OneDrive - Georgia Institute of Technology/USGS_GW_data/CA_GW_IV/well_340804117221604_001N005W35B004S_ALL_IV_72019.csv,well_340804117221604_001N005W35B004S_ALL_IV_72019.csv
/Users/jjason3/OneDrive - Georgia Institute of Technology/USGS_GW_data/CA_GW_IV/well_323527117050005_018S002W22E007S_ALL_IV_72019.csv,well_323527117050005_018S002W22E007S_ALL_IV_72019.csv
/Users/jjason3/OneDrive - Georgia Institute of Technology/USGS_GW_data/CA_GW_IV/well_335838116582504_002S001W22P006S_ALL_IV_72019.csv,well_335838116582504_002S001W22P006S_ALL_IV_72019.csv
/Users/jjason3/OneDrive - Georgia Institute of Technology/USGS_GW_data/CA_GW_IV/well_333315116405301_007S003E21D005S_ALL_IV_72019.csv,well_333315116405301_007S003E21D005S_ALL_IV_72019.csv
/Users/jjason3/OneDrive - Georgia Institute of Technology/USGS_GW_data/CA_GW_IV/well_344327114313001_007N023E01K001S_ALL_IV_72019.csv,well_344327114313001_007N023E01K001S_ALL_IV_72019.csv
/Users/jjason3/OneDrive - Georgia Institute of Technology/USGS_GW_data/CA_GW_IV/well_353049119434105_028S021E08A005M_ALL_IV_72019.csv,well_353049119434105_028S021E08A005M_ALL_IV_72019.csv
/Users/jjason3/OneDrive - Georgia Institute of Technology/USGS_GW_data/CA_GW_IV/well_354048119445002_026S021E07J002M_ALL_IV_72019.csv,well_354048119445002_026S021E07J002M_ALL_IV_72019.csv
/Users/jjason3/OneDrive - Georgia Institute of Technology/USGS_GW_data/CA_GW_IV/well_340716117230602_001S005W03A004S_ALL_IV_72019.csv,well_340716117230602_001S005W03A004S_ALL_IV_72019.csv
/Users/jjason3/OneDrive - Georgia Institute of Technology/USGS_GW_data/CA_GW_IV/well_341826116164501_003N007E32D001S_ALL_IV_72019.csv,well_341826116164501_003N007E32D001S_ALL_IV_72019.csv
/Users/jjason3/OneDrive - Georgia Institute of Technology/USGS_GW_data/CA_GW_IV/well_335525116410203_003S003E09M003S_ALL_IV_72019.csv,well_335525116410203_003S003E09M003S_ALL_IV_72019.csv
/Users/jjason3/OneDrive - Georgia Institute of Technology/USGS_GW_data/CA_GW_IV/well_352450116421103_015N003E06L003S_ALL_IV_72019.csv,well_352450116421103_015N003E06L003S_ALL_IV_72019.csv
/Users/jjason3/OneDrive - Georgia Institute of Technology/USGS_GW_data/CA_GW_IV/well_323313117033903_019S002W02C009S_ALL_IV_72019.csv,well_323313117033903_019S002W02C009S_ALL_IV_72019.csv
/Users/jjason3/OneDrive - Georgia Institute of Technology/USGS_GW_data/CA_GW_IV/well_354048119445001_026S021E07J001M_ALL_IV_72019.csv,well_354048119445001_026S021E07J001M_ALL_IV_72019.csv
/Users/jjason3/OneDrive - Georgia Institute of Technology/USGS_GW_data/CA_GW_IV/well_323932117050801_017S002W28R004S_ALL_IV_72019.csv,well_323932117050801_017S002W28R004S_ALL_IV_72019.csv
/Users/jjason3/OneDrive - Georgia Institute of Technology/USGS_GW_data/CA_GW_IV/well_343946118234201_007N014W30R001S_ALL_IV_72019.csv,well_343946118234201_007N014W30R001S_ALL_IV_72019.csv
/Users/jjason3/OneDrive - Georgia Institute of Technology/USGS_GW_data/CA_GW_IV/well_340316117174101_001S004W27M001S_ALL_IV_72019.csv,well_340316117174101_001S004W27M001S_ALL_IV_72019.csv
/Users/jjason3/OneDrive - Georgia Institute of Technology/USGS_GW_data/CA_GW_IV/well_324307117063502_017S002W05Q002S_ALL_IV_72019.csv,well_324307117063502_017S002W05Q002S_ALL_IV_72019.csv
/Users/jjason3/OneDrive - Georgia Institute of Technology/USGS_GW_data/CA_GW_IV/well_340555117161206_001S004W11K007S_ALL_IV_72019.csv,well_340555117161206_001S004W11K007S_ALL_IV_72019.csv
/Users/jjason3/OneDrive - Georgia Institute of Technology/USGS_GW_data/CA_GW_IV/well_340800117235901_001N005W34D001S_ALL_IV_72019.csv,well_340800117235901_001N005W34D001S_ALL_IV_72019.csv
/Users/jjason3/OneDrive - Georgia Institute of Technology/USGS_GW_data/CA_GW_IV/well_340716117230605_001S005W03A007S_ALL_IV_72019.csv,well_340716117230605_001S005W03A007S_ALL_IV_72019.csv
/Users/jjason3/OneDrive - Georgia Institute of Technology/USGS_GW_data/CA_GW_IV/well_353229119050603_027S027E32A003M_ALL_IV_72019.csv,well_353229119050603_027S027E32A003M_ALL_IV_72019.csv
/Users/jjason3/OneDrive - Georgia Institute of Technology/USGS_GW_data/CA_GW_IV/well_333156116415202_007S003E29M003S_ALL_IV_72019.csv,well_333156116415202_007S003E29M003S_ALL_IV_72019.csv
/Users/jjason3/OneDrive - Georgia Institute of Technology/USGS_GW_data/CA_GW_IV/well_340316117174102_001S004W27M002S_ALL_IV_72019.csv,well_340316117174102_001S004W27M002S_ALL_IV_72019.csv
/Users/jjason3/OneDrive - Georgia Institute of Technology/USGS_GW_data/CA_GW_IV/well_340800117235902_001N005W34D002S_ALL_IV_72019.csv,well_340800117235902_001N005W34D002S_ALL_IV_72019.csv
/Users/jjason3/OneDrive - Georgia Institute of Technology/USGS_GW_data/CA_GW_IV/well_324307117063501_017S002W05Q001S_ALL_IV_72019.csv,well_324307117063501_017S002W05Q001S_ALL_IV_72019.csv
/Users/jjason3/OneDrive - Georgia Institute of Technology/USGS_GW_data/CA_GW_IV/well_332819117070605_008S002W19A005S_ALL_IV_72019.csv,well_332819117070605_008S002W19A005S_ALL_IV_72019.csv
/Users/jjason3/OneDrive - Georgia Institute of Technology/USGS_GW_data/CA_GW_IV/well_335531116510404_003S001E11F004S_ALL_IV_72019.csv,well_335531116510404_003S001E11F004S_ALL_IV_72019.csv
/Users/jjason3/OneDrive - Georgia Institute of Technology/USGS_GW_data/CA_GW_IV/well_340408117165303_001S004W22J003S_ALL_IV_72019.csv,well_340408117165303_001S004W22J003S_ALL_IV_72019.csv
/Users/jjason3/OneDrive - Georgia Institute of Technology/USGS_GW_data/CA_GW_IV/well_351514116401403_013N003E04C003S_ALL_IV_72019.csv,well_351514116401403_013N003E04C003S_ALL_IV_72019.csv
/Users/jjason3/OneDrive - Georgia Institute of Technology/USGS_GW_data/CA_GW_IV/well_333001117005703_008S001W06R003S_ALL_IV_72019.csv,well_333001117005703_008S001W06R003S_ALL_IV_72019.csv
/Users/jjason3/OneDrive - Georgia Institute of Technology/USGS_GW_data/CA_GW_IV/well_362951121082901_016S008E31G001M_ALL_IV_72019.csv,well_362951121082901_016S008E31G001M_ALL_IV_72019.csv
/Users/jjason3/OneDrive - Georgia Institute of Technology/USGS_GW_data/CA_GW_IV/well_351336116254902_013N005E10R003S_ALL_IV_72019.csv,well_351336116254902_013N005E10R003S_ALL_IV_72019.csv
/Users/jjason3/OneDrive - Georgia Institute of Technology/USGS_GW_data/CA_GW_IV/well_340248117020901_001S002W36A002S_ALL_IV_72019.csv,well_340248117020901_001S002W36A002S_ALL_IV_72019.csv
/Users/jjason3/OneDrive - Georgia Institute of Technology/USGS_GW_data/CA_GW_IV/well_361334120035101_020S018E06D001M_ALL_IV_72019.csv,well_361334120035101_020S018E06D001M_ALL_IV_72019.csv
/Users/jjason3/OneDrive - Georgia Institute of Technology/USGS_GW_data/CA_GW_IV/well_363058121080901_016S008E30A001M_ALL_IV_72019.csv,well_363058121080901_016S008E30A001M_ALL_IV_72019.csv
/Users/jjason3/OneDrive - Georgia Institute of Technology/USGS_GW_data/CA_GW_IV/well_332819117070606_008S002W19A006S_ALL_IV_72019.csv,well_332819117070606_008S002W19A006S_ALL_IV_72019.csv
/Users/jjason3/OneDrive - Georgia Institute of Technology/USGS_GW_data/CA_GW_IV/well_330514116582901_012S001W34L002S_ALL_IV_72019.csv,well_330514116582901_012S001W34L002S_ALL_IV_72019.csv
/Users/jjason3/OneDrive - Georgia Institute of Technology/USGS_GW_data/CA_GW_IV/well_340606117223803_001S005W11F003S_ALL_IV_72019.csv,well_340606117223803_001S005W11F003S_ALL_IV_72019.csv
/Users/jjason3/OneDrive - Georgia Institute of Technology/USGS_GW_data/CA_GW_IV/well_390751120091110_NS3_1_Piezo_ALL_IV_72019.csv,well_390751120091110_NS3_1_Piezo_ALL_IV_72019.csv
/Users/jjason3/OneDrive - Georgia Institute of Technology/USGS_GW_data/CA_GW_IV/well_343944118231601_007N014W29P001S_ALL_IV_72019.csv,well_343944118231601_007N014W29P001S_ALL_IV_72019.csv
/Users/jjason3/OneDrive - Georgia Institute of Technology/USGS_GW_data/CA_GW_IV/well_323233117015201_019S001W06N002S_ALL_IV_72019.csv,well_323233117015201_019S001W06N002S_ALL_IV_72019.csv
/Users/jjason3/OneDrive - Georgia Institute of Technology/USGS_GW_data/CA_GW_IV/well_351226116380401_013N003E23F001S_ALL_IV_72019.csv,well_351226116380401_013N003E23F001S_ALL_IV_72019.csv
/Users/jjason3/OneDrive - Georgia Institute of Technology/USGS_GW_data/CA_GW_IV/well_323527117050002_018S002W22E004S_ALL_IV_72019.csv,well_323527117050002_018S002W22E004S_ALL_IV_72019.csv
/Users/jjason3/OneDrive - Georgia Institute of Technology/USGS_GW_data/CA_GW_IV/well_340633117174005_001S004W03N005S_ALL_IV_72019.csv,well_340633117174005_001S004W03N005S_ALL_IV_72019.csv
