epoch,timestamp,elapsed_time,total_loss,pde_loss,surf_loss,wt_head_loss,wt_kin_loss,ic_h_loss,ic_zb_loss,pde_grad,surf_grad,wt_head_grad,wt_kin_grad,ic_h_grad,ic_zb_grad,total_grad,pde_weight,surf_weight,wt_head_weight,wt_kin_weight,ic_h_weight,ic_zb_weight,cache_mean_residual,cache_max_residual,cache_std_residual,learning_rate,epoch_time
0,2025-09-25T00:25:20.304959,0.2532951831817627,0.6600819826126099,7.43167310866431e-15,1.0149296680861397e-10,0.05359571427106857,2.7549912351432226e-10,0.5704168081283569,0.03606947511434555,2.9432550828554395e-15,1.102833828751702e-11,1.065246581576403,4.719877288963357e-11,2.5676740798151854,0.3305279510814454,3.4107008506644663,1.0,1.0,1.0,1.0,1.0,1.0,7.646237776270937e-08,1.0321358701048666e-07,4.30490807445949e-08,0.001,0.19927406311035156
49,2025-09-25T00:25:21.769725,1.7180609703063965,0.10507193952798843,1.6965841234607877e-14,8.675393736723436e-11,0.009034992195665836,2.3814863969739974e-10,0.08095678687095642,0.015080159530043602,1.4381280972956953e-12,1.776133041643223e-10,0.1008836331782309,4.359114044407952e-10,0.3139436215422248,0.17818634693825647,0.25693302723478934,1.0,1.0,1.0,1.0,1.0,1.0,7.646237776270937e-08,1.0321358701048666e-07,4.30490807445949e-08,0.001,0.03367185592651367
99,2025-09-25T00:25:23.092819,3.0411550998687744,0.11637426167726517,7.387719721998337e-14,7.180610273049837e-11,0.005760601256042719,2.0506023268307416e-10,0.09488967806100845,0.015723980963230133,1.313469650050459e-11,5.208859459896067e-10,0.1523999707540513,1.3250392730838162e-09,0.2552906545491976,0.18124027457165223,0.12109596679917828,1.0,1.0,1.0,1.0,1.0,1.0,7.646237776270937e-08,1.0321358701048666e-07,4.30490807445949e-08,0.001,0.024799108505249023
149,2025-09-25T00:25:24.699807,4.64814305305481,0.0906083881855011,2.5763831172642693e-13,1.5421765253709196e-10,0.0027125102933496237,4.6104053907924936e-10,0.07494158297777176,0.012954290956258774,7.045901449821302e-11,1.1620559055797869e-09,0.037683934358816396,1.7007553990481302e-09,0.3242355056856914,0.15592520331006868,0.27340867991155793,2.0,2.0,0.9330329923480316,2.0,0.8861188954826604,0.9170014407898615,7.646237776270937e-08,1.0321358701048666e-07,4.30490807445949e-08,0.001,0.025111913681030273
199,2025-09-25T00:25:26.053785,6.002121210098267,0.07891301810741425,6.031555463414939e-13,1.522320602909133e-10,0.0032096882350742817,4.595078206826031e-10,0.06249435991048813,0.013208968564867973,1.6449198830507406e-10,8.192335751390779e-10,0.08059524870415673,1.4431789246897426e-09,0.2592021719238213,0.1565027676273874,0.20866448402073007,2.0,2.0,0.9330329923480316,2.0,0.8861188954826604,0.9170014407898615,7.646237776270937e-08,1.0321358701048666e-07,4.30490807445949e-08,0.001,0.025470972061157227
249,2025-09-25T00:25:27.504255,7.452591180801392,0.08325039595365524,2.8187695233494736e-12,2.3404697624407333e-10,0.002685095649212599,8.036294962820989e-10,0.0704827606678009,0.01008253637701273,9.437127324023199e-10,3.0746343080701303e-09,0.06195619042620528,7.588094407903828e-09,0.3742064541853822,0.12931913767690165,0.35931948314289813,4.0,4.0,0.8705505648544295,4.0,0.7813066288757955,0.837993968156488,7.646237776270937e-08,1.0321358701048666e-07,4.30490807445949e-08,0.001,0.0257570743560791
299,2025-09-25T00:25:28.776759,8.725095272064209,0.0598314069211483,4.205961967596039e-12,1.7699137988547164e-10,0.0016754398820921779,6.437699262562546e-10,0.04924328625202179,0.008912678807973862,1.6056150683281826e-09,3.036867325948559e-09,0.10648254078860288,1.0824270063106562e-08,1.0937982485494484,0.12085286996617062,1.1035363530371436,4.0,4.0,0.8705505648544295,4.0,0.7813066288757955,0.837993968156488,7.646237776270937e-08,1.0321358701048666e-07,4.30490807445949e-08,0.001,0.02644205093383789
349,2025-09-25T00:25:30.049692,9.998028039932251,0.033559463918209076,8.787215746708377e-12,2.761521566974068e-10,0.0043129026889801025,8.892647174185697e-10,0.02398264780640602,0.005263912491500378,3.950355562570288e-09,3.43583568381587e-09,1.0116598348579446,2.0737567100481425e-08,0.09653770113118572,0.087747509221916,1.012643817947591,7.999999999999998,7.999999999999998,0.8122523991236171,7.999999999999998,0.6678265207982947,0.7662452789066465,7.646237776270937e-08,1.0321358701048666e-07,4.30490807445949e-08,0.001,0.02712392807006836
399,2025-09-25T00:25:31.436310,11.38464617729187,0.014773422852158546,1.6267428376570692e-11,2.0470324046950594e-10,0.0033390207681804895,8.934977757668605e-10,0.008781146258115768,0.0026532539632171392,2.739418477345277e-08,7.819639010688357e-09,1.360533329520034,3.499126866444578e-09,0.21992733595597064,0.06230197435418959,1.3396528875280205,7.999999999999998,7.999999999999998,0.8122523991236171,7.999999999999998,0.6678265207982947,0.7662452789066465,7.646237776270937e-08,1.0321358701048666e-07,4.30490807445949e-08,0.001,0.02538919448852539
449,2025-09-25T00:25:32.787324,12.735660076141357,0.011000857688486576,2.2511213379483586e-11,2.993665593198358e-10,0.003944046795368195,1.3251025832161645e-09,0.006241184659302235,0.0008156240219250321,3.006348455580983e-08,1.3374181359443038e-08,1.8109700989613848,7.594550836427797e-09,1.5818360622647656,0.03353800766731223,2.228958960283155,15.999999999999998,15.999999999999998,0.7218975247704718,15.999999999999998,0.5807128491842202,0.7149321261127818,7.646237776270937e-08,1.0321358701048666e-07,4.30490807445949e-08,0.001,0.026297807693481445
499,2025-09-25T00:25:34.043822,13.99215817451477,0.0023985239677131176,2.6889759516257605e-11,2.3139096194668696e-10,0.0012385528534650803,1.1327547788653192e-09,0.0009589371620677412,0.00020103254064451903,6.023470039795448e-08,7.558577001851555e-09,0.3883901373936233,2.769447073481374e-08,0.43571925033096703,0.016750316034004818,0.6631775549640488,15.999999999999998,15.999999999999998,0.7218975247704718,15.999999999999998,0.5807128491842202,0.7149321261127818,7.646237776270937e-08,1.0321358701048666e-07,4.30490807445949e-08,0.001,0.025279998779296875
549,2025-09-25T00:25:35.470160,15.418495893478394,0.0015415368834510446,3.700480200041767e-11,4.490667282475158e-10,0.001216578297317028,2.2197406135404663e-09,0.0002733191358856857,5.163681271369569e-05,3.9411442159705816e-08,1.7000205476157142e-08,0.958642379545287,1.909100673243805e-08,0.14315380914281667,0.008228320140930027,0.9464555370625763,32.0,32.0,0.6326509296286865,32.0,0.4986187268179515,0.6670552642828244,7.45111890410044e-07,2.9497017749235965e-05,1.1635197552095633e-06,0.001,0.02694988250732422
599,2025-09-25T00:25:36.758257,16.70659303665161,0.0011543728178367019,4.102967618435649e-11,4.791783081437018e-10,0.0010206949664279819,2.0071371231722424e-09,0.00011320367775624618,2.0471770767471753e-05,2.4645648578774706e-08,1.3726613039677923e-08,0.7845699417710387,1.5084052876271333e-07,0.0627245737572782,0.005188873984508806,0.7942184871956686,32.0,32.0,0.6326509296286865,32.0,0.4986187268179515,0.6670552642828244,7.45111890410044e-07,2.9497017749235965e-05,1.1635197552095633e-06,0.001,0.03130388259887695
649,2025-09-25T00:25:38.204203,18.152539014816284,0.0007250717608258128,2.3028699780436312e-10,7.814417446461164e-10,0.0006550424732267857,3.5813536580775462e-09,6.136247247923166e-05,8.662213986099232e-06,3.675156873877128e-07,2.127540212780534e-08,0.508603619980312,2.5526885528511056e-07,0.14392518028363016,0.0032628488174842665,0.5483663076588755,63.99999999999998,63.99999999999998,0.5396264848180281,63.99999999999998,0.4274249021948053,0.622384577879833,7.45111890410044e-07,2.9497017749235965e-05,1.1635197552095633e-06,0.001,0.02636885643005371
699,2025-09-25T00:25:39.493193,19.441529035568237,0.0006813655490987003,1.0991948323768597e-10,9.373146703239854e-10,0.0006450125365518034,4.358311489482958e-09,3.337910311529413e-05,2.968451326523791e-06,1.314820180031218e-07,2.6622452558500253e-08,0.457165449286034,3.204427916502556e-07,0.11524773086564823,0.0019108482232319945,0.48151664755753626,63.99999999999998,63.99999999999998,0.5396264848180281,63.99999999999998,0.4274249021948053,0.622384577879833,7.45111890410044e-07,2.9497017749235965e-05,1.1635197552095633e-06,0.001,0.024899721145629883
749,2025-09-25T00:25:40.933409,20.881745100021362,0.0004466953396331519,3.044580698663424e-10,1.721666698095703e-09,0.00042227032827213407,8.610986590440461e-09,2.311211392225232e-05,1.3022477105550934e-06,3.9905049719694714e-07,6.144656155684664e-08,0.4427540539811758,1.7061372878452238e-07,0.09327499321481819,0.0012225094721620715,0.4679203826050233,127.99999999999997,127.99999999999997,0.4537477018966884,127.99999999999997,0.36497805014326384,0.5807053685875763,7.45111890410044e-07,2.9497017749235965e-05,1.1635197552095633e-06,0.001,0.2001960277557373
799,2025-09-25T00:25:42.358629,22.306965351104736,0.0005404110997915268,2.130454979099028e-10,1.8255672529221556e-09,0.00047264614840969443,9.400832112760327e-09,6.635384488618001e-05,1.3996888128531282e-06,1.6612788386197918e-07,6.397215284072379e-08,0.5086251152847778,1.5672932587605345e-07,0.19970407775609808,0.001267344334224979,0.5789994906302911,127.99999999999997,127.99999999999997,0.4537477018966884,127.99999999999997,0.36497805014326384,0.5807053685875763,7.45111890410044e-07,2.9497017749235965e-05,1.1635197552095633e-06,0.001,0.025321245193481445
849,2025-09-25T00:25:43.622866,23.571202039718628,0.0002502871211618185,6.548866449129775e-10,4.145136234257052e-09,0.00023991196940187365,2.0732070282747372e-08,9.606835192244034e-06,7.42801660180703e-07,5.048650560781935e-07,1.431227073942493e-07,0.16545294707776753,4.95838519767163e-07,0.05938366311623505,0.0008918294585859434,0.18608174103897002,255.99999999999994,255.99999999999994,0.37575369266193875,255.99999999999994,0.30941096780125554,0.541817297473789,7.45111890410044e-07,2.9497017749235965e-05,1.1635197552095633e-06,0.001,0.02655172348022461
899,2025-09-25T00:25:44.877448,24.8257839679718,0.000216635424294509,1.137667182682378e-09,3.634972767230238e-09,0.000209707286558114,1.918949443791007e-08,6.601041604881175e-06,3.031317135082645e-07,2.456103006786882e-06,1.1523437187784215e-07,0.19470739674915502,3.2814408393047444e-07,0.0374776919768136,0.0005697569637915142,0.2054866433259735,255.99999999999994,255.99999999999994,0.37575369266193875,255.99999999999994,0.30941096780125554,0.541817297473789,7.45111890410044e-07,2.9497017749235965e-05,1.1635197552095633e-06,0.001,0.02973484992980957
949,2025-09-25T00:25:46.228399,26.176735162734985,0.0001437067548977211,1.7723632561583713e-09,7.2697150521605636e-09,0.00014109323092270643,3.4360006395672826e-08,2.355693823119509e-06,2.1444310505103203e-07,1.6805161592899683e-06,2.236756320181106e-07,0.10778681551938389,2.149047413525503e-06,0.0024345511995691343,0.00046285415406759116,0.10815028478283202,511.99999999999994,511.99999999999994,0.30935678042419773,511.99999999999994,0.2619351266730459,0.5055335585574342,7.45111890410044e-07,2.9497017749235965e-05,1.1635197552095633e-06,0.001,0.02389812469482422
999,2025-09-25T00:25:48.267067,28.215403079986572,0.00017990854394156486,1.5792996910235502e-09,7.679084035316919e-09,0.00016673716891091317,3.999847209001928e-08,1.2993451491638552e-05,1.286653201759691e-07,1.0832585857920468e-06,2.5988479222115076e-07,0.23390819572238164,4.378158217688419e-07,0.07317913288566368,0.00035854871238470964,0.2578615450063336,511.99999999999994,511.99999999999994,0.30935678042419773,511.99999999999994,0.2619351266730459,0.5055335585574342,7.45111890410044e-07,2.9497017749235965e-05,1.1635197552095633e-06,0.001,0.19084811210632324
1049,2025-09-25T00:25:49.743907,29.692243099212646,9.434839012101293e-05,2.3512043423323803e-09,1.540658622900537e-08,9.176717867376283e-05,7.154542203124947e-08,2.3398097255267203e-06,1.520966890211639e-07,2.9447860631498347e-06,5.077186517715507e-07,0.016726428580282015,3.476440031114319e-06,0.02644651686208055,0.00037653167191985585,0.028275221118378286,1024.0,1024.0,0.252835784508128,1024.0,0.22106504509084116,0.471679681610645,8.464855909551261e-07,4.5757271436741576e-05,1.5302780411730055e-06,0.001,0.024496078491210938
1099,2025-09-25T00:25:51.187372,31.13570809364319,8.742522913962603e-05,2.6939941388803845e-09,1.2937666937773429e-08,7.968304271344095e-05,6.685004905193637e-08,7.420964266202645e-06,2.387398865266732e-07,2.5378665945054818e-06,3.9262992321836205e-07,0.03720009187830336,1.6967201849160409e-06,0.04717040288480602,0.00047169926418363716,0.0690913246734217,1024.0,1024.0,0.252835784508128,1024.0,0.22106504509084116,0.471679681610645,8.464855909551261e-07,4.5757271436741576e-05,1.5302780411730055e-06,0.001,0.028189897537231445
1149,2025-09-25T00:25:52.454731,32.403067111968994,6.856068648630753e-05,4.113698715002556e-09,3.406694659702225e-08,6.643600499955937e-05,1.6602594143932947e-07,1.9101719317404786e-06,1.0302828812314146e-08,4.603012307147719e-06,1.1636372028556956e-06,0.05549686395032809,4.959623259519964e-06,0.00933268756407923,9.46749826158665e-05,0.05574621082707401,2048.0,2048.0,0.20639660446586516,2048.0,0.1861791741741247,0.4400930259002786,8.464855909551261e-07,4.5757271436741576e-05,1.5302780411730055e-06,0.001,0.024494171142578125
1199,2025-09-25T00:25:53.793850,33.742186307907104,6.019865395501256e-05,5.8666929092510145e-09,2.7731998031299554e-08,5.8548386732582e-05,1.3458678438382776e-07,1.4259803720051423e-06,5.609941666762097e-08,5.407441122362273e-06,8.757977786757397e-07,0.01138597833675357,8.047065628583457e-06,0.009857054388844747,0.00022089586268184705,0.01482180234704039,2048.0,2048.0,0.20639660446586516,2048.0,0.1861791741741247,0.4400930259002786,8.464855909551261e-07,4.5757271436741576e-05,1.5302780411730055e-06,0.001,0.02587413787841797
1249,2025-09-25T00:25:55.244641,35.1929771900177,4.994074333808385e-05,7.545800428943039e-09,6.177661759920738e-08,4.863461435888894e-05,3.005417283930001e-07,8.772757382757845e-07,5.8990213602783115e-08,3.3022671823852957e-06,1.8289709278169708e-06,0.019812065175778958,1.6925460440019128e-05,0.010115081752571723,0.00021879576890270006,0.021510558714424637,4095.999999999997,4095.999999999997,0.1684216537927482,4095.999999999997,0.15672571369938368,0.4106219246791476,8.464855909551261e-07,4.5757271436741576e-05,1.5302780411730055e-06,0.001,0.22363018989562988
1299,2025-09-25T00:25:56.527499,36.47583508491516,4.532496677711606e-05,9.82649517311529e-09,6.248075123949093e-08,4.381130202091299e-05,3.044695802145725e-07,1.1286505241514533e-06,8.235598869532623e-09,7.5551084068434425e-06,2.1537560485396407e-06,0.03928970592179305,6.743324883349228e-06,0.009299686695089904,8.176175641348937e-05,0.039165355739622834,4095.999999999997,4095.999999999997,0.1684216537927482,4095.999999999997,0.15672571369938368,0.4106219246791476,8.464855909551261e-07,4.5757271436741576e-05,1.5302780411730055e-06,0.001,0.024849891662597656
1349,2025-09-25T00:25:58.042813,37.991148948669434,4.2138952267123386e-05,2.1816116912987127e-08,1.2779555902397988e-07,4.01353208872024e-05,6.149992373138957e-07,1.232820977747906e-06,6.198539015400684e-09,1.4410542784897262e-05,3.912161418215335e-06,0.023553859099424507,3.765031750435433e-05,0.014139254436012725,6.851586245814887e-05,0.028951617481196894,8191.9999999999945,8191.9999999999945,0.1372166591944045,8191.9999999999945,0.13186529590166376,0.383124826126559,8.464855909551261e-07,4.5757271436741576e-05,1.5302780411730055e-06,0.001,0.023853778839111328
1399,2025-09-25T00:25:59.369453,39.31778907775879,3.2990526960929856e-05,3.2331954002984276e-08,1.215678366861539e-07,3.086174911004491e-05,5.939344305261329e-07,1.3560548950408702e-06,2.4887192751066323e-08,2.961793008687159e-05,3.636728150392304e-06,0.005517786902136285,2.7980236555068787e-05,0.013937819664872803,0.00013728271640904227,0.017003117023558435,8191.9999999999945,8191.9999999999945,0.1372166591944045,8191.9999999999945,0.13186529590166376,0.383124826126559,8.464855909551261e-07,4.5757271436741576e-05,1.5302780411730055e-06,0.001,0.026121854782104492
1449,2025-09-25T00:26:00.653171,40.60150718688965,3.484672197373584e-05,2.817124489240541e-08,2.411751154340891e-07,3.2763189665274695e-05,1.097727590604336e-06,7.041596177259635e-07,1.2299291363149223e-08,1.2775714205750017e-05,7.376117342815215e-06,0.032073152513412265,8.089311096357877e-05,0.007452188625989424,9.322398310302971e-05,0.03377847206798568,16383.99999999999,16383.99999999999,0.11176897344748167,16383.99999999999,0.11085653516191037,0.35747089477454497,8.464855909551261e-07,4.5757271436741576e-05,1.5302780411730055e-06,0.001,0.024572134017944336
1499,2025-09-25T00:26:02.037109,41.98544502258301,4.258359331288375e-05,6.347158176822632e-08,2.483473906522704e-07,4.035043821204454e-05,1.208874323310738e-06,7.001618769209017e-07,1.2299291363149223e-08,7.555316690686275e-05,8.069964264506758e-06,0.007476795986965266,5.102683573976845e-05,0.005339332474017234,9.322617843742513e-05,0.010063996592886553,16383.99999999999,16383.99999999999,0.11176897344748167,16383.99999999999,0.11085653516191037,0.35747089477454497,8.464855909551261e-07,4.5757271436741576e-05,1.5302780411730055e-06,0.001,0.02445387840270996
1549,2025-09-25T00:26:03.326456,43.274792194366455,2.1963733161101118e-05,7.293964188193058e-08,5.223676566856739e-07,1.8266851839143783e-05,2.6273019102518447e-06,4.544116336546722e-07,1.9861101208107357e-08,4.0200626561435894e-05,1.599955175921202e-05,0.01550217514540037,8.25552371741276e-05,0.0016205667832578335,0.00011443123545291647,0.015998824450277758,32767.999999999985,32767.999999999985,0.09100999713453094,32767.999999999985,0.09316414850477561,0.3335396012002932,8.5262934135244e-07,4.1847732063615695e-05,1.4184349765855586e-06,0.001,0.025251150131225586
1599,2025-09-25T00:26:04.539175,44.48751091957092,2.863915142370388e-05,7.06704739172892e-08,4.3210388867009897e-07,2.5486189770163037e-05,2.174937662857701e-06,4.6948852627792803e-07,5.761358057299049e-09,3.996904996381164e-05,1.2833283426394271e-05,0.009021421492653005,0.00012165001645327421,0.005193986687174235,6.163671727967561e-05,0.011114134502372945,32767.999999999985,32767.999999999985,0.09100999713453094,32767.999999999985,0.09316414850477561,0.3335396012002932,8.5262934135244e-07,4.1847732063615695e-05,1.4184349765855586e-06,0.001,0.02326679229736328
1649,2025-09-25T00:26:06.059285,46.00762104988098,2.548953125369735e-05,1.0984969378569076e-07,9.69019652075076e-07,1.896351204777602e-05,4.619390892912634e-06,8.25480924504518e-07,2.276812294255137e-09,5.8691085617740536e-05,2.9608406203231626e-05,0.009493836600484315,0.00023599884331668985,0.007877073446994856,3.742889922933873e-05,0.011432682441596871,65535.99999999998,65535.99999999998,0.07407253680876728,65535.99999999998,0.07826753580551837,0.3112169208946063,8.5262934135244e-07,4.1847732063615695e-05,1.4184349765855586e-06,0.001,0.026451826095581055
1699,2025-09-25T00:26:07.296205,47.24454116821289,3.023269891855307e-05,1.3510415897144412e-07,1.0741748610598734e-06,2.300533014931716e-05,5.408589004218811e-06,5.997602556817583e-07,9.739825834742533e-09,0.00015755014915361752,3.5088653789996865e-05,0.015237535799642574,0.0001870628591737118,0.006669442118136441,7.741279150259697e-05,0.01804168534782875,65535.99999999998,65535.99999999998,0.07407253680876728,65535.99999999998,0.07826753580551837,0.3112169208946063,8.5262934135244e-07,4.1847732063615695e-05,1.4184349765855586e-06,0.001,0.029145002365112305
1749,2025-09-25T00:26:08.583669,48.532005071640015,2.8018359444104135e-05,2.469927551373985e-07,1.9139095002174145e-06,1.6387517462135293e-05,8.860149137035478e-06,6.074748739592906e-07,2.315166058863838e-09,0.000310095538917747,5.815684699570306e-05,0.005052112663015328,0.0004644983655121204,0.005272327664910454,3.6460161623528424e-05,0.006304658764278961,126734.57638769348,131071.99999999996,0.06023554919530929,123614.00426034686,0.06572054260597462,0.2904011384124237,8.5262934135244e-07,4.1847732063615695e-05,1.4184349765855586e-06,0.001,0.02833414077758789
1799,2025-09-25T00:26:09.940353,49.888689041137695,2.211657920270227e-05,3.1593873472957057e-07,1.9081430764344987e-06,1.1008412911905907e-05,8.682874067744706e-06,1.9663235661937506e-07,4.575886336510848e-09,0.000250572506201125,6.093996787372333e-05,0.009687423793755475,0.00043167950791563216,0.0003758069690108527,5.125786223007687e-05,0.01033096383173084,126734.57638769348,131071.99999999996,0.06023554919530929,123614.00426034686,0.06572054260597462,0.2904011384124237,8.5262934135244e-07,4.1847732063615695e-05,1.4184349765855586e-06,0.001,0.024214982986450195
1849,2025-09-25T00:26:11.158244,51.10658025741577,3.238357021473348e-05,4.838497034143074e-07,4.13580346503295e-06,1.1556002391444054e-05,1.6080151908681728e-05,1.2455582520942698e-07,3.203264320461585e-09,0.00035390474577835215,0.00013236649055596076,0.0055116069282929135,0.0007412205117974921,0.0015952995603108915,4.143065476684407e-05,0.004669650542866155,229063.83327765294,262143.99999999994,0.04895800358877886,214554.11132702307,0.0551900729819002,0.2710085011256732,8.5262934135244e-07,4.1847732063615695e-05,1.4184349765855586e-06,0.001,0.02361607551574707
1899,2025-09-25T00:26:12.386757,52.3350932598114,3.13239979732316e-05,3.829908337138477e-07,3.3876133329613367e-06,1.3014655451115686e-05,1.4309052858152427e-05,2.2267028043643222e-07,7.013727820748272e-09,0.00024378278458448712,9.707882134092233e-05,0.006866272386047687,0.0004541610625694574,0.001886005876235779,6.130386857490275e-05,0.008288169294266621,229063.83327765294,262143.99999999994,0.04895800358877886,214554.11132702307,0.0551900729819002,0.2710085011256732,8.5262934135244e-07,4.1847732063615695e-05,1.4184349765855586e-06,0.001,0.025599241256713867
1949,2025-09-25T00:26:13.694504,53.64284014701843,4.277400512364693e-05,1.7150583744296455e-06,7.360741165030049e-06,8.511515261488967e-06,2.499077163520269e-05,1.9154862229697756e-07,4.3731716026229606e-09,0.0027193656439565895,0.00022809237433835927,0.0018917176891832556,0.000896670339214621,0.0009892330013807947,4.676644823555753e-05,0.003982823704374319,396792.43456365186,515104.84063175885,0.039777794381619276,354031.1093641689,0.046344979134539874,0.25294451793111145,8.5262934135244e-07,4.1847732063615695e-05,1.4184349765855586e-06,0.001,0.023257017135620117
1999,2025-09-25T00:26:14.904994,54.85333013534546,4.792735126102343e-05,1.536613467578718e-06,8.153751878126059e-06,1.105798492062604e-05,2.6997295208275318e-05,1.7874081947866216e-07,2.966717760344295e-09,0.0016557071364429066,0.0002548253316667232,0.0025508827563921616,0.0012389273268995373,0.0019075819285452858,3.85191141176904e-05,0.003122698761796411,396792.43456365186,515104.84063175885,0.039777794381619276,354031.1093641689,0.046344979134539874,0.25294451793111145,8.5262934135244e-07,4.1847732063615695e-05,1.4184349765855586e-06,0.001,0.024850845336914062
2049,2025-09-25T00:26:16.217380,56.16571617126465,6.751473847543821e-05,1.481198978581233e-06,1.4739670405106153e-05,1.0391500836703926e-05,4.081443330505863e-05,8.599754153237882e-08,1.946177663469939e-09,0.0014323563939640017,0.00047816434506448284,0.004148066037297892,0.002337836536386693,0.0001201383068775511,3.0148069074106362e-05,0.0017443536413212883,604621.801207172,926849.7256178798,0.03232589256820976,539970.3351898621,0.03892544931810393,0.23618115556299596,8.57258328323951e-07,3.15988072543405e-05,1.4352737025546958e-06,0.001,0.023662090301513672
2099,2025-09-25T00:26:17.623655,57.571990966796875,5.6552809837739915e-05,1.3420153663901147e-06,1.2795751899830066e-05,8.13487986306427e-06,3.413268132135272e-05,1.4352815469464986e-07,3.951162952375853e-09,0.0023006284817021086,0.0003591817722513425,0.01115661750314726,0.003186906896882605,0.000572453318998514,4.295762516237553e-05,0.005365614058446606,604621.801207172,926849.7256178798,0.03232589256820976,539970.3351898621,0.03892544931810393,0.23618115556299596,8.57258328323951e-07,3.15988072543405e-05,1.4352737025546958e-06,0.001,0.024738788604736328
2149,2025-09-25T00:26:19.150374,59.09871006011963,9.051551023731008e-05,2.7099433737021172e-06,2.5093688236665912e-05,8.102098036033567e-06,5.44971990166232e-05,1.1138634903318234e-07,1.1943946942594152e-09,0.004109033383901508,0.0007499518698510486,0.011289802426102398,0.004750388080491014,0.0013205427985710082,2.2837298515438617e-05,0.002493701342404486,855702.599378428,1564229.1390536458,0.026273826940810478,750466.6489786984,0.032728960808669764,0.22077878501698878,8.57258328323951e-07,3.15988072543405e-05,1.4352737025546958e-06,0.001,0.026067018508911133
2199,2025-09-25T00:26:20.394118,60.342453956604004,8.494744542986155e-05,2.3118329863791587e-06,2.413953552604653e-05,4.539332167041721e-06,5.385691110859625e-05,9.925149413447798e-08,5.788210466484145e-10,0.004090338676009201,0.0007457325247586748,0.004075088614747599,0.003209878483036548,0.00039611627416518536,1.589931600639784e-05,0.004018153967170883,855702.599378428,1564229.1390536458,0.026273826940810478,750466.6489786984,0.032728960808669764,0.22077878501698878,8.57258328323951e-07,3.15988072543405e-05,1.4352737025546958e-06,0.001,0.024849891662597656
2249,2025-09-25T00:26:21.760930,61.7092661857605,0.00011079511023126543,2.9404566248558694e-06,3.48455723724328e-05,7.430257937812712e-06,6.548209785250947e-05,9.647249044064665e-08,2.5469751308015987e-10,0.0048552545652751486,0.0009782567227470792,0.009069711068914124,0.006003024439402016,0.00030782983530609824,1.0205274701852463e-05,0.0031431533030738157,1129049.3660683343,2453750.628291625,0.021374093076218716,991442.5929240258,0.027553324601799843,0.20664926984490115,8.57258328323951e-07,3.15988072543405e-05,1.4352737025546958e-06,0.001,0.023923873901367188
2299,2025-09-25T00:26:23.012851,62.96118712425232,0.00011543095024535432,3.3326700759062078e-06,3.6438661481952295e-05,9.623857295082416e-06,6.594011938432232e-05,9.555473212685683e-08,8.738407220043598e-11,0.0037804069686165104,0.0010328669798189288,0.012834561532297518,0.006570980547329025,0.0007537275124265863,5.978660836013125e-06,0.0023319223832150887,1129049.3660683343,2453750.628291625,0.021374093076218716,991442.5929240258,0.027553324601799843,0.20664926984490115,8.57258328323951e-07,3.15988072543405e-05,1.4352737025546958e-06,0.001,0.025584936141967773
2349,2025-09-25T00:26:24.268549,64.21688532829285,0.00014187641500029713,3.086347760472563e-06,5.099976988276467e-05,1.1105174053227529e-05,7.655433000763878e-05,1.0076728074182029e-07,3.002570991839093e-08,0.003757090758155585,0.001333532141603206,0.012656889210371882,0.007849145515401302,0.0012470404653638484,0.00010740140982894438,0.002234607255789306,1432203.691075638,3637872.524697543,0.017411942321561562,1230324.6454415673,0.023257844314464513,0.19396064814681024,8.57258328323951e-07,3.15988072543405e-05,1.4352737025546958e-06,0.001,0.029973983764648438
2399,2025-09-25T00:26:25.619397,65.56773328781128,0.00012487475760281086,3.196016223228071e-06,4.605724461725913e-05,8.183073077816516e-06,6.734386261086911e-05,9.28917813780572e-08,1.6726641183240076e-09,0.0018444691093898301,0.0012857380379905385,0.011701618785287839,0.005866708757061234,0.001182146793514421,2.5362543094580716e-05,0.0030733836838994118,1432203.691075638,3637872.524697543,0.017411942321561562,1230324.6454415673,0.023257844314464513,0.19396064814681024,8.57258328323951e-07,3.15988072543405e-05,1.4352737025546958e-06,0.001,0.02469921112060547
2449,2025-09-25T00:26:26.869954,66.81829023361206,0.00017578118422534317,3.4873282857006416e-06,7.04122066963464e-05,9.983673407987226e-06,9.182035137200728e-05,7.657360612256525e-08,1.0468392819262817e-09,0.0017239898814225996,0.0018894366239506847,0.011027463414772813,0.008501912841823627,0.0008337141303543295,1.9477809877471252e-05,0.002510851041224854,1790832.6427477377,5154030.197621437,0.014203021248621913,1472464.0316198028,0.019681546385268638,0.18254521629173284,8.57258328323951e-07,3.15988072543405e-05,1.4352737025546958e-06,0.001,0.032829999923706055
2499,2025-09-25T00:26:28.332994,68.28133010864258,0.00018061150331050158,4.787612397194607e-06,6.964655040064827e-05,2.022550324909389e-05,8.387570414924994e-05,2.056141966022551e-06,1.9990771704669896e-08,0.004808903747666008,0.0018178943906053285,0.017927422586846518,0.007337766137007768,0.00859828762634864,8.518412349957617e-05,0.010264912440597962,1790832.6427477377,5154030.197621437,0.014203021248621913,1472464.0316198028,0.019681546385268638,0.18254521629173284,8.57258328323951e-07,3.15988072543405e-05,1.4352737025546958e-06,0.001,0.02405405044555664
2549,2025-09-25T00:26:29.848131,69.79646730422974,0.00022546868422068655,4.407074357004603e-06,8.466698636766523e-05,2.7174111892236397e-05,0.00010400696191936731,5.180503649171442e-06,3.3030655544052934e-08,0.004514342366730529,0.002136603907704014,0.00954583594845576,0.007529892347234016,0.012719215030181702,0.0001065584460874504,0.014993258841593832,2164790.6789599187,6494372.036879756,0.01160113787149173,1704472.1383660994,0.01668957842078271,0.17242884111394732,8.970950489128882e-07,4.269939745427109e-05,1.4693805496790446e-06,0.001,0.02468729019165039
2599,2025-09-25T00:26:31.094429,71.04276514053345,0.00019190624880138785,1.0104892680828925e-05,7.517632911913097e-05,2.4233821022789925e-05,8.233696280512959e-05,5.366506883319744e-08,5.698684857335934e-10,0.008981216300790604,0.001805117519921365,0.017538000740617427,0.00823191105980041,0.00022381650010466729,1.401725851845361e-05,0.00428771912163195,2164790.6789599187,6494372.036879756,0.01160113787149173,1704472.1383660994,0.01668957842078271,0.17242884111394732,8.970950489128882e-07,4.269939745427109e-05,1.4693805496790446e-06,0.001,0.02413010597229004
2649,2025-09-25T00:26:32.415730,72.3640661239624,0.00023102796694729477,7.297918727999786e-06,9.373918146593496e-05,3.058311267523095e-05,9.897651034407318e-05,4.306935750264529e-07,5.490840004895858e-10,0.0099824899932152,0.0022269940235489396,0.019054071198002637,0.008125735584079998,0.00321789344578924,1.3429994913978497e-05,0.004594180914564522,2500068.1710731112,7500204.513219334,0.009493842464229086,1918077.5274458562,0.014213846785232074,0.16358595403319226,8.970950489128882e-07,4.269939745427109e-05,1.4693805496790446e-06,0.001,0.024040937423706055
2699,2025-09-25T00:26:33.783434,73.73177003860474,0.00023802745272405446,5.895079084439203e-06,8.961742423707619e-05,5.1928855100413784e-05,9.029058855958283e-05,2.896603632507322e-07,5.847531792113614e-09,0.0056702094364520315,0.001964344216125873,0.030061973677105114,0.0061036430461896985,0.0025582389490976403,4.3966446765602885e-05,0.016987211159332685,2500068.1710731112,7500204.513219334,0.009493842464229086,1918077.5274458562,0.014213846785232074,0.16358595403319226,8.970950489128882e-07,4.269939745427109e-05,1.4693805496790446e-06,0.001,0.024699926376342773
2749,2025-09-25T00:26:35.027304,74.97564005851746,0.00022953365987632424,6.841069080110174e-06,9.559785394230857e-05,2.7001864509657025e-05,9.913976828102022e-05,9.288659157391521e-07,2.4240017992838148e-08,0.009279805013061268,0.00201667623370445,0.02144822428528344,0.006617835083010377,0.004349844156744258,8.753169968088411e-05,0.0058478010096483955,2827562.8701204797,8482688.610361438,0.007760928716463143,2121722.6929531675,0.01214045298572788,0.1557337319244282,8.970950489128882e-07,4.269939745427109e-05,1.4693805496790446e-06,0.001,0.029063940048217773
2799,2025-09-25T00:26:36.281309,76.2296450138092,0.00022517595789395273,7.4376616794324946e-06,9.18073346838355e-05,2.4882712750695646e-05,0.0001007676255539991,1.6345308040399686e-07,1.1717110481868076e-07,0.01127435773881762,0.001947670636460584,0.014463260851705882,0.00787466166238786,0.0016089580922897357,0.00019298285210780537,0.0075866324448904295,2827562.8701204797,8482688.610361438,0.007760928716463143,2121722.6929531675,0.01214045298572788,0.1557337319244282,8.970950489128882e-07,4.269939745427109e-05,1.4693805496790446e-06,0.001,0.025333881378173828
2849,2025-09-25T00:26:37.554211,77.50254726409912,0.00020321898045949638,9.566231710778084e-06,8.590127981733531e-05,2.092057911795564e-05,8.67645867401734e-05,5.492523413863637e-08,1.1383787246188604e-08,0.014840048420644146,0.001763404536811305,0.016367898146881575,0.005872953191086043,3.2377776411243774e-05,5.9077136813287665e-05,0.006504159682579093,3090444.46012595,9271333.380377851,0.006360301770416886,2303218.543746894,0.010415888391223694,0.14896098852773634,8.970950489128882e-07,4.269939745427109e-05,1.4693805496790446e-06,0.001,0.02585911750793457
2899,2025-09-25T00:26:38.890307,78.83864331245422,0.00022197593352757394,8.272743798443116e-06,8.961815910879523e-05,2.6420015274197794e-05,9.152607526630163e-05,6.134325303719379e-06,4.616434789994628e-09,0.008830238313529696,0.0019591924499585624,0.013324983933766476,0.007734698648145978,0.010814250650156038,3.7752456081656884e-05,0.011605144893014608,3090444.46012595,9271333.380377851,0.006360301770416886,2303218.543746894,0.010415888391223694,0.14896098852773634,8.970950489128882e-07,4.269939745427109e-05,1.4693805496790446e-06,0.001,0.025197267532348633
2949,2025-09-25T00:26:40.132889,80.08122515678406,0.0003061166498810053,8.406917004322167e-06,0.0001206116794492118,6.0014353948645294e-05,0.00011560821440070868,1.370922063870239e-06,1.045640303232176e-07,0.00820090857879103,0.0025513207180650034,0.025096536481263122,0.00711485321462962,0.004688091882856022,0.00017694941716173064,0.010064635563927445,3311434.5590225654,9934303.677067697,0.005226062990463702,2461150.3032443617,0.00895374942756625,0.14318764642596798,8.970950489128882e-07,4.269939745427109e-05,1.4693805496790446e-06,0.001,0.027621984481811523
2999,2025-09-25T00:26:41.445673,81.39400911331177,0.00021747787832282484,8.573459126637317e-06,8.993264054879546e-05,2.8196203857078217e-05,8.989020716398954e-05,8.837415066409449e-07,1.6263004276595439e-09,0.013145152341419079,0.0017631546230520826,0.01750627740735487,0.005779261801488635,0.003724157839540363,2.2206153468931208e-05,0.005119636775895916,3311434.5590225654,9934303.677067697,0.005226062990463702,2461150.3032443617,0.00895374942756625,0.14318764642596798,8.970950489128882e-07,4.269939745427109e-05,1.4693805496790446e-06,0.001,0.02635502815246582
3049,2025-09-25T00:26:43.105035,83.05337119102478,0.00026296585565432906,9.226001566275954e-06,0.00010867915261769667,3.336829104227945e-05,0.00011073303903685883,9.217247338710877e-07,3.7659308560478166e-08,0.006148406555976915,0.002251455951273946,0.01641372326490449,0.008712171973103668,0.0035506806786142213,0.00010576966220494799,0.003978552017630657,3467883.6649537575,10403650.994861273,0.004314503266267744,2613244.5319432183,0.007750588871940904,0.13875274721804173,1.0323949481971795e-06,3.676152118714526e-05,1.38671873628482e-06,0.001,0.023283958435058594
3099,2025-09-25T00:26:44.623432,84.57176804542542,0.0002027608861681074,1.0209778338321485e-05,8.215718116844073e-05,2.569605021562893e-05,8.458078809781e-05,1.1708237224183904e-07,4.588564337520973e-12,0.015076412742379123,0.0015288288326563593,0.01628449520299345,0.005762329331946875,0.00044409662193901195,1.175854485254102e-06,0.006646164150849789,3467883.6649537575,10403650.994861273,0.004314503266267744,2613244.5319432183,0.007750588871940904,0.13875274721804173,1.0323949481971795e-06,3.676152118714526e-05,1.38671873628482e-06,0.001,0.025020837783813477
3149,2025-09-25T00:26:45.869355,85.81769108772278,0.00021928705973550677,8.82899621501565e-06,8.682326006237417e-05,3.3263801014982164e-05,9.02965766726993e-05,6.66552253392183e-08,7.755773800965926e-09,0.006633500141302812,0.0014983464343375657,0.017041237271428956,0.004798286310446763,0.00043499962161293266,4.819829628781424e-05,0.004581655057336602,3563126.7827157127,10689380.348147139,0.0035863318704493145,2764429.6452872036,0.006776657128168326,0.1358290853594027,1.0323949481971795e-06,3.676152118714526e-05,1.38671873628482e-06,0.001,0.02938103675842285
3199,2025-09-25T00:26:47.204673,87.15300917625427,0.00020706345094367862,8.638484359835275e-06,8.154497481882572e-05,3.0493665690300986e-05,8.636552229290828e-05,1.718637676617618e-08,3.628172207115199e-09,0.002779411930137077,0.0013545388678474896,0.01598402686064307,0.004719520941776954,4.577609742741351e-05,3.3252648140107854e-05,0.007447331783706044,3563126.7827157127,10689380.348147139,0.0035863318704493145,2764429.6452872036,0.006776657128168326,0.1358290853594027,1.0323949481971795e-06,3.676152118714526e-05,1.38671873628482e-06,0.001,0.023894071578979492
3249,2025-09-25T00:26:48.431409,88.37974500656128,0.00023828267876524478,8.796592737780884e-06,9.199686610372737e-05,4.139258817303926e-05,9.599635086487979e-05,8.726153311044982e-08,1.3006084209621349e-08,0.006540527708432949,0.0015207972502902503,0.020455102946132682,0.004581318208909159,0.0007483998511021821,6.287281940301432e-05,0.008298984753039196,3649733.096125771,10949199.288377313,0.002976470117579058,2897663.8529901,0.005936774938047477,0.13322600062305243,1.0323949481971795e-06,3.676152118714526e-05,1.38671873628482e-06,0.001,0.026484966278076172
3299,2025-09-25T00:26:49.674351,89.62268733978271,0.00019517529290169477,7.271038612088887e-06,7.674574590055272e-05,3.1023962947074324e-05,7.995506166480482e-05,1.2587065612024162e-07,5.3608857797371456e-08,0.007314878395559737,0.0012698991300026262,0.01568732610526966,0.004879037777716154,0.0006919446508133865,0.000128391871414827,0.003371918586972973,3649733.096125771,10949199.288377313,0.002976470117579058,2897663.8529901,0.005936774938047477,0.13322600062305243,1.0323949481971795e-06,3.676152118714526e-05,1.38671873628482e-06,0.001,0.024609088897705078
3349,2025-09-25T00:26:50.992018,90.94035410881042,0.00020339718321338296,6.755499725841219e-06,8.176600385922939e-05,2.3808110199752264e-05,9.10129165276885e-05,5.4614229583194174e-08,4.8397699042856956e-11,0.005819524281630958,0.0014078152756649505,0.013138294442557074,0.006029150040843803,0.00045795640128949987,3.879532482431523e-06,0.001159566553294682,3709145.018129484,11127435.054388452,0.0024750383468775013,3019667.4746726505,0.005228781362985234,0.13138712018118529,1.0323949481971795e-06,3.676152118714526e-05,1.38671873628482e-06,0.001,0.024571895599365234
3399,2025-09-25T00:26:52.228018,92.176353931427,0.00018234462186228484,7.440080025844509e-06,7.05531783751212e-05,2.3881124434410594e-05,8.04326991783455e-05,3.6672727077302625e-08,8.570212317593473e-10,0.004752530220155233,0.001138382614158845,0.013827698999116792,0.004621409183277467,7.066469330706306e-05,1.6494576172270073e-05,0.004067612560989568,3709145.018129484,11127435.054388452,0.0024750383468775013,3019667.4746726505,0.005228781362985234,0.13138712018118529,1.0323949481971795e-06,3.676152118714526e-05,1.38671873628482e-06,0.001,0.02430891990661621
3449,2025-09-25T00:26:53.451117,93.39945316314697,0.00019763782620429993,7.640256626473274e-06,7.207073213066906e-05,3.2616222597425804e-05,8.411580347456038e-05,1.0937717433989746e-06,1.0105129888415831e-07,0.016138335592879537,0.0010745049725925777,0.013245668874170363,0.004173825608189375,0.003009383379380001,0.00017990640519047592,0.008871556992148763,3751094.051537169,11253282.154611507,0.002058724242604946,3124968.16829746,0.004622668165827019,0.13006571240651227,1.0323949481971795e-06,3.676152118714526e-05,1.38671873628482e-06,0.001,0.02749013900756836
3499,2025-09-25T00:26:54.671335,94.6196711063385,0.00020520435646176338,9.224526365869679e-06,6.843677692813799e-05,3.6429406463867053e-05,9.047650382854044e-05,5.990928571009135e-07,3.805540416124131e-08,0.010075036668841825,0.0010283284353850002,0.009291942590259299,0.005605407245360098,0.002208544118400462,0.00011137376098099386,0.008726731275379847,3751094.051537169,11253282.154611507,0.002058724242604946,3124968.16829746,0.004622668165827019,0.13006571240651227,1.0323949481971795e-06,3.676152118714526e-05,1.38671873628482e-06,0.001,0.024403095245361328
3549,2025-09-25T00:26:56.126522,96.07485818862915,0.0002053546195384115,6.077135822124546e-06,5.655975473928265e-05,8.133678784361109e-05,5.8646830439101905e-05,2.6342390810896177e-06,9.98515119476906e-08,0.0018931712399912547,0.0006872392045253582,0.01825334746341423,0.002400513969174166,0.00435461567096466,0.0001819960878028135,0.014856033129029007,3757878.453264235,11273635.359792706,0.0017226939963612903,3219766.404971554,0.0041171350060540245,0.12983505855312708,9.505872640147572e-07,2.5535811801091768e-05,1.1785709830292035e-06,0.001,0.02393507957458496
3599,2025-09-25T00:26:57.397705,97.34604120254517,0.00017994876543525606,7.90985177445691e-06,6.470904190791771e-05,2.6977573725162074e-05,7.91502243373543e-05,1.191720230053761e-06,1.0363557123582723e-08,0.0053617151191508085,0.0008044054407598208,0.00777425093595454,0.0045335801722693105,0.0029135471390401776,5.929604611476441e-05,0.003600915077929287,3757878.453264235,11273635.359792706,0.0017226939963612903,3219766.404971554,0.0041171350060540245,0.12983505855312708,9.505872640147572e-07,2.5535811801091768e-05,1.1785709830292035e-06,0.001,0.027122974395751953
3649,2025-09-25T00:26:58.922865,98.8712010383606,0.00016993709141388535,6.944084816495888e-06,6.419983401428908e-05,2.4462649889755994e-05,7.422809721902013e-05,9.187118621412083e-08,1.0555833540593085e-08,0.002723059844697618,0.0008759864517434466,0.010612663022388917,0.004380664173470989,0.00026587040147998524,6.056720550244923e-05,0.00315078998864511,3747543.6537189703,11242630.96115691,0.0014449880587233356,3298866.023290866,0.0036782545340304238,0.13020326648663086,9.505872640147572e-07,2.5535811801091768e-05,1.1785709830292035e-06,0.001,0.026796817779541016
3699,2025-09-25T00:27:00.441119,100.38945508003235,0.00014183533494360745,6.594589194719447e-06,5.4832322348374873e-05,1.380422054353403e-05,6.65199986542575e-05,8.414589558469743e-08,5.994970492251284e-11,0.0032815775660965593,0.0007249509107258991,0.007183831464588859,0.004692948273437044,2.7861083082821957e-05,4.6110570226282265e-06,0.0017099138192222384,3747543.6537189703,11242630.96115691,0.0014449880587233356,3298866.023290866,0.0036782545340304238,0.13020326648663086,9.505872640147572e-07,2.5535811801091768e-05,1.1785709830292035e-06,0.001,0.026044845581054688
3749,2025-09-25T00:27:01.702837,101.65117311477661,0.0001253581722266972,6.485647645604331e-06,4.681754580815323e-05,8.774700290814508e-06,6.319577369140461e-05,7.603512841569682e-08,8.461938705295324e-09,0.00379568734186555,0.0005871449325095693,0.004941636939585548,0.00518091331338601,0.00022296862486540831,5.546637689636854e-05,0.004596059940866806,3726805.9897429664,11180417.9692289,0.0012129502500775595,3354189.0421917555,0.0032961470686216888,0.13097048017878068,9.505872640147572e-07,2.5535811801091768e-05,1.1785709830292035e-06,0.001,0.028886079788208008
3799,2025-09-25T00:27:02.953521,102.90185713768005,0.00013269759074319154,5.046285878052004e-06,4.8708174290368333e-05,1.9358958525117487e-05,5.9455800510477275e-05,8.899169046117095e-08,3.9383042604868024e-08,0.000824898822217311,0.0005338574964431228,0.007791302999664371,0.003535551566589674,0.00028693402685146146,0.00012057933797660861,0.0030880580026900095,3726805.9897429664,11180417.9692289,0.0012129502500775595,3354189.0421917555,0.0032961470686216888,0.13097048017878068,9.505872640147572e-07,2.5535811801091768e-05,1.1785709830292035e-06,0.001,0.026861906051635742
3849,2025-09-25T00:27:04.309594,104.25793027877808,0.00013391245738603175,9.009494533529505e-06,5.010951281292364e-05,1.4672501492896117e-05,5.997375774313696e-05,1.3016313005209668e-07,1.7021831055785697e-08,0.009345046571384508,0.0005410051444028557,0.006566193098307792,0.003617136731651641,0.0003785759450156952,8.051148047960082e-05,0.007193951742411722,3703895.2832259205,11111685.849677762,0.001016385542464797,3386006.795958564,0.0029559850222598836,0.13183404140967264,9.505872640147572e-07,2.5535811801091768e-05,1.1785709830292035e-06,0.001,0.02371811866760254
3899,2025-09-25T00:27:05.542444,105.49078011512756,0.00012769932800438255,5.10387235408416e-06,4.7094836190808564e-05,1.605378565727733e-05,5.932928979746066e-05,1.1693474277763016e-07,5.991188656295776e-10,0.0008290031004130231,0.0005292601346868242,0.007776478728522176,0.0035031238683936212,0.0004843989197979075,1.5251050950525486e-05,0.00323334237148962,3703895.2832259205,11111685.849677762,0.001016385542464797,3386006.795958564,0.0029559850222598836,0.13183404140967264,9.505872640147572e-07,2.5535811801091768e-05,1.1785709830292035e-06,0.001,0.024060964584350586
3949,2025-09-25T00:27:06.817987,106.76632308959961,0.00011502503184601665,7.596872364956653e-06,4.248465484124608e-05,1.2320121641096193e-05,5.2544834034051746e-05,7.802654522492958e-08,5.255454960106931e-10,0.0022382577711602255,0.000421812289323752,0.005738478758772147,0.0035588014598666355,0.00027191139849418064,1.4486040535048176e-05,0.0010351874608252305,3687507.395106649,11062522.185319947,0.0008521308604797498,3401754.749647935,0.0026591500141540767,0.13315850783271188,9.505872640147572e-07,2.5535811801091768e-05,1.1785709830292035e-06,0.001,0.04389595985412598
3999,2025-09-25T00:27:08.171119,108.11945533752441,0.00011657057621050626,7.319334599742433e-06,4.094088217243552e-05,1.2490414519561455e-05,5.5545810027979314e-05,1.3487816374890826e-07,1.3925468067554903e-07,0.007133859954909184,0.0004473313982164595,0.00506092172880359,0.003895794192607069,0.0004582384852004486,0.00023752543563263504,0.006311539018921187,3687507.395106649,11062522.185319947,0.0008521308604797498,3401754.749647935,0.0026591500141540767,0.13315850783271188,9.505872640147572e-07,2.5535811801091768e-05,1.1785709830292035e-06,0.001,0.03429126739501953
4049,2025-09-25T00:27:09.490282,109.43861818313599,0.00010466947423992679,6.027541076036869e-06,3.6867033486487344e-05,1.2366758710413706e-05,4.9201877118321136e-05,1.9134354545258248e-07,1.492529122515407e-08,0.0029560722728857775,0.00036793967842552996,0.005618197257831574,0.0029702307586193487,0.0006331344866653661,7.967855628374757e-05,0.0009972232470428265,3661150.403999043,10983451.211997129,0.0007218693322954341,3428145.0593235954,0.0024211329434562874,0.1360937302932675,8.782615736890875e-07,1.100817826227285e-05,9.355671295452339e-07,0.001,0.023908138275146484
4099,2025-09-25T00:27:10.725473,110.67380905151367,0.00010274744272464886,6.733938789693639e-06,3.671097510959953e-05,1.5512900063185953e-05,4.365406493889168e-05,1.3414556576663017e-07,1.4220885580229492e-09,0.00812333293503709,0.00033036625326751136,0.006199342344346792,0.0026664850927428647,0.00043978907110645325,2.4776613612743846e-05,0.005036929187269024,3661150.403999043,10983451.211997129,0.0007218693322954341,3428145.0593235954,0.0024211329434562874,0.1360937302932675,8.782615736890875e-07,1.100817826227285e-05,9.355671295452339e-07,0.001,0.023135900497436523
4149,2025-09-25T00:27:12.113483,112.06181907653809,0.00010292721708538011,5.178993433219148e-06,3.8854250306030735e-05,9.6604253485566e-06,4.9124395445687696e-05,1.0878457601393166e-07,3.638566947739008e-10,0.0011325940887200786,0.00034234341357603485,0.004486498869836213,0.003018732710828896,0.00011641362032801409,1.2877762037701813e-05,0.0006348624315340477,3618920.6040895055,10856761.812268516,0.0006171864431850903,3473440.967567744,0.002230051756326765,0.14075768992339768,8.782615736890875e-07,1.100817826227285e-05,9.355671295452339e-07,0.001,0.16642498970031738
4199,2025-09-25T00:27:13.589177,113.537513256073,9.41168109420687e-05,4.676902790379245e-06,3.519154779496603e-05,8.240275747084524e-06,4.5865861466154456e-05,1.4215969201814005e-07,6.302154631487866e-11,0.0007691623332420071,0.00029457566436808365,0.004228194707937948,0.003142864529600988,0.0002992785884789782,5.411847864761562e-06,0.0007816246534993378,3618920.6040895055,10856761.812268516,0.0006171864431850903,3473440.967567744,0.002230051756326765,0.14075768992339768,8.782615736890875e-07,1.100817826227285e-05,9.355671295452339e-07,0.001,0.02489018440246582
4249,2025-09-25T00:27:14.848316,114.79665207862854,8.470573811791837e-05,5.843849066877738e-06,3.346849916852079e-05,8.331881872436497e-06,3.6889887269353494e-05,1.7097472948535142e-07,6.475982528009183e-10,0.002176247470048421,0.00026821391150899665,0.003920728850401091,0.002574900545697861,0.00016497006994707164,1.7821966709828304e-05,0.0011235116560490087,3587439.5741048004,10762318.7223144,0.0005289595248563353,3506855.9228293737,0.002062567823519582,0.14622713135229523,8.782615736890875e-07,1.100817826227285e-05,9.355671295452339e-07,0.001,0.03144693374633789
4299,2025-09-25T00:27:16.099027,116.04736304283142,8.748897380428389e-05,5.0180169637314975e-06,3.28054120473098e-05,8.856243766786065e-06,4.061266372445971e-05,1.9642175175249577e-07,2.1212404055503953e-10,0.0008538068476288912,0.0002583612317034032,0.003937953631598722,0.002627651236054795,0.0005115988542899994,1.0298596184285874e-05,0.000717350990009432,3587439.5741048004,10762318.7223144,0.0005289595248563353,3506855.9228293737,0.002062567823519582,0.14622713135229523,8.782615736890875e-07,1.100817826227285e-05,9.355671295452339e-07,0.001,0.02802586555480957
4349,2025-09-25T00:27:17.345529,117.29386520385742,8.651239477330819e-05,5.501136456587119e-06,3.273850234108977e-05,8.956014426075853e-06,3.89989982068073e-05,3.1772202646607184e-07,2.6709202557984035e-11,0.0015726664283837817,0.0002410725339178277,0.003809100739554134,0.00232861932375728,0.0008004167994496352,3.7704967725067183e-06,0.0006741064832455158,3564400.8813494956,10693202.644048486,0.00045432037166934436,3531089.6006770916,0.001914600532787567,0.15254387588482254,8.782615736890875e-07,1.100817826227285e-05,9.355671295452339e-07,0.001,0.02603316307067871
4399,2025-09-25T00:27:18.729701,118.67803716659546,8.092895586742088e-05,5.021803644922329e-06,2.9452252420014702e-05,7.643240678589791e-06,3.861734512611292e-05,1.9303504927847825e-07,1.2769436619208818e-09,0.00021768203156446853,0.0002538102945381884,0.003876326027479689,0.0024861882231605624,0.00032222635688895535,2.6292436184985403e-05,0.001362120833713671,3564400.8813494956,10693202.644048486,0.00045432037166934436,3531089.6006770916,0.001914600532787567,0.15254387588482254,8.782615736890875e-07,1.100817826227285e-05,9.355671295452339e-07,0.001,0.023615121841430664
4449,2025-09-25T00:27:20.223104,120.17144012451172,7.38666785764508e-05,5.967739980405895e-06,2.6641171643859707e-05,9.65715207712492e-06,3.137448584311642e-05,2.2612759664752957e-07,7.351876811327596e-13,0.0005468797894317253,0.00024779191041846954,0.004319727947000454,0.0017915376763679117,0.00011156037541956465,6.515469375256152e-07,0.0022335780046436955,3552002.1495400355,10656006.448620107,0.0003907172644166101,3543861.1899103858,0.0017827517095790697,0.15967355234392233,8.782615736890875e-07,1.100817826227285e-05,9.355671295452339e-07,0.001,0.024423837661743164
4499,2025-09-25T00:27:21.467718,121.41605401039124,7.698485569562763e-05,5.196815436647739e-06,2.7570626116357744e-05,7.517234735132661e-06,3.6482932046055794e-05,2.1663183247255802e-07,6.129742824434459e-10,0.0004264788301259364,0.0002479752861969437,0.003633905261413925,0.002419177259164901,0.00030078816660791347,1.8987110310274386e-05,0.0010690376002693682,3552002.1495400355,10656006.448620107,0.0003907172644166101,3543861.1899103858,0.0017827517095790697,0.15967355234392233,8.782615736890875e-07,1.100817826227285e-05,9.355671295452339e-07,0.001,0.026046037673950195
4549,2025-09-25T00:27:22.903744,122.85208010673523,7.045178062980995e-05,5.118375611345982e-06,2.60542055912083e-05,7.823465239198413e-06,3.1201252568280324e-05,2.5392390057277225e-07,5.533598024243247e-10,0.003993159978391191,0.00020533618211939658,0.0028913221312227345,0.0020493973542063115,8.566074638851335e-05,1.866776012667278e-05,0.0032115757878880403,3549503.0416234327,10648509.124870298,0.00033658748281829756,3546374.0177594186,0.00166583814308764,0.1677814466110757,8.283844294965093e-07,1.4700160136271734e-05,8.781522637946182e-07,0.001,0.025699138641357422
4599,2025-09-25T00:27:24.147297,124.09563302993774,6.331100303214043e-05,4.879575953964377e-06,2.1852407371625304e-05,5.71813689020928e-06,3.059790833503939e-05,2.629718665048131e-07,2.3284351877150833e-12,0.0007554269139146802,0.0002189540643688657,0.0027415447783325163,0.0022004600244209314,0.00022113460157154318,1.2196391677006771e-06,0.00047232335808940277,3549503.0416234327,10648509.124870298,0.00033658748281829756,3546374.0177594186,0.00166583814308764,0.1677814466110757,8.283844294965093e-07,1.4700160136271734e-05,8.781522637946182e-07,0.001,0.0247647762298584
4649,2025-09-25T00:27:25.392453,125.34078931808472,7.700131391175091e-05,4.267554231773829e-06,3.023285353265237e-05,8.464729944535065e-06,3.375861342647113e-05,2.771011224922404e-07,4.685186127950658e-10,0.00013509535447784408,0.0002531483107133224,0.0032376467246287848,0.0017759800751872877,0.00018481435038377809,1.790038613009503e-05,0.0015079957410384175,3554542.318810838,10663626.956432514,0.000290687098982472,3541416.603230199,0.0015628629228930328,0.1770700294173733,8.283844294965093e-07,1.4700160136271734e-05,8.781522637946182e-07,0.001,0.029575347900390625
4699,2025-09-25T00:27:26.621779,126.5701150894165,6.594166916329414e-05,4.095415079063969e-06,2.4815355573082343e-05,6.5101262407551985e-06,3.0249599149101414e-05,2.6959293109030114e-07,1.5803883757214976e-09,0.0002016639380604067,0.00022142356641652262,0.0026428731104010212,0.0019051716557062272,0.0003639400121349024,3.3143141713017404e-05,0.0008295203752438792,3554542.318810838,10663626.956432514,0.000290687098982472,3541416.603230199,0.0015628629228930328,0.1770700294173733,8.283844294965093e-07,1.4700160136271734e-05,8.781522637946182e-07,0.001,0.02583599090576172
4749,2025-09-25T00:27:27.986313,127.9346489906311,7.923527300590649e-05,5.130016688781325e-06,2.472282540111337e-05,1.0398933227406815e-05,3.342814670759253e-05,5.395091193349799e-06,1.6025278171127866e-07,0.0012367051620445,0.0002313106770108655,0.0019814635144803335,0.0019392900537880916,0.0035947866099309512,0.00034269827726992485,0.003984316646149517,3569098.4411823233,10707295.32354697,0.0002513940007893708,3527539.4164386764,0.0014702279017630442,0.18746048772182566,8.283844294965093e-07,1.4700160136271734e-05,8.781522637946182e-07,0.001,0.025384902954101562
4799,2025-09-25T00:27:29.276297,129.22463297843933,5.3383500926429406e-05,4.472870386962313e-06,2.016919279412832e-05,7.2598941187607124e-06,2.114526796503924e-05,3.194707005604869e-07,1.6803365809892057e-08,0.00024019660148082573,0.0001834097870855614,0.0022577753363351325,0.001331275005760188,0.00034810619835480084,0.00011291102250641359,0.0009299585582181489,3569098.4411823233,10707295.32354697,0.0002513940007893708,3527539.4164386764,0.0014702279017630442,0.18746048772182566,8.283844294965093e-07,1.4700160136271734e-05,8.781522637946182e-07,0.001,0.031120777130126953
4849,2025-09-25T00:27:30.549314,130.49765014648438,5.6109351135091856e-05,4.2638675950001925e-06,2.1878006009501405e-05,7.5784246291732416e-06,2.206205863330979e-05,3.262662460201682e-07,7.292635384459345e-10,0.0009115844680307135,0.00020680799112427482,0.0021670578142536628,0.001412454269126959,0.00043266906363624303,2.432339908074506e-05,0.0006056639476062656,3590217.7501202053,10770653.250360616,0.00021760088051971652,3507941.9365960574,0.0013858839301430937,0.19885516181753307,8.283844294965093e-07,1.4700160136271734e-05,8.781522637946182e-07,0.001,0.025561094284057617
4899,2025-09-25T00:27:31.968783,131.91711926460266,5.633107866742648e-05,5.008795142202871e-06,2.4143642804119736e-05,6.559026587638073e-06,2.0330926417955197e-05,2.8729883183586935e-07,1.39261568943283e-09,0.0008900325239748993,0.0002193691854592925,0.001949188505892664,0.0013978844478920321,0.00016210631462517145,3.383963241032796e-05,0.0005186687113249822,3590217.7501202053,10770653.250360616,0.00021760088051971652,3507941.9365960574,0.0013858839301430937,0.19885516181753307,8.283844294965093e-07,1.4700160136271734e-05,8.781522637946182e-07,0.001,0.037763118743896484
4949,2025-09-25T00:27:33.225572,133.17390823364258,5.48482385056559e-05,4.887580871582031e-06,2.2752798031433485e-05,5.979744400974596e-06,2.099254197673872e-05,2.3529206316652562e-07,2.7904470401018955e-10,0.00013033209607903016,0.000250292986815284,0.0020548409440470853,0.0012250225091217245,2.9734936857849555e-05,1.574448433532729e-05,0.0009520222166296763,3614052.665863499,10842157.997590497,0.00018881713350447053,3486238.658602174,0.0013114074567479636,0.21177709301855377,8.283844294965093e-07,1.4700160136271734e-05,8.781522637946182e-07,0.001,0.025418996810913086
4999,2025-09-25T00:27:34.472831,134.42116713523865,5.346315083443187e-05,4.371969680505572e-06,2.2220052414922975e-05,5.641914867737796e-06,2.0895235138596036e-05,3.339473266805726e-07,3.0700251368864784e-11,0.00025601073966645274,0.00026254613395992524,0.002028502454988815,0.0013589690049098026,0.00021841791620564325,5.252191766816946e-06,0.0007736998433939998,3614052.665863499,10842157.997590497,0.00018881713350447053,3486238.658602174,0.0013114074567479636,0.21177709301855377,8.283844294965093e-07,1.4700160136271734e-05,8.781522637946182e-07,0.001,0.02477288246154785
5049,2025-09-25T00:27:35.962263,135.91059923171997,5.12656188220717e-05,5.308908839651849e-06,2.1850108169019222e-05,3.9572646528540645e-06,1.987374525924679e-05,2.7505583943820966e-07,5.365123900702429e-10,0.0008037272636491363,0.00028515490480856767,0.001494835959380154,0.0016196234950102088,4.054057107701437e-05,2.279217118906915e-05,0.0007809275423094178,3645609.2322438615,10936827.696731584,0.0001640418568630298,3458466.9251902653,0.001244237834561414,0.22624314309092278,8.089106700026605e-07,1.5263376553775743e-05,7.907028134468419e-07,0.001,0.024001121520996094
5099,2025-09-25T00:27:37.359308,137.30764412879944,5.1913455536123365e-05,5.142272584635066e-06,2.0789169866475277e-05,5.060510829935083e-06,2.053860589512624e-05,3.8248612099778256e-07,4.1091094415968143e-10,0.00022182791923423256,0.0002926309971901751,0.001986689164479858,0.0012542232707790423,0.000397407931802085,2.0075899456600817e-05,0.000945307136303812,3645609.2322438615,10936827.696731584,0.0001640418568630298,3458466.9251902653,0.001244237834561414,0.22624314309092278,8.089106700026605e-07,1.5263376553775743e-05,7.907028134468419e-07,0.001,0.023979902267456055
5149,2025-09-25T00:27:38.603547,138.55188298225403,4.426801751833409e-05,5.122522907186067e-06,1.748648901411798e-05,4.148964762862306e-06,1.713147503323853e-05,3.785640956266434e-07,2.4888999281685864e-13,0.0011488780230044745,0.0002469019512513839,0.001344404108028148,0.0011896264406636877,6.171773086923356e-05,5.140861883609752e-07,0.0008573649125536425,3685091.4997277563,11055274.49918327,0.00014266678443140994,3425001.345030313,0.0011829998231238242,0.24240936990486522,8.089106700026605e-07,1.5263376553775743e-05,7.907028134468419e-07,0.001,0.028685808181762695
5199,2025-09-25T00:27:39.850904,139.7992401123047,3.949214442400262e-05,4.347547474026214e-06,1.627006713533774e-05,2.8697036213998217e-06,1.560243072162848e-05,4.0109659948939225e-07,1.2976352214977283e-09,0.0003092443368512666,0.00033353025330252805,0.0011509830825151442,0.0012490587197250996,0.0002504825087678904,3.7388712772478404e-05,0.0003734172929087463,3685091.4997277563,11055274.49918327,0.00014266678443140994,3425001.345030313,0.0011829998231238242,0.24240936990486522,8.089106700026605e-07,1.5263376553775743e-05,7.907028134468419e-07,0.001,0.02647995948791504
5249,2025-09-25T00:27:41.084603,141.03293895721436,4.0896760765463114e-05,4.379956408229191e-06,1.7898735677590594e-05,3.324869112475426e-06,1.4840202311461326e-05,4.526634711510269e-07,3.3436065027814266e-10,0.00012165064071480958,0.0002677858755708502,0.0011008214109424275,0.001159675411782841,4.539017593944435e-05,1.972855626360568e-05,0.0002453451252451512,3732280.7342592617,11196842.202777784,0.00012435299040686271,3386562.943887436,0.0011279659928809585,0.26055895691574216,8.089106700026605e-07,1.5263376553775743e-05,7.907028134468419e-07,0.001,0.029742717742919922
5299,2025-09-25T00:27:42.414175,142.3625111579895,3.9499514969065785e-05,4.479675681068329e-06,1.7355479940306395e-05,2.9857644676667405e-06,1.4305132935987785e-05,3.7141458619771583e-07,2.04410799398147e-09,9.833382519879633e-05,0.00030855586741035515,0.000928755750580235,0.0010788876287298322,0.0001501693752323035,4.903456288134498e-05,0.00026828586829741893,3732280.7342592617,11196842.202777784,0.00012435299040686271,3386562.943887436,0.0011279659928809585,0.26055895691574216,8.089106700026605e-07,1.5263376553775743e-05,7.907028134468419e-07,0.001,0.025742053985595703
5349,2025-09-25T00:27:43.643640,143.59197616577148,4.456143142306246e-05,4.3751151679316536e-06,2.1007768737035803e-05,4.185189482086571e-06,1.464379056415055e-05,3.4753966815515014e-07,2.0309527393180815e-09,0.00019254941801137695,0.00026305408169501976,0.0011363299971474657,0.0008968049992817341,3.402811128496291e-05,5.084411045144996e-05,0.0003925235418067567,3788841.724897039,11366525.174691118,0.00010857582348363878,3342583.3576174886,0.0010780844691109126,0.2807318338498658,8.089106700026605e-07,1.5263376553775743e-05,7.907028134468419e-07,0.001,0.02621626853942871
5399,2025-09-25T00:27:44.896593,144.84492897987366,3.953013219870627e-05,4.698463726526825e-06,1.6849737221491523e-05,3.846875642921077e-06,1.3640073120768648e-05,4.937762128065515e-07,1.2068053223401876e-09,0.00025910396777999774,0.0003060515382687921,0.0011084665210430807,0.0008840028358295032,0.0002801025977285955,3.9357842235590674e-05,0.00040656424300583225,3788841.724897039,11366525.174691118,0.00010857582348363878,3342583.3576174886,0.0010780844691109126,0.2807318338498658,8.089106700026605e-07,1.5263376553775743e-05,7.907028134468419e-07,0.001,0.025735855102539062
5449,2025-09-25T00:27:46.128742,146.07707810401917,3.989597098552622e-05,4.637254733097507e-06,1.7211004887940362e-05,3.228604555260972e-06,1.4381077562575229e-05,4.373721651518281e-07,6.588153911302186e-10,0.0004473132581672597,0.0003045717398734623,0.0009926843870376376,0.000970357461515201,9.130919719895113e-05,3.0309404311388284e-05,0.0003347724159188073,3851686.1829809765,11555058.54894293,9.494196087891924e-05,3295708.3120889924,0.001032531169778194,0.3032424768064656,8.089106700026605e-07,1.5263376553775743e-05,7.907028134468419e-07,0.001,0.02555394172668457
5499,2025-09-25T00:27:47.459137,147.4074730873108,3.6669553082901984e-05,4.804681339010131e-06,1.587341284903232e-05,3.0930809771234635e-06,1.2429496564436704e-05,4.6689660848642234e-07,1.9867800737927155e-09,0.0004471063599345907,0.00032734055632504063,0.0009204570017418643,0.0009082146713463849,7.313292527261138e-05,5.2775073405088745e-05,0.00028454551337299676,3851686.1829809765,11555058.54894293,9.494196087891924e-05,3295708.3120889924,0.001032531169778194,0.3032424768064656,8.089106700026605e-07,1.5263376553775743e-05,7.907028134468419e-07,0.001,0.024028778076171875
5549,2025-09-25T00:27:48.774814,148.72315001487732,3.910392842954025e-05,4.2859492168645374e-06,1.9080562196904793e-05,4.446563252713531e-06,1.0992001989507116e-05,2.9860544259463495e-07,2.4863863745672177e-10,7.865344869798839e-05,0.0003131305722147356,0.0010310099037230752,0.0006571746619311341,4.9946023008810093e-05,1.9423263185284737e-05,0.0006261793082125005,3918853.155341567,11756559.4660247,8.322373201196981e-05,3247501.4628743366,0.000992420906381399,0.32859809296480147,7.970887168085028e-07,7.155678304116009e-06,7.123445584511501e-07,0.001,0.027345895767211914
5599,2025-09-25T00:27:49.996492,149.94482827186584,3.372282662894577e-05,4.2157157622568775e-06,1.5482788512599654e-05,2.604730980237946e-06,1.0949367606372107e-05,4.6972758127594716e-07,4.932327879458853e-10,6.523635164962311e-05,0.00034029998560062343,0.0007878181380842898,0.0007699757558426308,0.00011805893555709031,2.7470410168037955e-05,0.00039086206769351747,3918853.155341567,11756559.4660247,8.322373201196981e-05,3247501.4628743366,0.000992420906381399,0.32859809296480147,7.970887168085028e-07,7.155678304116009e-06,7.123445584511501e-07,0.001,0.02431797981262207
5649,2025-09-25T00:27:51.228598,151.17693424224854,3.867600389639847e-05,4.06995604862459e-06,1.932276791194454e-05,3.194427563357749e-06,1.1681060641421936e-05,4.0772189890958543e-07,6.941767993762227e-11,5.983310507518311e-05,0.0003050535380686092,0.0008300117741051469,0.0007952307256923355,6.797418584156324e-05,1.0746206938049492e-05,0.00037243321586321595,3995416.2801378337,11986248.840413501,7.30428430929902e-05,3195299.638075811,0.0009558253931027604,0.3568438037839076,7.970887168085028e-07,7.155678304116009e-06,7.123445584511501e-07,0.001,0.026470184326171875
5699,2025-09-25T00:27:52.567699,152.51603507995605,3.708057556650601e-05,4.088974492333364e-06,1.680707464402076e-05,2.968236913147848e-06,1.2737865290546324e-05,4.780201265930373e-07,4.0327061134881603e-10,7.199307202121104e-05,0.00035697473295247034,0.0008975374280769815,0.0008782041754674204,6.594865104843978e-05,2.5957854751192218e-05,0.0003905695534422776,3995416.2801378337,11986248.840413501,7.30428430929902e-05,3195299.638075811,0.0009558253931027604,0.3568438037839076,7.970887168085028e-07,7.155678304116009e-06,7.123445584511501e-07,0.001,0.028851032257080078
5749,2025-09-25T00:27:54.083626,154.03196215629578,3.222575469408184e-05,4.853651716985041e-06,1.5349220120697282e-05,2.298985236848239e-06,9.15259533940116e-06,5.712291226700472e-07,7.786842698420671e-11,0.00010081376839687998,0.00036079514769899053,0.0006500769506796384,0.0008309429884183064,0.0002964504126061781,1.1906552320498095e-05,0.00033702955442321266,4083821.030457472,12251463.091372415,6.420413799135573e-05,3138471.104565668,0.0009231750669312444,0.38857421956648436,7.970887168085028e-07,7.155678304116009e-06,7.123445584511501e-07,0.001,0.2340691089630127
5799,2025-09-25T00:27:55.844800,155.79313611984253,3.3208023523911834e-05,4.691631147579756e-06,1.640397204027977e-05,2.391000862189685e-06,9.117642548517324e-06,6.03635896823107e-07,1.4357989797098014e-10,0.0003683447512606145,0.0003656068828422782,0.0006559200802618756,0.0007302342767099908,4.835169130373736e-05,1.6183890042207464e-05,0.00026188284720778,4083821.030457472,12251463.091372415,6.420413799135573e-05,3138471.104565668,0.0009231750669312444,0.38857421956648436,7.970887168085028e-07,7.155678304116009e-06,7.123445584511501e-07,0.001,0.02700495719909668
5849,2025-09-25T00:27:57.246326,157.1946620941162,2.898610182455741e-05,4.728210114990361e-06,1.340176004305249e-05,2.6350639927841257e-06,7.70373208069941e-06,5.172502142158919e-07,8.473990259494357e-11,0.00013198875634180953,0.0003798184721180444,0.0006105976019866093,0.0006251890684215093,0.0001529466731602453,1.2994896462695051e-05,0.00032243162752906216,4176808.997995596,12530426.993986787,5.6580707124370984e-05,3081358.039580239,0.0008948753647304237,0.42464991403833363,7.970887168085028e-07,7.155678304116009e-06,7.123445584511501e-07,0.001,0.026489973068237305
5899,2025-09-25T00:27:58.526231,158.4745671749115,2.9754337447229773e-05,4.253131010045763e-06,1.4136496247374453e-05,2.54998667514883e-06,8.256567525677383e-06,5.581529194387258e-07,3.4788632478216508e-12,7.213351307374242e-05,0.0003020601965068252,0.0005996983941401921,0.0005768097624643221,4.0813296062901514e-05,2.6348275069560726e-06,0.0002873570681668773,4176808.997995596,12530426.993986787,5.6580707124370984e-05,3081358.039580239,0.0008948753647304237,0.42464991403833363,7.970887168085028e-07,7.155678304116009e-06,7.123445584511501e-07,0.001,0.023226022720336914
5949,2025-09-25T00:27:59.748711,159.69704699516296,3.126516457996331e-05,4.3360714698792435e-06,1.653379513300024e-05,2.3077679998095846e-06,7.498329978261609e-06,5.838527954438177e-07,5.348811171757006e-09,0.00010548256651032398,0.0003544051583646305,0.0005331766337479683,0.0006160926390293119,9.44407430861043e-05,0.00010801134083791664,0.00026199567634080785,4279474.666890201,12838424.000670604,4.9920708880937684e-05,3021783.542623077,0.000869379671734482,0.4651946483770651,7.970887168085028e-07,7.155678304116009e-06,7.123445584511501e-07,0.001,0.025559663772583008
5999,2025-09-25T00:28:00.992466,160.94080209732056,2.6064524718094617e-05,4.552581231109798e-06,1.1778060979850125e-05,2.1076782559248386e-06,6.991043846937828e-06,6.199166477927065e-07,1.5243493578509515e-08,0.00012258174122758392,0.00035135686026985306,0.0005331439075741413,0.0005358468931030032,6.109672711330929e-05,0.00018221231848857854,0.0003105236020196425,4279474.666890201,12838424.000670604,4.9920708880937684e-05,3021783.542623077,0.000869379671734482,0.4651946483770651,7.970887168085028e-07,7.155678304116009e-06,7.123445584511501e-07,0.001,0.024055004119873047
6049,2025-09-25T00:28:02.277079,162.22541522979736,2.7033798687625676e-05,4.21647609982756e-06,1.2993533346161712e-05,2.395203182459227e-06,6.84547876517172e-06,5.815948611598287e-07,1.5111029094683204e-09,0.0004153231949263256,0.0003572742610868369,0.0003750491709070008,0.0005836324513728887,5.286857796192193e-05,5.969432523993943e-05,0.00036018038513203156,4390850.864219244,13172552.59265773,4.4108199913521574e-05,2960696.6407213244,0.0008465735361316701,0.5091003817315893,7.731822506684694e-07,1.3434943866741378e-05,6.481770924438024e-07,0.001,0.023681163787841797
6099,2025-09-25T00:28:03.608442,163.55677819252014,3.212901719962247e-05,4.245975560479565e-06,1.644891017349437e-05,2.878331315514515e-06,7.940754585433751e-06,6.135521743999561e-07,1.4944843140796138e-09,0.0005059618575975339,0.00033163758295705077,0.00044993542650403315,0.0006120480882368457,3.411844598266073e-05,5.928810053952828e-05,0.0004699528742438043,4390850.864219244,13172552.59265773,4.4108199913521574e-05,2960696.6407213244,0.0008465735361316701,0.5091003817315893,7.731822506684694e-07,1.3434943866741378e-05,6.481770924438024e-07,0.001,0.023730039596557617
6149,2025-09-25T00:28:04.823700,164.77203607559204,2.5653804186731577e-05,4.089807134732837e-06,1.2745232197630685e-05,2.5301146706624422e-06,5.567255357163958e-06,7.209130217233906e-07,4.828251687349905e-10,7.138336727589129e-05,0.00037022501733300565,0.0004962339239630476,0.0004051973353645809,0.00013556376572310605,3.526121362133585e-05,0.00043014474324959293,4501469.419049327,13504408.257147983,3.911847675417212e-05,2902340.022347915,0.0008282255628910148,0.5591596911651427,7.731822506684694e-07,1.3434943866741378e-05,6.481770924438024e-07,0.001,0.023043155670166016
6199,2025-09-25T00:28:06.037936,165.9862723350525,2.4811812181724235e-05,4.591470315062907e-06,1.1431994607846718e-05,2.239497462142026e-06,5.623135621135589e-06,9.142304975284787e-07,1.1480611128433793e-08,0.0005312101738979769,0.00029869243861752374,0.0003416285613278623,0.0003960977128236995,0.00019602874078060187,0.00017155808859716307,0.0004308002951605722,4501469.419049327,13504408.257147983,3.911847675417212e-05,2902340.022347915,0.0008282255628910148,0.5591596911651427,7.731822506684694e-07,1.3434943866741378e-05,6.481770924438024e-07,0.001,0.023241281509399414
6249,2025-09-25T00:28:07.870329,167.818665266037,2.6407802579342388e-05,4.151954726694385e-06,1.3496433894033544e-05,2.704596454350394e-06,5.253060407994781e-06,8.01225553459517e-07,5.325777041598201e-10,0.002211440363448722,0.00032831536988433294,0.0004720937025421465,0.0003862478840114756,0.00021472336269849534,3.853851132094962e-05,0.001895442279217635,4605819.561644857,13817458.684934571,3.480941951521734e-05,2848765.0185591592,0.000812572021611828,0.6142835865995627,7.731822506684694e-07,1.3434943866741378e-05,6.481770924438024e-07,0.001,0.025783061981201172
6299,2025-09-25T00:28:09.249474,169.19781017303467,2.8449783712858334e-05,3.8522248360095546e-06,1.5609100955771282e-05,1.6866987380126375e-06,6.571583526238101e-06,7.299312869690766e-07,2.4564852929565006e-10,4.015462357385748e-05,0.0003899725240654077,0.00038477569420809977,0.00042619965883000617,6.924104394101974e-05,2.6139361228475512e-05,0.00038223203990521995,4605819.561644857,13817458.684934571,3.480941951521734e-05,2848765.0185591592,0.000812572021611828,0.6142835865995627,7.731822506684694e-07,1.3434943866741378e-05,6.481770924438024e-07,0.001,0.024849891662597656
6349,2025-09-25T00:28:10.474814,170.42315006256104,2.580633372417651e-05,3.942014245694736e-06,1.3987345482746605e-05,1.8015304021901102e-06,5.274171144264983e-06,8.012730177142657e-07,3.836592366501454e-14,6.063197519396007e-05,0.0002874697573641489,0.0002984809270638417,0.0003764429612964627,4.1270702032221076e-05,3.4164754117353844e-07,0.0002016253103592593,4714057.814407272,14142173.443221817,3.0963133711542924e-05,2788644.8644031114,0.0007974089142215344,0.6749404875474231,7.731822506684694e-07,1.3434943866741378e-05,6.481770924438024e-07,0.001,0.02473592758178711
6399,2025-09-25T00:28:11.686485,171.63482117652893,2.477220732544083e-05,4.141847057326231e-06,1.2952809811395127e-05,2.138930767614511e-06,4.495531811699038e-06,1.0414389635116095e-06,1.6479145825698538e-09,0.0001127164424517521,0.0003100137523266973,0.000324118253020524,0.000297954375839304,0.00039891889316221883,7.064558287286502e-05,0.0003986613145516521,4714057.814407272,14142173.443221817,3.0963133711542924e-05,2788644.8644031114,0.0007974089142215344,0.6749404875474231,7.731822506684694e-07,1.3434943866741378e-05,6.481770924438024e-07,0.001,0.02592301368713379
6449,2025-09-25T00:28:12.925156,172.87349224090576,2.4172246412490495e-05,4.009247732028598e-06,1.2603771210706327e-05,1.428086079613422e-06,5.2705681810039096e-06,7.77646391725284e-07,8.292556685773889e-08,0.00031473383919036074,0.0003661109551752499,0.00028648426832399116,0.00043978972265318274,3.838784247167692e-05,0.0005182470671710217,0.0005863488933243897,4830829.148144078,14492487.444432236,2.7588695733994746e-05,2730241.0237535243,0.0007818980513416796,0.7421903820663648,7.731822506684694e-07,1.3434943866741378e-05,6.481770924438024e-07,0.001,0.02941417694091797
6499,2025-09-25T00:28:14.273344,174.22168016433716,2.2139194697956555e-05,4.057343630847754e-06,1.1419660950195976e-05,1.7752288385963766e-06,4.102030743524665e-06,7.804688948453986e-07,4.463033054236121e-09,0.00014295613821716524,0.0002691552473294253,0.0002601443459849651,0.00033546156885684407,5.622923807088255e-05,0.0001200032560011676,0.00016842622885670662,4830829.148144078,14492487.444432236,2.7588695733994746e-05,2730241.0237535243,0.0007818980513416796,0.7421903820663648,7.731822506684694e-07,1.3434943866741378e-05,6.481770924438024e-07,0.001,0.024960041046142578
6549,2025-09-25T00:28:15.688752,175.6370882987976,2.195901470258832e-05,3.992834535893053e-06,1.1540572813828476e-05,1.5018599697214086e-06,3.812590875895694e-06,1.1110919331258629e-06,6.551217207606541e-11,5.3872586728421844e-05,0.0003476461849877968,0.00022640442626170766,0.00025105504328897486,0.00021185701266290268,1.5183753148550765e-05,0.0004228261982526519,4945624.712821934,14836874.138465803,2.458715566466168e-05,2667647.747839621,0.0007671782787774476,0.8141206605166811,7.224502951430622e-07,4.058929789607646e-06,5.580415063377586e-07,0.001,0.02422618865966797
6599,2025-09-25T00:28:16.941537,176.8898732662201,2.0587673134286888e-05,3.965260930272052e-06,9.754518941917922e-06,1.7170374349007034e-06,4.1351845538883936e-06,1.0102434089276358e-06,5.428628213621778e-09,0.00011290065477787669,0.0003447188873095302,0.00021683538836161535,0.00040430312846379457,0.00020747181235484388,0.00013748792771256415,0.00030955483373845195,4945624.712821934,14836874.138465803,2.458715566466168e-05,2667647.747839621,0.0007671782787774476,0.8141206605166811,7.224502951430622e-07,4.058929789607646e-06,5.580415063377586e-07,0.001,0.02490401268005371
6649,2025-09-25T00:28:18.835840,178.7841761112213,1.822433841880411e-05,4.29878036811715e-06,8.357092156074941e-06,1.5752201534269261e-06,3.1067404506757157e-06,8.503887443112035e-07,3.6116372115202466e-08,0.00016759714460076164,0.00032948241244842017,0.0001994190565047288,0.00023331320461574687,5.8153515413329655e-05,0.0003697610140761859,0.0003864603627521811,5064291.436495599,15192874.309486799,2.1938374716508686e-05,2601130.444918072,0.0007526247134807512,0.8908909911843094,7.224502951430622e-07,4.058929789607646e-06,5.580415063377586e-07,0.001,0.02567291259765625
6699,2025-09-25T00:28:20.307534,180.25587010383606,1.8973501937580295e-05,3.876151822623797e-06,9.012238479044754e-06,1.6848945278979954e-06,3.4824533940991387e-06,9.171775445793173e-07,5.852234252756716e-10,0.0003780059289145426,0.00034209326572807997,0.0001918184589932575,0.00028359776981143987,4.3304098417154726e-05,4.690021421872789e-05,0.00023058158524733626,5064291.436495599,15192874.309486799,2.1938374716508686e-05,2601130.444918072,0.0007526247134807512,0.8908909911843094,7.224502951430622e-07,4.058929789607646e-06,5.580415063377586e-07,0.001,0.026726961135864258
6749,2025-09-25T00:28:21.683826,181.6321620941162,1.7584059605724178e-05,4.1334465095133055e-06,7.938083399494644e-06,1.5556107655356755e-06,2.692555881367298e-06,1.0624044080032036e-06,2.0195878391859878e-07,0.00185109498478146,0.00033260642478750914,0.00023786688082022607,0.00018580528660759368,0.0003006784539729098,0.0008969830164519428,0.0017619411895863795,5166733.988790755,15500201.966372266,1.9616275457413237e-05,2535929.605982721,0.0007401770254045988,0.976207119272952,7.224502951430622e-07,4.058929789607646e-06,5.580415063377586e-07,0.001,0.06984090805053711
6799,2025-09-25T00:28:22.925333,182.87366914749146,1.908081139845308e-05,3.884541456500301e-06,9.336788025393616e-06,1.6450226212327834e-06,3.0092287488514557e-06,1.201348254653567e-06,3.88216081503856e-09,4.1414681191358624e-05,0.0003400692453164984,0.0002502878607125002,0.00024717484684575597,0.00027084950334477405,0.0001239631802691918,0.0004279319472660908,5166733.988790755,15500201.966372266,1.9616275457413237e-05,2535929.605982721,0.0007401770254045988,0.976207119272952,7.224502951430622e-07,4.058929789607646e-06,5.580415063377586e-07,0.001,0.025901079177856445
6849,2025-09-25T00:28:24.173742,184.1220781803131,2.0957430024282075e-05,3.695743998832768e-06,1.1119950613647234e-05,1.6784405261205393e-06,3.2443247164337663e-06,1.2055724027959513e-06,1.3401015408476269e-08,0.00011141515917488402,0.00028856071099107893,0.0002022531498341932,0.00022093268581623737,0.00026321189676362057,0.0002395657986782187,0.00041046568681570055,5279759.427885541,15839278.283656623,1.755986561696162e-05,2471031.4244930753,0.0007271330632034145,1.0672393349770846,7.224502951430622e-07,4.058929789607646e-06,5.580415063377586e-07,0.001,0.027720212936401367
6899,2025-09-25T00:28:25.519940,185.46827626228333,1.6727330148569308e-05,3.903666765836533e-06,7.910668500699103e-06,1.3835806385031901e-06,2.4257376480818493e-06,1.1028677135982434e-06,8.092933545533754e-10,0.0012010307114314724,0.00035338082850904266,0.000170193233255936,0.00021111216208007704,0.000173486049101995,5.8662259263434345e-05,0.0009444518387256019,5279759.427885541,15839278.283656623,1.755986561696162e-05,2471031.4244930753,0.0007271330632034145,1.0672393349770846,7.224502951430622e-07,4.058929789607646e-06,5.580415063377586e-07,0.001,0.12256097793579102
6949,2025-09-25T00:28:26.763958,186.7122941017151,2.0030702216899954e-05,3.8865705391799565e-06,9.763408343133051e-06,1.1007635976056918e-06,3.562934125511674e-06,1.2976860261915135e-06,4.193413474240515e-07,4.634825353679719e-05,0.0003341266653902856,8.685183235543272e-05,0.00023330193799131385,4.642237365278446e-05,0.001376613166728882,0.0014253930047621322,5333794.875510232,16001384.626530696,1.5877227099536e-05,2427737.8294921033,0.0007204447493988052,1.176807861898691,7.224502951430622e-07,4.058929789607646e-06,5.580415063377586e-07,0.001,0.027074098587036133
6999,2025-09-25T00:28:28.017911,187.9662470817566,1.532571332063526e-05,3.6527096654026536e-06,6.7488313106878195e-06,1.1518980045366334e-06,2.654765467013931e-06,1.1150681302751764e-06,2.4403521425853114e-09,0.00014537882976751153,0.00036197521548429805,0.00016116882047596188,0.00021146237594692224,0.00017100126074089968,0.00010465788515432492,0.0002796392757569339,5333794.875510232,16001384.626530696,1.5877227099536e-05,2427737.8294921033,0.0007204447493988052,1.176807861898691,7.224502951430622e-07,4.058929789607646e-06,5.580415063377586e-07,0.001,0.02539801597595215
7049,2025-09-25T00:28:29.336083,189.28441905975342,1.9504190277075395e-05,3.5357318211026723e-06,1.0436766388011165e-05,1.2198844387967256e-06,3.125946022919379e-06,1.1842438425446744e-06,1.617990519342527e-09,8.260064001442269e-05,0.000287493699405091,0.0001268451577345876,0.0001803273261839533,0.0003966329086389637,8.906469332226735e-05,0.00035503088560651,5388139.300831318,16164417.902493954,1.4379340691461774e-05,2384462.8674588753,0.0007138445904501621,1.295109108307145,6.560201768479601e-07,3.452964392636204e-06,4.910157258564141e-07,0.001,0.025016069412231445
7099,2025-09-25T00:28:30.591664,190.5400002002716,1.4777777323615737e-05,3.44328736900934e-06,6.870939614600502e-06,1.175808051812055e-06,2.1283881324052345e-06,1.1534583563843626e-06,5.8960267779184505e-09,0.00023707994395420664,0.0002958797614311505,0.0001215403861240115,0.0001741779837663177,9.115239098686533e-05,0.00016957375110594595,0.00024893330856475747,5388139.300831318,16164417.902493954,1.4379340691461774e-05,2384462.8674588753,0.0007138445904501621,1.295109108307145,6.560201768479601e-07,3.452964392636204e-06,4.910157258564141e-07,0.001,0.024557113647460938
7149,2025-09-25T00:28:32.135690,192.08402609825134,1.3471810234477744e-05,2.893048304031254e-06,6.460882104875054e-06,1.1106347983513842e-06,1.8596093696032767e-06,1.0831187182702706e-06,6.451649881000776e-08,0.0001666082975556374,0.0003100063710027397,0.00010422998327035413,0.00016515221513461488,6.19085503941181e-05,0.0005675816644572485,0.000561646964788249,5433694.986291288,16301084.958873864,1.3050415292955837e-05,2342729.265799188,0.0007083229514535062,1.4185017589453615,6.560201768479601e-07,3.452964392636204e-06,4.910157258564141e-07,0.001,0.14243292808532715
7199,2025-09-25T00:28:33.413054,193.36139011383057,1.9193754269508645e-05,3.3391740998922614e-06,1.0587323231447954e-05,1.1526176422194112e-06,2.6825446184375323e-06,1.432056365047174e-06,3.9026122611307557e-11,3.7454128544386186e-05,0.00025636271083098234,0.0001329949214245324,0.00016025233639189635,4.6705722625337926e-05,1.3885936240740533e-05,0.00025304746341107417,5433694.986291288,16301084.958873864,1.3050415292955837e-05,2342729.265799188,0.0007083229514535062,1.4185017589453615,6.560201768479601e-07,3.452964392636204e-06,4.910157258564141e-07,0.001,0.026915788650512695
7249,2025-09-25T00:28:34.664004,194.6123402118683,1.3666819540958386e-05,3.1394233701576013e-06,5.989018063701224e-06,1.0662223530744086e-06,2.1195364752202295e-06,1.350502998320735e-06,2.11523665250013e-09,0.0002830922499176488,0.0002445238722155456,0.00012126622087923596,0.00017213156797563653,0.00026230051815749497,0.00010673767486396219,0.0003271437843995128,5479778.1139948005,16439334.341984402,1.1842387671677591e-05,2297640.5732679274,0.0007028285045351518,1.5538798200474009,6.560201768479601e-07,3.452964392636204e-06,4.910157258564141e-07,0.001,0.025437116622924805
7299,2025-09-25T00:28:35.912433,195.860769033432,1.3761105037701782e-05,3.3018038720911136e-06,5.767550646851305e-06,1.4585826875190833e-06,1.8047210232907673e-06,1.4257177554100053e-06,2.72827604952397e-09,3.686194524670308e-05,0.0002482906178809259,0.00014519288208388859,0.00012305672441858295,0.00021769882894693304,0.00012088775185204455,0.0003505766519289753,5479778.1139948005,16439334.341984402,1.1842387671677591e-05,2297640.5732679274,0.0007028285045351518,1.5538798200474009,6.560201768479601e-07,3.452964392636204e-06,4.910157258564141e-07,0.001,0.02383589744567871
7349,2025-09-25T00:28:37.268868,197.21720433235168,1.3396926078712568e-05,3.2939749416982522e-06,5.793766376882559e-06,1.2224580814290675e-06,1.6104005453598802e-06,1.476187321713951e-06,1.3921851171883048e-10,0.000605068278390492,0.0002477448319265964,0.00012281944724728796,0.00010529165042948148,0.00030059941155844864,2.842064009409322e-05,0.00045689111285974234,5536479.006123974,16609437.018371921,1.0762651668561744e-05,2254652.6503066416,0.0006962997674058321,1.6960927602144793,6.560201768479601e-07,3.452964392636204e-06,4.910157258564141e-07,0.001,0.045200347900390625
7399,2025-09-25T00:28:38.520684,198.46902012825012,1.2729547052003909e-05,3.074452934015426e-06,5.2929258345102426e-06,9.967134246835485e-07,1.79695825863746e-06,1.5683423271184438e-06,1.542587307890031e-10,0.00023156281919759153,0.00021995673660110798,0.00011065665948918099,0.0001430169890189736,4.718202960468849e-05,2.9830374319583458e-05,0.00012198468829001536,5536479.006123974,16609437.018371921,1.0762651668561744e-05,2254652.6503066416,0.0006962997674058321,1.6960927602144793,6.560201768479601e-07,3.452964392636204e-06,4.910157258564141e-07,0.001,0.02403879165649414
7449,2025-09-25T00:28:39.776788,199.72512412071228,1.5003642147348728e-05,3.0873668492858997e-06,6.482400294771651e-06,9.978995194614981e-07,1.9846186205541017e-06,1.5931569805616164e-06,8.581997121837048e-07,0.0016783320659667414,0.00017983525627108746,0.00010206471222464623,0.0001339229273934722,0.0001660452560500062,0.002261336120071847,0.0027800364079693745,5579140.9702372495,16737422.910711749,9.803042936376918e-06,2213520.932035839,0.0006913537555891051,1.854182302995183,6.560201768479601e-07,3.452964392636204e-06,4.910157258564141e-07,0.001,0.02559685707092285
7499,2025-09-25T00:28:41.010092,200.95842814445496,1.2421803148754407e-05,3.214674734408618e-06,5.06899914398673e-06,1.087600935534283e-06,1.391931277794356e-06,1.6569854324188782e-06,1.6108135936221402e-09,3.881466487022183e-05,0.00022537458069150348,0.000128723953519454,0.00011563410059470372,4.404631286858937e-05,9.760495726893339e-05,0.00027784783001190015,5579140.9702372495,16737422.910711749,9.803042936376918e-06,2213520.932035839,0.0006913537555891051,1.854182302995183,6.560201768479601e-07,3.452964392636204e-06,4.910157258564141e-07,0.001,0.02434992790222168
7549,2025-09-25T00:28:42.978468,202.92680430412292,1.2573965250339825e-05,2.6608381631376687e-06,5.4117158470035065e-06,1.0752047501227935e-06,1.5623742228854098e-06,1.8620552282300196e-06,1.7774683946925052e-09,3.7166151705046863e-05,0.00022763266826284506,0.00013440801352206103,8.632898413064536e-05,0.0001651600351197016,0.00010666615209725975,0.0003342108245752578,5622064.431838518,16866193.295515552,8.926962280000243e-06,2170202.260243814,0.0006864499574781073,2.0173579950043443,5.798671622869733e-07,2.982870000778348e-06,4.275721892099682e-07,0.001,0.024293184280395508
7599,2025-09-25T00:28:44.342280,204.29061603546143,1.1540111700014677e-05,2.6714137675298844e-06,5.033611614635447e-06,8.831119089336426e-07,1.4630024907091865e-06,1.4889154726915876e-06,5.677056394426394e-11,3.3036289364904684e-05,0.00021324336977682665,8.648519558544462e-05,0.00011106285501016705,0.00032542459552489567,1.902902229076304e-05,0.00038095440874255675,5622064.431838518,16866193.295515552,8.926962280000243e-06,2170202.260243814,0.0006864499574781073,2.0173579950043443,5.798671622869733e-07,2.982870000778348e-06,4.275721892099682e-07,0.001,0.025393962860107422
7649,2025-09-25T00:28:45.664089,205.61242532730103,1.3003167623537593e-05,3.2541499876970192e-06,5.187183887755964e-06,8.482744533466757e-07,1.3904563047617557e-06,1.71629062606371e-06,6.068109996704152e-07,3.984871509498897e-05,0.00019730746663335327,8.756844973002903e-05,7.316670137713627e-05,0.0003462550918533403,0.0020314319725630143,0.0020884243965480637,5687188.343247753,17061565.029743258,8.160948881384316e-06,2132729.661288136,0.000679397766928059,2.2028513550317905,5.798671622869733e-07,2.982870000778348e-06,4.275721892099682e-07,0.001,0.024329423904418945
7699,2025-09-25T00:28:46.932165,206.8805012702942,1.2093658369849436e-05,2.675520136108389e-06,5.401027920015622e-06,8.727228077987093e-07,1.171257849819085e-06,1.9731289739866043e-06,7.826099794258634e-13,0.00014873228864814512,0.00013608886097885093,6.785325792431395e-05,7.983395656618773e-05,5.363627524000805e-05,2.300729738718673e-06,8.471911622128262e-05,5687188.343247753,17061565.029743258,8.160948881384316e-06,2132729.661288136,0.000679397766928059,2.2028513550317905,5.798671622869733e-07,2.982870000778348e-06,4.275721892099682e-07,0.001,0.023786306381225586
7749,2025-09-25T00:28:48.174838,208.12317419052124,1.0624514288792852e-05,2.40304848375672e-06,3.619022891143686e-06,8.870168812791235e-07,1.3733044852415333e-06,2.3301190594793297e-06,1.2002746352379745e-08,0.00024704855183552545,0.00017395822995281644,7.569626001307695e-05,0.00012225087104442007,0.00035150051971247903,0.0002891196290825459,0.0005079170454646613,5742435.961384318,17227307.884152953,7.476431859712949e-06,2097946.314487659,0.0006734353657018737,2.412036349215298,5.798671622869733e-07,2.982870000778348e-06,4.275721892099682e-07,0.001,0.028304100036621094
7799,2025-09-25T00:28:49.429021,209.377357006073,1.1215312042622827e-05,2.6541449642536463e-06,4.110494955966715e-06,8.771023090048402e-07,1.4798310985497665e-06,2.0921172563248547e-06,1.621521028560835e-09,4.583082560279882e-05,0.0001459991295922153,7.645549880182096e-05,8.319708351175503e-05,0.00019735341472865113,0.00010590153513647608,0.00021369663859733672,5742435.961384318,17227307.884152953,7.476431859712949e-06,2097946.314487659,0.0006734353657018737,2.412036349215298,5.798671622869733e-07,2.982870000778348e-06,4.275721892099682e-07,0.001,0.02541065216064453
7849,2025-09-25T00:28:50.804077,210.75241327285767,1.2405367669998668e-05,2.5593249119992834e-06,5.402615443017567e-06,8.275740128738107e-07,1.7272210470764549e-06,1.8882835775002604e-06,3.4804667481402873e-10,3.291164144126166e-05,0.0001273575151953628,8.225853783302708e-05,9.241498962810926e-05,7.332899780617747e-05,5.111521393732281e-05,0.00014833326191745182,5810906.498386619,17432719.495159857,6.868305788475488e-06,2066958.2894436123,0.0006663374287652593,2.6300417242621528,5.798671622869733e-07,2.982870000778348e-06,4.275721892099682e-07,0.001,0.02494215965270996
7899,2025-09-25T00:28:52.059362,212.00769805908203,1.0235432455374394e-05,2.385069137744722e-06,3.459264917182736e-06,8.356890930372174e-07,1.3403644061327213e-06,2.2139713564683916e-06,1.0737971622987175e-09,0.00029248379035660315,0.00012625687488689187,5.614780334537429e-05,7.361611259634765e-05,0.00017402199616474282,8.96933301575757e-05,0.00028648465702789725,5810906.498386619,17432719.495159857,6.868305788475488e-06,2066958.2894436123,0.0006663374287652593,2.6300417242621528,5.798671622869733e-07,2.982870000778348e-06,4.275721892099682e-07,0.001,0.024855852127075195
7949,2025-09-25T00:28:53.301099,213.2494351863861,1.2276711458980571e-05,2.479993327142438e-06,5.823961146234069e-06,6.254559252738545e-07,1.1773314554375247e-06,1.6412531067544478e-06,5.287163844513998e-07,3.627672504939628e-05,0.00014627667478205159,6.430501374025576e-05,7.488787998179749e-05,0.00018997408757702902,0.00205924334685298,0.002108839385123913,5862797.095958326,17588391.287874978,6.352540397395813e-06,2047585.363413977,0.0006609196017069934,2.8695684661759495,5.798671622869733e-07,2.982870000778348e-06,4.275721892099682e-07,0.001,0.02657794952392578
7999,2025-09-25T00:28:54.757673,214.7060091495514,1.1844098480651155e-05,2.2029055344319204e-06,5.544191026274348e-06,7.80170637426636e-07,1.552496200929454e-06,1.7533076288600569e-06,1.1026647150913504e-08,3.08265909561206e-05,0.00014890450808247976,6.591138130122821e-05,8.78707662182855e-05,6.191551997272896e-05,0.00029659852971770787,0.0002925439378813139,5862797.095958326,17588391.287874978,6.352540397395813e-06,2047585.363413977,0.0006609196017069934,2.8695684661759495,5.798671622869733e-07,2.982870000778348e-06,4.275721892099682e-07,0.001,0.03104996681213379
8049,2025-09-25T00:28:56.362374,216.3107099533081,1.2198162949061953e-05,2.151650505766156e-06,5.355054781830404e-06,5.752222591581813e-07,1.4569769746231032e-06,2.479662498444668e-06,1.7959506237730238e-07,3.788533640844998e-05,0.00013624489100453398,4.875457008803576e-05,6.589183934751682e-05,0.0003414870385263506,0.001199005762834923,0.0012824917502661792,5917724.986069407,17753174.958208222,5.878769750219452e-06,2026074.926780248,0.0006553063538783281,3.06753205562536,5.004152399123996e-07,2.616683786982321e-06,3.793010137087549e-07,0.001,0.024144887924194336
8099,2025-09-25T00:28:57.612201,217.56053709983826,1.2885083378932904e-05,1.9779599824687466e-06,7.102129529812373e-06,6.274232191572082e-07,1.1415976359785418e-06,2.034428007391398e-06,1.5448249346405873e-09,0.00010367084132555915,8.971916694751983e-05,5.7470017272365636e-05,5.854669032115535e-05,5.709482551961981e-05,0.00011080740720663266,0.00015450102430497622,5917724.986069407,17753174.958208222,5.878769750219452e-06,2026074.926780248,0.0006553063538783281,3.06753205562536,5.004152399123996e-07,2.616683786982321e-06,3.793010137087549e-07,0.001,0.02537083625793457
8149,2025-09-25T00:28:58.923891,218.87222695350647,8.879109373083338e-06,2.0949669305991847e-06,3.622265467129182e-06,4.710182963663101e-07,9.860933687377837e-07,1.7042294757629861e-06,5.358934407340143e-10,7.727422389499569e-05,0.0001422374183188339,3.932846752309533e-05,6.278750574941067e-05,0.00010351700065578697,6.721503690918689e-05,9.810093706383754e-05,5965847.849711312,17897543.549133934,5.451279264636836e-06,2006852.34552333,0.0006504151384814892,3.2631821129713656,5.004152399123996e-07,2.616683786982321e-06,3.793010137087549e-07,0.001,0.024478912353515625
8199,2025-09-25T00:29:00.396452,220.344788312912,1.0787665814859793e-05,1.9121746390737826e-06,4.5818137550668325e-06,6.739720674886485e-07,8.510982638654241e-07,2.7675430374074494e-06,1.0643557146750027e-09,2.9908974381410642e-05,8.749302444027001e-05,6.0652048291129404e-05,4.6831973955283806e-05,0.0005921107197354507,9.457314326596108e-05,0.0006195722955593764,5965847.849711312,17897543.549133934,5.451279264636836e-06,2006852.34552333,0.0006504151384814892,3.2631821129713656,5.004152399123996e-07,2.616683786982321e-06,3.793010137087549e-07,0.001,0.02723097801208496
8249,2025-09-25T00:29:01.692499,221.6408350467682,9.188646799884737e-06,1.9854153379128547e-06,3.4497932119847974e-06,5.6965120620589e-07,8.25295558115613e-07,2.3581537789141294e-06,3.383776314702658e-10,3.315180444095867e-05,0.00010392929995508615,4.205530052194389e-05,3.7527628039088124e-05,6.877551841167418e-05,5.4814876727641184e-05,0.00010468930133477326,6022354.769123359,18067064.307370074,5.06239722729872e-06,1989638.5566840079,0.000634252495909151,3.4564102210817627,5.004152399123996e-07,2.616683786982321e-06,3.793010137087549e-07,0.001,0.023729801177978516
8299,2025-09-25T00:29:03.277107,223.22544312477112,9.235003744834103e-06,1.7616349623494898e-06,3.6018184346175985e-06,4.7495609578618314e-07,8.404753089052974e-07,2.547516260165139e-06,8.602730972029349e-09,2.8552546717707405e-05,0.0001279525491450272,3.865125375965393e-05,7.300520173008101e-05,0.00039171538880372674,0.00027589483123871946,0.0004647052338295459,6022354.769123359,18067064.307370074,5.06239722729872e-06,1989638.5566840079,0.000634252495909151,3.4564102210817627,5.004152399123996e-07,2.616683786982321e-06,3.793010137087549e-07,0.001,0.026234865188598633
8349,2025-09-25T00:29:04.538004,224.48634004592896,8.616390005045105e-06,1.7151136262327782e-06,2.872050117730396e-06,3.8021633486096107e-07,1.2173900358902756e-06,2.3361501462204615e-06,9.54693035737364e-08,3.746942049817068e-05,7.639484047271436e-05,3.2408609243899286e-05,5.2361431251619446e-05,4.9328520672361033e-05,0.0009242088860391675,0.0008908891565835052,6084540.820233753,18253622.460701257,4.707907645562943e-06,1971190.7037846479,0.0006120619133663335,3.597694599560832,5.004152399123996e-07,2.616683786982321e-06,3.793010137087549e-07,0.001,0.028484106063842773
8399,2025-09-25T00:29:05.785676,225.7340121269226,7.33449178369483e-06,1.697734205663437e-06,2.070924210784142e-06,4.119484913189808e-07,8.676566380927397e-07,2.2838535187474918e-06,2.3747599442458522e-09,9.30962158341512e-05,0.00012057862573175914,2.3731231279299647e-05,4.3563632981133453e-05,4.5758991867458146e-05,0.00014542550311100676,0.00013598248365575446,6084540.820233753,18253622.460701257,4.707907645562943e-06,1971190.7037846479,0.0006120619133663335,3.597694599560832,5.004152399123996e-07,2.616683786982321e-06,3.793010137087549e-07,0.001,0.02496194839477539
8449,2025-09-25T00:29:07.047103,226.9954390525818,6.819923328293953e-06,1.738989340083208e-06,1.9163724118698156e-06,4.834727747038414e-07,7.958948344821692e-07,1.8850441847462207e-06,1.499281671035746e-10,0.0003381729711025814,9.814660189421278e-05,5.136581111831094e-05,3.817195268558212e-05,0.0001401271947384265,3.708644639925748e-05,0.00029618194301343987,6139106.513124638,18406555.54198185,4.391212831042296e-06,1956069.8306522088,0.0005918165248877765,3.7206927739278206,5.004152399123996e-07,2.616683786982321e-06,3.793010137087549e-07,0.001,0.024019956588745117
8499,2025-09-25T00:29:08.319187,228.26752305030823,8.118617188301869e-06,1.6780733176346985e-06,2.744895255091251e-06,4.533129640549305e-07,7.154171157708333e-07,2.517254870326724e-06,9.6630943247078e-09,3.5499543981393215e-05,0.00010895673910336981,4.64650576787507e-05,3.2356210878280665e-05,0.00017911438524125515,0.0002973098825489359,0.0003460894158431494,6139106.513124638,18406555.54198185,4.391212831042296e-06,1956069.8306522088,0.0005918165248877765,3.7206927739278206,5.004152399123996e-07,2.616683786982321e-06,3.793010137087549e-07,0.001,0.024531841278076172
8549,2025-09-25T00:29:09.786794,229.73513007164001,8.070132935245056e-06,1.8518771867093164e-06,2.4823609692248283e-06,4.670659450312087e-07,8.168380531969888e-07,2.332267058591242e-06,1.197241203954036e-07,3.494012176189854e-05,6.165851302962655e-05,4.045451271409309e-05,3.4067985986619456e-05,9.562114015114529e-05,0.001045643585634012,0.0010197639207415617,6204092.884029736,18517076.4571071,4.105660684881353e-06,1945052.6008055469,0.0005706295691746084,3.787171329024175,4.108004247882491e-07,2.43160661739239e-06,3.331221876123891e-07,0.001,0.025874853134155273
8599,2025-09-25T00:29:11.020185,230.96852111816406,1.2242893717484549e-05,1.5148947341003804e-06,6.259688689169707e-06,6.371703307195276e-07,1.2876203072664794e-06,2.5369365630467655e-06,6.5837819640535145e-09,2.4459498617202883e-05,7.721980685986432e-05,4.732600330997402e-05,5.4672031322126676e-05,0.00020989720555261617,0.0002446509154570181,0.00033020393797408783,6204092.884029736,18517076.4571071,4.105660684881353e-06,1945052.6008055469,0.0005706295691746084,3.787171329024175,4.108004247882491e-07,2.43160661739239e-06,3.331221876123891e-07,0.001,0.02336597442626953
8649,2025-09-25T00:29:12.434001,232.38233709335327,1.0147913599212188e-05,1.5835084923310205e-06,4.627666385204066e-06,3.9568334386785864e-07,7.696338570895023e-07,2.770193987089442e-06,1.2267044047220566e-09,4.902295920894768e-05,6.553642737111708e-05,3.131569557446079e-05,2.9850857607562928e-05,6.011864678412758e-05,0.0001057990549229593,7.479449726896624e-05,6282922.872789984,18612352.126010504,3.8473665233347275e-06,1935580.9273255307,0.0005479048641302233,3.8110683604787914,4.108004247882491e-07,2.43160661739239e-06,3.331221876123891e-07,0.001,0.19635009765625
8699,2025-09-25T00:29:13.808759,233.75709509849548,7.665915290999692e-06,1.503521048107359e-06,2.566087914601667e-06,4.32839783570671e-07,8.285616104330984e-07,2.1840435238118516e-06,1.5086192206581472e-07,9.997506381167653e-05,4.014390294259478e-05,3.475588564117335e-05,4.0877889187390576e-05,7.800359106696644e-05,0.001171546720833127,0.001205019711884399,6282922.872789984,18612352.126010504,3.8473665233347275e-06,1935580.9273255307,0.0005479048641302233,3.8110683604787914,4.108004247882491e-07,2.43160661739239e-06,3.331221876123891e-07,0.001,0.025757789611816406
8749,2025-09-25T00:29:15.045375,234.99371099472046,7.3830133260344155e-06,1.678797957538336e-06,2.2258043372858083e-06,4.3889400558327907e-07,8.188167157641146e-07,2.0922782368870685e-06,1.2842259877743345e-07,2.51870931630589e-05,8.066961335676685e-05,4.869288457959959e-05,3.1584588802450327e-05,0.00024230011249810697,0.0010670849185759302,0.001057950857866467,6494905.342342179,19174063.925846696,3.7003228004321063e-06,1974509.6969968292,0.0005388856147559376,3.727726205290338,4.108004247882491e-07,2.43160661739239e-06,3.331221876123891e-07,0.001,0.026491880416870117
8799,2025-09-25T00:29:16.313226,236.26156210899353,8.58890689414693e-06,1.4729375834576786e-06,3.046446863663732e-06,2.872941990972322e-07,6.832578378634935e-07,2.9307020668056794e-06,1.6826795956603746e-07,4.380932946421495e-05,7.499568710410728e-05,2.4774376795869547e-05,3.874853834811581e-05,0.00017877737754234363,0.0012171963364549167,0.00127680893341121,6494905.342342179,19174063.925846696,3.7003228004321063e-06,1974509.6969968292,0.0005388856147559376,3.727726205290338,4.108004247882491e-07,2.43160661739239e-06,3.331221876123891e-07,0.001,0.024374008178710938
8849,2025-09-25T00:29:17.718336,237.66667222976685,7.121186172298621e-06,1.4696746575282305e-06,2.6009126941062277e-06,3.164205395478348e-07,7.051438046801195e-07,2.028258904829272e-06,7.758044207051285e-10,2.61375189537331e-05,8.129966227360619e-05,2.9259840901475936e-05,3.976695833249318e-05,0.00012117404343155537,8.02010827745378e-05,0.00014214951239582973,6729536.098547277,19760101.265987538,3.574924760374862e-06,2020233.3665437805,0.0005289465127715119,3.522032549605944,4.108004247882491e-07,2.43160661739239e-06,3.331221876123891e-07,0.001,0.029017210006713867
8899,2025-09-25T00:29:19.032729,238.9810652732849,6.834940450062277e-06,1.457476514588052e-06,2.1062296582385898e-06,4.102390960269986e-07,7.684669185437087e-07,2.089971076202346e-06,2.556862499503154e-09,2.67464761700306e-05,6.0231701630512926e-05,3.676063458103483e-05,2.330958313991442e-05,0.00010004968198565799,0.00014535208492724445,0.00017652290972738088,6729536.098547277,19760101.265987538,3.574924760374862e-06,2020233.3665437805,0.0005289465127715119,3.522032549605944,4.108004247882491e-07,2.43160661739239e-06,3.331221876123891e-07,0.001,0.02445530891418457
8949,2025-09-25T00:29:20.726484,240.67482018470764,5.88810098633985e-06,1.4652257505076705e-06,1.7410116015526e-06,3.365699114965537e-07,5.492839250109682e-07,1.7687942772681708e-06,2.7215069309249884e-08,3.42348438813064e-05,5.496612826373247e-05,3.428605757920586e-05,2.0510426408922727e-05,0.00033497447962016095,0.00046007065424834574,0.0005465330924992794,6981133.823813605,20343537.22327454,3.4601660950232018e-06,2070486.4292729176,0.0005186238349963628,3.32416666685831,4.108004247882491e-07,2.43160661739239e-06,3.331221876123891e-07,0.001,0.026935100555419922
8999,2025-09-25T00:29:22.193621,242.14195704460144,6.559544999618083e-06,1.486604674028058e-06,2.0879310795862693e-06,2.9448446525748295e-07,8.085201557150867e-07,1.8820044260792201e-06,1.1809812771267601e-14,6.207508351948722e-05,4.993472970104907e-05,2.7873717070266764e-05,2.9042735781656828e-05,3.859888731476276e-05,3.025604392617157e-07,5.594212370725986e-05,6981133.823813605,20343537.22327454,3.4601660950232018e-06,2070486.4292729176,0.0005186238349963628,3.32416666685831,4.108004247882491e-07,2.43160661739239e-06,3.331221876123891e-07,0.001,0.027208805084228516
9049,2025-09-25T00:29:23.723722,243.67205810546875,1.0193451998929959e-05,1.4658902500741533e-06,5.272885118756676e-06,2.243831005444008e-07,5.415573696154752e-07,2.6880927634920226e-06,6.432523402821744e-10,0.001254698091792911,4.8661260243198194e-05,2.7766282544424416e-05,2.2295502049881217e-05,0.0006483932346284575,6.855382080621117e-05,0.0014826660073259262,7219888.785484266,20905896.159140557,3.3516736948625033e-06,2121596.367353075,0.0005085632205561436,3.1433929877008193,3.34330223950019e-07,2.9174916562624276e-06,2.9338139029277954e-07,0.001,0.027535200119018555
9099,2025-09-25T00:29:25.172183,245.12051916122437,9.637955372454599e-06,1.4261571550377994e-06,4.7796083890716545e-06,3.520834184200794e-07,8.296614737446362e-07,2.2483698103314964e-06,2.0743076145635087e-09,2.3207274594753128e-05,4.0077597417656804e-05,3.9883405596679666e-05,2.345876627838045e-05,8.287260849054165e-05,0.00012287073411008142,0.00017302618872148758,7219888.785484266,20905896.159140557,3.3516736948625033e-06,2121596.367353075,0.0005085632205561436,3.1433929877008193,3.34330223950019e-07,2.9174916562624276e-06,2.9338139029277954e-07,0.001,0.02734208106994629
9149,2025-09-25T00:29:26.489076,246.4374120235443,7.475637630705023e-06,1.2346145012998022e-06,3.037828491869732e-06,3.6753507970388455e-07,9.969114671548596e-07,1.8382204416411696e-06,5.269692460174724e-10,0.00014708803664138957,6.092971816615606e-05,3.953855414611531e-05,2.6504594362060277e-05,9.086634864930534e-05,6.00941172374235e-05,0.0001283271444512376,7476177.176731102,21484479.571230132,3.2513474380339233e-06,2177033.965693171,0.0004982503942877002,2.9694089229225002,3.34330223950019e-07,2.9174916562624276e-06,2.9338139029277954e-07,0.001,0.026918888092041016
9199,2025-09-25T00:29:27.843411,247.79174709320068,7.088353413564619e-06,1.4216270756151062e-06,2.3374066131509608e-06,2.7139699909639603e-07,6.108134016358235e-07,2.438957153572119e-06,8.151687325153034e-09,0.0003661054921378499,2.199512762467429e-05,2.7193632386390427e-05,1.9503702049999084e-05,0.00042611185625962236,0.000236015255294199,0.0005698932814924233,7476177.176731102,21484479.571230132,3.2513474380339233e-06,2177033.965693171,0.0004982503942877002,2.9694089229225002,3.34330223950019e-07,2.9174916562624276e-06,2.9338139029277954e-07,0.001,0.0251619815826416
9249,2025-09-25T00:29:29.173342,249.12167811393738,5.50513323105406e-06,1.1417799896662473e-06,1.6151853969859076e-06,2.8171515964459104e-07,6.815511710556166e-07,1.7848210518423002e-06,8.034303083936933e-11,2.8192131727988957e-05,3.9111535288874e-05,2.576933666661799e-05,2.821196833678039e-05,0.0001623645690733505,2.280659797191635e-05,0.0001797477860347056,7627803.274239134,22370112.117949635,3.19745863600801e-06,2263910.8611496408,0.00048528233448251294,2.823201997522822,3.34330223950019e-07,2.9174916562624276e-06,2.9338139029277954e-07,0.001,0.024824857711791992
9299,2025-09-25T00:29:30.469725,250.4180610179901,7.259273388626752e-06,1.100513941310055e-06,2.749062332441099e-06,3.4983835917046235e-07,9.600245221008663e-07,2.0998099898861255e-06,2.408209742732481e-11,3.8375313233288256e-05,4.401358376255617e-05,4.0344898907694725e-05,2.9161026052764767e-05,0.0001333078778091502,1.2464399404087724e-05,0.00016785693371223942,7627803.274239134,22370112.117949635,3.19745863600801e-06,2263910.8611496408,0.00048528233448251294,2.823201997522822,3.34330223950019e-07,2.9174916562624276e-06,2.9338139029277954e-07,0.001,0.02694082260131836
9349,2025-09-25T00:29:32.218456,252.16679215431213,9.60230863711331e-06,1.0884115226872382e-06,5.005153980164323e-06,3.2312695452674234e-07,7.30074077637255e-07,2.4537337139918236e-06,1.8077768171309572e-09,2.0182815807217852e-05,3.717237056365962e-05,3.356332473236938e-05,2.092503409208051e-05,9.72281042495059e-05,0.00010524437226845606,0.00010365792845753438,7778846.103583509,23253973.26847023,3.1454906466765743e-06,2353701.7510869666,0.00047083043793245515,2.6895888859229014,3.34330223950019e-07,2.9174916562624276e-06,2.9338139029277954e-07,0.001,0.027161121368408203
9399,2025-09-25T00:29:33.523484,253.4718201160431,5.972970484435791e-06,1.1339986940583913e-06,1.6812016383482842e-06,3.3513674679852556e-07,6.42162603980978e-07,2.1804555672133574e-06,1.4908716622352713e-11,3.7801708930041535e-05,5.897153041427766e-05,4.5524515381041534e-05,1.5769680857259536e-05,0.00013338547547114073,9.53993800701519e-06,0.00017428148963964343,7778846.103583509,23253973.26847023,3.1454906466765743e-06,2353701.7510869666,0.00047083043793245515,2.6895888859229014,3.34330223950019e-07,2.9174916562624276e-06,2.9338139029277954e-07,0.001,0.02599501609802246
9449,2025-09-25T00:29:34.794345,254.74268102645874,5.6312792366952635e-06,1.0810332469191053e-06,1.8999940039066132e-06,2.8613951030820317e-07,7.412733111777925e-07,1.6226857724177535e-06,1.5303489031559536e-10,1.9284420160440975e-05,3.180538120174232e-05,2.7848267514390494e-05,2.6848452768723478e-05,0.00018430383779626886,2.982037368609822e-05,0.00018439317796185926,7930568.85392298,23791706.56176894,3.0949979490887154e-06,2450110.0640545073,0.00045509172615249786,2.5685657903681443,3.34330223950019e-07,2.9174916562624276e-06,2.9338139029277954e-07,0.001,0.02963089942932129
9499,2025-09-25T00:29:36.044067,255.9924032688141,6.393881903932197e-06,1.0470432698639343e-06,2.7347491595719475e-06,3.550861151779827e-07,7.349806310230633e-07,1.5220065279208939e-06,1.6112590428551954e-11,3.36175131244426e-05,6.958893335623926e-05,5.8757695409052886e-05,1.5032824867918866e-05,0.0002873516677354533,9.655552505917458e-06,0.00032894540083825005,7930568.85392298,23791706.56176894,3.0949979490887154e-06,2450110.0640545073,0.00045509172615249786,2.5685657903681443,3.34330223950019e-07,2.9174916562624276e-06,2.9338139029277954e-07,0.001,0.02514815330505371
9549,2025-09-25T00:29:37.401539,257.3498752117157,5.447333478514338e-06,9.120759045799787e-07,1.395922822666762e-06,2.6966372956849227e-07,5.619486955765751e-07,2.3056149984768126e-06,2.1071635547542655e-09,5.524766748383468e-05,3.907307331145261e-05,3.330223346800734e-05,2.8454443929944135e-05,0.00026931494978976755,0.00010788960810844031,0.0002758206157962999,8088423.189880072,24265269.569640215,3.044481043080719e-06,2554891.63697687,0.00043513006811465177,2.4602263695486917,2.6371679950898397e-07,2.0734546524181496e-06,2.495403634839022e-07,0.001,0.026362180709838867
9599,2025-09-25T00:29:38.677302,258.62563824653625,7.412246759486152e-06,9.572744374963804e-07,3.45010494129383e-06,2.6836593747248116e-07,1.0998843436027528e-06,1.635671310395992e-06,9.46078215768864e-10,1.8620241750848108e-05,5.242652653908614e-05,3.230893405068694e-05,3.093054517723711e-05,0.00017505720205796726,7.219056074929831e-05,0.0001417791490938793,8088423.189880072,24265269.569640215,3.044481043080719e-06,2554891.63697687,0.00043513006811465177,2.4602263695486917,2.6371679950898397e-07,2.0734546524181496e-06,2.495403634839022e-07,0.001,0.024418115615844727
9649,2025-09-25T00:29:40.097693,260.04602909088135,5.228700047155144e-06,9.779528227227274e-07,1.3136872212271555e-06,2.6524656959736603e-07,6.218741077645973e-07,2.030221139648347e-06,1.9718491728326626e-08,2.7283232034330046e-05,2.7069902373908338e-05,3.601963948718638e-05,1.3350186159650706e-05,0.00011074239212704107,0.0003217512615257904,0.0003206082552619852,8251234.987259238,24753704.961777713,2.994330571236814e-06,2659668.9896116327,0.0004133136906694951,2.3525076989097378,2.6371679950898397e-07,2.0734546524181496e-06,2.495403634839022e-07,0.001,0.024446964263916016
9699,2025-09-25T00:29:41.347764,261.2961001396179,6.96515962772537e-06,6.918840540492965e-07,3.0927542411518516e-06,2.547910469274939e-07,9.99466124085302e-07,1.924417802001699e-06,1.8462349427039726e-09,1.60165386082832e-05,4.7143119359863084e-05,3.717054207831395e-05,2.575621337498699e-05,0.00019288790043319446,9.830086154344843e-05,0.0002644142486603054,8251234.987259238,24753704.961777713,2.994330571236814e-06,2659668.9896116327,0.0004133136906694951,2.3525076989097378,2.6371679950898397e-07,2.0734546524181496e-06,2.495403634839022e-07,0.001,0.024075031280517578
9749,2025-09-25T00:29:42.835034,262.78337025642395,8.187162165995687e-06,8.182097985809378e-07,4.644983164325822e-06,2.434972827813908e-07,4.2346005102444906e-07,2.055918230325915e-06,1.093697354903611e-09,2.083965408721105e-05,3.556979441806214e-05,3.4380440354121974e-05,1.4676647730742188e-05,0.00016686253380554695,7.375495661278122e-05,0.00020482115415858048,8422417.388428735,25267252.165286206,2.943776536778329e-06,2765937.412146534,0.00038972735521269994,2.242644918314436,2.6371679950898397e-07,2.0734546524181496e-06,2.495403634839022e-07,0.001,0.05937814712524414
9799,2025-09-25T00:29:44.140846,264.089182138443,6.152434707473731e-06,7.094248530847835e-07,2.135259364877129e-06,3.0194783562365046e-07,6.606345550608239e-07,2.345047278140555e-06,1.2061865395374127e-10,1.1796450475848115e-05,3.478227940541398e-05,4.1119012579533597e-05,1.5847137301435527e-05,0.00035087401272885013,2.445785908815314e-05,0.0003391384320328495,8422417.388428735,25267252.165286206,2.943776536778329e-06,2765937.412146534,0.00038972735521269994,2.242644918314436,2.6371679950898397e-07,2.0734546524181496e-06,2.495403634839022e-07,0.001,0.026376008987426758
9849,2025-09-25T00:29:45.645056,265.59339213371277,1.1585269930947106e-05,7.956101057970955e-07,7.828142770449631e-06,3.0644170578852936e-07,7.170129947553505e-07,1.938012019309099e-06,4.988590443510965e-11,2.567138714619439e-05,5.865378869368148e-05,5.140255373836558e-05,1.2091731309135245e-05,0.0001338281927824898,1.5339262249068063e-05,0.00014724736702139026,8606760.309279388,25820280.92783816,2.8918769983670863e-06,2877256.4682073747,0.00036218705249656583,2.1401667961220037,2.6371679950898397e-07,2.0734546524181496e-06,2.495403634839022e-07,0.001,0.026047945022583008
9899,2025-09-25T00:29:46.939344,266.88768005371094,8.083276952675078e-06,9.704392596177058e-07,4.426136911206413e-06,3.09227630168607e-07,4.6276124976429855e-07,1.9141166376357432e-06,5.961065530080134e-10,2.692238510986255e-05,3.0058229345719742e-05,4.8993900669112584e-05,1.0662578782840547e-05,6.574402170388022e-05,5.2954457847976195e-05,7.944224035767653e-05,8606760.309279388,25820280.92783816,2.8918769983670863e-06,2877256.4682073747,0.00036218705249656583,2.1401667961220037,2.6371679950898397e-07,2.0734546524181496e-06,2.495403634839022e-07,0.001,0.026101112365722656
9949,2025-09-25T00:29:48.419590,268.36792612075806,4.807756795344176e-06,7.113180799933616e-07,1.20082268040278e-06,2.6115543505511596e-07,5.496525545822806e-07,2.0847451196459588e-06,6.278668557291311e-11,1.4087049606799783e-05,3.351875282063226e-05,4.4056828373173793e-05,1.764114854129866e-05,3.760951522439683e-05,1.6771817032787572e-05,7.356071036298326e-05,8799098.549270514,26397295.647811543,2.840033660039284e-06,2999710.106465309,0.0003368062377075276,2.0433437609878524,2.6371679950898397e-07,2.0734546524181496e-06,2.495403634839022e-07,0.001,0.027222871780395508
9999,2025-09-25T00:29:49.723747,269.67208313941956,9.134501851804089e-06,7.85548195381125e-07,5.552896254812367e-06,2.503265363884566e-07,5.43998339708196e-07,1.9999106370960362e-06,1.8221205655422068e-09,1.3977382019889884e-05,4.545210977554483e-05,4.446321691257957e-05,1.1423350670468384e-05,0.00012994949070036006,9.024533383355119e-05,0.00017284165087160782,8799098.549270514,26397295.647811543,2.840033660039284e-06,2999710.106465309,0.0003368062377075276,2.0433437609878524,2.6371679950898397e-07,2.0734546524181496e-06,2.495403634839022e-07,0.001,0.027374982833862305
10049,2025-09-25T00:29:51.083315,271.03165102005005,6.699182449665386e-06,7.255081868606794e-07,2.7173091439181007e-06,2.6139500164390483e-07,8.955649377639929e-07,2.0993534235458355e-06,5.176565079367812e-11,2.932000969094345e-05,5.1615539671709305e-05,5.5817133579873445e-05,2.577807244275429e-05,0.00030788571111207736,1.4830155229968889e-05,0.0003556478722501076,9016989.19956484,26976967.470910143,2.7898300848858434e-06,3134799.7172950855,0.000312442473887767,1.94737346211145,2.028345136295684e-07,1.9499491372698685e-06,2.0574756831592822e-07,0.001,0.025461912155151367
10099,2025-09-25T00:29:52.371208,272.31954407691956,7.414196716126753e-06,6.59522925161582e-07,4.269987130101072e-06,1.9378757087906706e-07,4.067900647442002e-07,1.878824832601822e-06,5.284845894237833e-09,1.2129898309117147e-05,1.699817770792471e-05,3.479851782738531e-05,1.5670433938821634e-05,0.000318378344665786,0.00014974246648331413,0.00035227931904666896,9016989.19956484,26976967.470910143,2.7898300848858434e-06,3134799.7172950855,0.000312442473887767,1.94737346211145,2.028345136295684e-07,1.9499491372698685e-06,2.0574756831592822e-07,0.001,0.025912761688232422
10149,2025-09-25T00:29:53.664511,273.61284708976746,6.1894966165709775e-06,6.852181968497462e-07,2.8124795790063217e-06,1.8102899446148513e-07,6.309934974524367e-07,1.8796957874656073e-06,8.064633683080302e-11,2.295135857409137e-05,2.0508109646176708e-05,3.1004161100175683e-05,2.2302520117147313e-05,0.0001280933344186017,1.7976855619714936e-05,0.00011012432954044984,9251301.412204832,27584412.81634728,2.7395121102506386e-06,3276553.7017379273,0.00028602652631003694,1.8423768978200334,2.028345136295684e-07,1.9499491372698685e-06,2.0574756831592822e-07,0.001,0.024122953414916992
10199,2025-09-25T00:29:54.988917,274.93725299835205,5.5136029004643206e-06,6.078265641917824e-07,2.740609261309146e-06,2.1995602139668335e-07,4.912146778224269e-07,1.453845129617548e-06,1.5122579577475648e-10,1.3674205845230662e-05,1.689374743683808e-05,3.9221871070944036e-05,1.4814327615890231e-05,0.00014595371365019383,2.459538639440558e-05,0.000146919334220525,9251301.412204832,27584412.81634728,2.7395121102506386e-06,3276553.7017379273,0.00028602652631003694,1.8423768978200334,2.028345136295684e-07,1.9499491372698685e-06,2.0574756831592822e-07,0.001,0.03499794006347656
10249,2025-09-25T00:29:56.738760,276.687096118927,4.392481059767306e-06,6.731795565428911e-07,1.5585935670969775e-06,2.5217340748895367e-07,5.386368684412446e-07,1.3675285117642488e-06,2.36913910711678e-09,1.754747802948811e-05,3.174501249238146e-05,5.433853844035754e-05,1.006191632205332e-05,0.00026024992559986097,9.46861548516095e-05,0.0002903904553585135,9503834.820136266,28229610.46271017,2.688581658592965e-06,3426819.1159880664,0.00026083272805762245,1.7460367867425945,2.028345136295684e-07,1.9499491372698685e-06,2.0574756831592822e-07,0.001,0.02569103240966797
10299,2025-09-25T00:29:58.045041,277.99337697029114,7.400887625408359e-06,6.869435651424283e-07,4.467781309358543e-06,2.291270249088484e-07,4.4239033059056965e-07,1.574637849444116e-06,7.170862861838323e-12,1.7291803682864343e-05,1.6296305840868e-05,4.5160046116686405e-05,1.316287659711338e-05,0.00021823484062342413,5.205847971581007e-06,0.00022374251793650055,9503834.820136266,28229610.46271017,2.688581658592965e-06,3426819.1159880664,0.00026083272805762245,1.7460367867425945,2.028345136295684e-07,1.9499491372698685e-06,2.0574756831592822e-07,0.001,0.02585887908935547
10349,2025-09-25T00:29:59.492500,279.44083619117737,8.146301297529135e-06,6.739957711943134e-07,5.227024757914478e-06,1.7262362916881102e-07,6.571763719875889e-07,1.415218775946414e-06,2.626938389038713e-10,1.0267766871226987e-05,3.321582384812182e-05,3.297561510298436e-05,1.6641743847200132e-05,0.00020353354281427922,3.071049091466369e-05,0.00019451106789930843,9773621.548656056,28928571.80122654,2.636302720885453e-06,3588737.709483787,0.00023618606683499275,1.6608284643887874,2.028345136295684e-07,1.9499491372698685e-06,2.0574756831592822e-07,0.001,0.024667978286743164
10399,2025-09-25T00:30:00.794922,280.74325799942017,4.462977813091129e-06,6.274566999309172e-07,1.5967657418514136e-06,1.5239926653976e-07,5.418913247012824e-07,1.54445683619997e-06,8.077712977672125e-12,1.0864863869673457e-05,2.410964045960488e-05,2.977862804046949e-05,1.2665147398763003e-05,3.9141023016386116e-05,5.382921576732122e-06,2.7533501138182193e-05,9773621.548656056,28928571.80122654,2.636302720885453e-06,3588737.709483787,0.00023618606683499275,1.6608284643887874,2.028345136295684e-07,1.9499491372698685e-06,2.0574756831592822e-07,0.001,0.03182673454284668
10449,2025-09-25T00:30:02.111503,282.0598392486572,3.2922150694503216e-06,6.58105022921518e-07,1.0196929451922188e-06,1.399858575723556e-07,4.522521805938595e-07,1.022010451379174e-06,1.6854136142274712e-10,1.8557887569957596e-05,1.3137820340482926e-05,2.6605324025584234e-05,1.9683164482007287e-05,0.00013177814849848975,2.400981954758372e-05,0.00012702001109230238,10068851.645126957,29628991.15224559,2.5859338478877017e-06,3761913.916689059,0.0002142427472262417,1.585090638145795,2.028345136295684e-07,1.9499491372698685e-06,2.0574756831592822e-07,0.001,0.02523016929626465
10499,2025-09-25T00:30:03.427947,283.3762831687927,3.4947338463098276e-06,6.422017122531543e-07,6.539851824527432e-07,1.6278048065032635e-07,3.643885122528445e-07,1.6705104144421057e-06,8.67636684720452e-10,2.8643662086786732e-05,1.5697555595011515e-05,3.077838106360036e-05,1.3747748126188045e-05,0.00011446110629168745,5.445459277675434e-05,0.00013860351615142214,10068851.645126957,29628991.15224559,2.5859338478877017e-06,3761913.916689059,0.0002142427472262417,1.585090638145795,2.028345136295684e-07,1.9499491372698685e-06,2.0574756831592822e-07,0.001,0.03239703178405762
10549,2025-09-25T00:30:04.944434,284.8927700519562,9.454918654228095e-06,5.254548796074232e-07,6.447563919209642e-06,9.760829300375917e-08,1.0058212183139403e-06,1.3783312624582322e-06,1.3908901808079577e-10,1.2920199424762314e-05,4.479830254984706e-05,2.339437294451086e-05,2.68049355372088e-05,2.237148526906494e-05,2.1278733366903987e-05,4.5248481993101794e-05,10349512.314589852,30361372.693922043,2.5357169008207025e-06,3944163.1166506237,0.0001937682592872199,1.5103614120262963,1.6689395465618873e-07,1.6784890704002464e-06,1.6986925288620114e-07,0.001,0.025926828384399414
10599,2025-09-25T00:30:06.232491,286.1808271408081,3.1950094125932083e-06,5.000378564545827e-07,7.006847795310023e-07,1.6437630279142468e-07,3.564460371308087e-07,1.4726398376296856e-06,8.245428229081142e-10,4.758896372897733e-05,3.4308506483195415e-05,3.6484604306848904e-05,1.3097806418968696e-05,0.00021023945638235037,5.180047125119956e-05,0.00022581862194446907,10349512.314589852,30361372.693922043,2.5357169008207025e-06,3944163.1166506237,0.0001937682592872199,1.5103614120262963,1.6689395465618873e-07,1.6784890704002464e-06,1.6986925288620114e-07,0.001,0.026123046875
10649,2025-09-25T00:30:07.553085,287.50142097473145,7.342457593040308e-06,5.605618298432091e-07,5.296527888276614e-06,1.6069763830728334e-07,3.8383717537726625e-07,9.406713274984213e-07,1.6208495656755417e-10,7.676212675158216e-06,3.832322396898767e-05,3.54323099570288e-05,1.707033402467279e-05,3.7475806151954324e-05,2.2422966962316732e-05,6.783200376624263e-05,10593548.26789889,31071142.974099316,2.488595256242046e-06,4144686.399274184,0.00017414578962319133,1.4399337120038762,1.6689395465618873e-07,1.6784890704002464e-06,1.6986925288620114e-07,0.001,0.02624678611755371
10699,2025-09-25T00:30:08.854174,288.80251002311707,7.232797088363441e-06,4.040030603391642e-07,5.096478616906097e-06,1.5489261784296104e-07,4.030856075587508e-07,1.1743265986297047e-06,1.0590720141145926e-11,5.6140095753927044e-06,2.998088408765548e-05,4.1023116796889275e-05,1.1109858778263293e-05,0.00011674752447721788,5.730858789042026e-06,0.00012322295692867506,10593548.26789889,31071142.974099316,2.488595256242046e-06,4144686.399274184,0.00017414578962319133,1.4399337120038762,1.6689395465618873e-07,1.6784890704002464e-06,1.6986925288620114e-07,0.001,0.027087926864624023
10749,2025-09-25T00:30:10.383034,290.33137035369873,7.097839898051461e-06,4.847998980039847e-07,5.106287972012069e-06,7.076443608866612e-08,4.820294066121278e-07,9.539442089590011e-07,1.4034976306143143e-11,4.055202554844906e-05,3.141151378056223e-05,1.5292246476854353e-05,2.5388803384192683e-05,6.540779407498444e-05,6.4596646589776265e-06,9.544304523255747e-05,10895264.914829899,31785664.877629366,2.4429497016088398e-06,4367942.45558834,0.00015639182522404077,1.3802059640904263,1.6689395465618873e-07,1.6784890704002464e-06,1.6986925288620114e-07,0.001,0.06300735473632812
10799,2025-09-25T00:30:11.674504,291.6228401660919,3.5618284073279938e-06,4.927081818095758e-07,1.1018508985216613e-06,1.1221129625482718e-07,4.892098672826251e-07,1.364176000606676e-06,1.6723601392598653e-09,1.3720975264947892e-05,2.7062785571706216e-05,2.9607296772384455e-05,1.3384111434369125e-05,0.00014781828835033062,7.051508612677105e-05,0.00017409394812671264,10895264.914829899,31785664.877629366,2.4429497016088398e-06,4367942.45558834,0.00015639182522404077,1.3802059640904263,1.6689395465618873e-07,1.6784890704002464e-06,1.6986925288620114e-07,0.001,0.025751113891601562
10849,2025-09-25T00:30:12.992033,292.9403691291809,2.6385932869743556e-06,5.348364311430487e-07,7.222062095024739e-07,9.321775706894186e-08,2.4311299284818233e-07,1.044864234245324e-06,3.556526739778576e-10,2.952883524152334e-05,1.2861670836387012e-05,2.457548769963428e-05,9.766367799609109e-06,0.0001054690318972687,3.179454210135029e-05,0.00011447110314681429,11225526.64290004,32484998.1854319,2.399699017983637e-06,4607814.684071782,0.00013992051110077095,1.3189327368836952,1.6689395465618873e-07,1.6784890704002464e-06,1.6986925288620114e-07,0.001,0.025272130966186523
10899,2025-09-25T00:30:14.449005,294.3973412513733,3.7522409002122004e-06,4.6106944751045376e-07,1.403008582201437e-06,1.5040261303056468e-07,5.933787292633497e-07,1.1442895129221142e-06,9.184149274421571e-11,9.794898567400962e-06,3.03225682764056e-05,3.3783692948566534e-05,1.1300003283653928e-05,4.443613080707491e-05,1.6163120800615426e-05,6.987636798411931e-05,11225526.64290004,32484998.1854319,2.399699017983637e-06,4607814.684071782,0.00013992051110077095,1.3189327368836952,1.6689395465618873e-07,1.6784890704002464e-06,1.6986925288620114e-07,0.001,0.025944232940673828
10949,2025-09-25T00:30:15.747933,295.69626903533936,5.744685040554032e-06,4.7075155862330575e-07,3.7994304875610396e-06,1.070417212645225e-07,3.178486736032937e-07,1.0496122513359296e-06,4.0462868922423387e-14,1.7182989427283088e-05,1.1941711727909611e-05,2.644869174643233e-05,1.4340206376709572e-05,2.6055778725262415e-05,3.324049566901379e-07,3.967241012419803e-05,11606134.375690226,33165910.162104852,2.358844380446563e-06,4872269.714098373,0.00012558757201231187,1.2654760770576003,1.6689395465618873e-07,1.6784890704002464e-06,1.6986925288620114e-07,0.001,0.02404308319091797
10999,2025-09-25T00:30:17.033219,296.98155522346497,5.113969564263243e-06,4.881889026364661e-07,2.554380444053095e-06,1.2740345312067802e-07,8.910199085221393e-07,1.0527364793233573e-06,2.3990434638854197e-10,1.3011314869873193e-05,3.774926197465206e-05,3.099200633240161e-05,2.4843966133766613e-05,8.194049830907795e-05,2.560264781707086e-05,5.4656161520326234e-05,11606134.375690226,33165910.162104852,2.358844380446563e-06,4872269.714098373,0.00012558757201231187,1.2654760770576003,1.6689395465618873e-07,1.6784890704002464e-06,1.6986925288620114e-07,0.001,0.026578903198242188
11049,2025-09-25T00:30:18.675840,298.6241760253906,1.1966467354795896e-05,4.369902057987929e-07,9.659856914367992e-06,9.024459046713673e-08,7.632659730916203e-07,1.016099531625514e-06,1.0391791593900024e-11,3.212484416777552e-05,6.098955517006363e-05,2.430200946199926e-05,2.3839593228822395e-05,2.3384071670843277e-05,5.230848819700923e-06,7.23742190965152e-05,12036964.261805257,33784892.68443515,2.322332675338257e-06,5143201.0218228,0.0001128633538383308,1.218254533360319,1.4257342684231844e-07,1.2510378155639046e-06,1.3677457388894254e-07,0.001,0.024837732315063477
11099,2025-09-25T00:30:20.088743,300.03707909584045,6.281660716922488e-06,5.030220222579374e-07,4.463766344997566e-06,1.233298405622918e-07,2.3055525844029034e-07,9.60558395490807e-07,4.29456692430108e-10,7.118555185886302e-06,2.9681716884197458e-05,3.8006106010930986e-05,8.266688926526038e-06,6.566316518219088e-05,3.3641658988297665e-05,8.676181897922534e-05,12036964.261805257,33784892.68443515,2.322332675338257e-06,5143201.0218228,0.0001128633538383308,1.218254533360319,1.4257342684231844e-07,1.2510378155639046e-06,1.3677457388894254e-07,0.001,0.028702974319458008
11149,2025-09-25T00:30:21.632200,301.58053612709045,6.114097686804598e-06,4.556076191875036e-07,4.53499706054572e-06,7.095798792988717e-08,1.9751415436530806e-07,8.548420851184346e-07,1.7891821357807203e-10,3.3179910501499976e-05,2.05141987146331e-05,2.6278887786704826e-05,8.258666927819299e-06,7.116376787028883e-05,2.1339615213608583e-05,7.584357253420528e-05,12542939.324380992,34402882.26145546,2.2869808378241124e-06,5450519.032210751,0.00010165499947047004,1.1753133379979726,1.4257342684231844e-07,1.2510378155639046e-06,1.3677457388894254e-07,0.001,0.025745868682861328
11199,2025-09-25T00:30:22.942784,302.8911201953888,8.05114905233495e-06,5.390297133089916e-07,6.2796962083666585e-06,1.0934237337778541e-07,2.317415663810607e-07,8.89885541255353e-07,1.4535096459766805e-09,9.772443073779059e-06,2.3838682583185125e-05,3.0581577709763725e-05,7.012196723219312e-06,3.1160986168923635e-05,6.085599746210113e-05,8.272068049028919e-05,12542939.324380992,34402882.26145546,2.2869808378241124e-06,5450519.032210751,0.00010165499947047004,1.1753133379979726,1.4257342684231844e-07,1.2510378155639046e-06,1.3677457388894254e-07,0.001,0.02635025978088379
11249,2025-09-25T00:30:24.435463,304.3837990760803,2.983495278385817e-06,4.3804556071336265e-07,1.3374700529311667e-06,7.905735088797883e-08,3.4926225112030806e-07,7.795899250595539e-07,6.997365881167283e-11,1.9775783160105444e-05,1.3215038214707565e-05,2.209122509774434e-05,1.121634850852703e-05,7.00921890217894e-05,1.3100605176010665e-05,6.781806617771933e-05,13104090.375701325,35022366.75732625,2.2526196027976403e-06,5793903.680528467,9.18711236476291e-05,1.1303853187917166,1.4257342684231844e-07,1.2510378155639046e-06,1.3677457388894254e-07,0.001,0.027431964874267578
11299,2025-09-25T00:30:25.739514,305.6878502368927,8.510785846738145e-06,4.4782069608118036e-07,6.590498742298223e-06,7.103071908431957e-08,3.9537411566925584e-07,1.005942635856627e-06,1.1880742223357998e-10,2.158960592326678e-05,5.6538553310645016e-05,2.4922517413762517e-05,2.705980018977445e-05,7.132009836012998e-05,1.7079913607943516e-05,0.0001088416961641814,13104090.375701325,35022366.75732625,2.2526196027976403e-06,5793903.680528467,9.18711236476291e-05,1.1303853187917166,1.4257342684231844e-07,1.2510378155639046e-06,1.3677457388894254e-07,0.001,0.026061058044433594
11349,2025-09-25T00:30:27.040968,306.98930406570435,2.4992380076582776e-06,4.873424472862098e-07,8.085790454970265e-07,8.764406800310098e-08,2.4090724082270754e-07,8.747647939344461e-07,4.702969784442512e-13,1.4691781122730414e-05,2.3848333572547547e-05,3.094455708693172e-05,1.0075069809930107e-05,8.185219174776165e-05,1.057550740235921e-06,9.011653357697101e-05,13711341.182207575,35459111.86237293,2.2279200341336414e-06,6147321.684034234,8.328992268115795e-05,1.0940233090176117,1.4257342684231844e-07,1.2510378155639046e-06,1.3677457388894254e-07,0.001,0.027256011962890625
11399,2025-09-25T00:30:28.332266,308.2806022167206,4.603341039910447e-06,5.278001253827824e-07,2.8635595299419947e-06,7.998444573331653e-08,2.315151590437381e-07,8.684449426255014e-07,3.203709653121223e-08,1.011126878627258e-05,1.4648414094275809e-05,3.0028627988638814e-05,8.154820445752867e-06,3.163823181959751e-05,0.0002761658114742606,0.0002704107565637487,13711341.182207575,35459111.86237293,2.2279200341336414e-06,6147321.684034234,8.328992268115795e-05,1.0940233090176117,1.4257342684231844e-07,1.2510378155639046e-06,1.3677457388894254e-07,0.001,0.02507925033569336
11449,2025-09-25T00:30:29.744621,309.69295716285706,4.037742655782495e-06,4.1372950931872765e-07,2.5401741368114017e-06,7.391589917915553e-08,2.1144568052022805e-07,7.979897986842843e-07,4.875885251109935e-10,2.1833867870733957e-05,8.811295800354542e-06,2.244780216425862e-05,1.138654590789415e-05,1.6781639723579347e-05,3.299363801951478e-05,3.0647082597622406e-05,14367241.89788318,35947195.34890096,2.2012904219073805e-06,6533322.8078815425,7.568682263435311e-05,1.02454520152902,1.4257342684231844e-07,1.2510378155639046e-06,1.3677457388894254e-07,0.001,0.024831056594848633
11499,2025-09-25T00:30:31.047234,310.9955701828003,2.977457370434422e-06,3.952488327740866e-07,1.269966901418229e-06,7.082493169718873e-08,5.043754640610132e-07,7.37007553652802e-07,3.354546501688205e-11,6.947233712919648e-06,2.0111397379986783e-05,2.6923847536505793e-05,2.169240997917069e-05,2.6083550218168476e-05,8.660821811071466e-06,5.144233216967413e-05,14367241.89788318,35947195.34890096,2.2012904219073805e-06,6533322.8078815425,7.568682263435311e-05,1.02454520152902,1.4257342684231844e-07,1.2510378155639046e-06,1.3677457388894254e-07,0.001,0.02710700035095215
11549,2025-09-25T00:30:32.429327,312.37766313552856,3.396790816623252e-06,4.7641310629842337e-07,1.5857663129281718e-06,8.574978238584663e-08,6.283406719376217e-07,6.197710149535851e-07,7.499714183012429e-10,1.1295627643423159e-05,2.800554693191854e-05,2.856070596298189e-05,2.1746742037386494e-05,2.1849845965712534e-05,3.974499247119391e-05,6.553454080169959e-05,15098570.77746984,36445882.53278863,2.1747999448523618e-06,6917775.560701596,6.899666012472944e-05,0.9638130262202186,1.2638072632853437e-07,9.876548574538901e-07,1.1733567362171016e-07,0.001,0.0252840518951416
11599,2025-09-25T00:30:33.867337,313.81567311286926,3.0663707093481207e-06,4.211532882436586e-07,1.4227362044039182e-06,5.53405712366839e-08,5.2719548193636e-07,5.880503977095941e-07,5.189455976051249e-08,3.4646017272346266e-05,1.7765614795517992e-05,2.0248016452113966e-05,2.3165755843099765e-05,3.642993750453017e-05,0.000330976715831971,0.0003339429611199444,15098570.77746984,36445882.53278863,2.1747999448523618e-06,6917775.560701596,6.899666012472944e-05,0.9638130262202186,1.2638072632853437e-07,9.876548574538901e-07,1.1733567362171016e-07,0.001,0.026457786560058594
11649,2025-09-25T00:30:35.304690,315.25302600860596,6.345599103951827e-06,3.984281704560999e-07,4.989110038877698e-06,7.987370764794832e-08,2.348555909748029e-07,6.431405381590594e-07,1.9086859870398598e-10,1.7611613332622484e-05,2.0319653671139284e-05,2.8943474413288585e-05,8.712539614123742e-06,7.598255641718164e-05,1.9156825440960014e-05,8.76277369372678e-05,15726612.037234267,36938971.80917032,2.149191917795798e-06,7286393.655289337,6.296879039374604e-05,0.8770490317476123,1.2638072632853437e-07,9.876548574538901e-07,1.1733567362171016e-07,0.001,0.15100383758544922
11699,2025-09-25T00:30:36.621259,316.5695950984955,2.2756153157388326e-06,4.508586641804868e-07,8.99227700301708e-07,1.0544052742034182e-07,1.5511909623455722e-07,6.635243039454508e-07,1.4450347585182044e-09,8.471379299871707e-06,4.418332611491669e-05,3.991706086728453e-05,7.677484242359997e-06,7.284348916800811e-06,5.275972921653794e-05,7.922897331813237e-05,15726612.037234267,36938971.80917032,2.149191917795798e-06,7286393.655289337,6.296879039374604e-05,0.8770490317476123,1.2638072632853437e-07,9.876548574538901e-07,1.1733567362171016e-07,0.001,0.029015064239501953
11749,2025-09-25T00:30:37.911070,317.8594059944153,5.973268798697973e-06,4.27974725880631e-07,4.581816028803587e-06,5.771830302592207e-08,1.7977245647671225e-07,7.25582253835455e-07,4.050912383313232e-10,4.246239411348841e-05,1.9235588581640035e-05,2.269761622175393e-05,9.631038235351335e-06,4.48049553185342e-05,2.6738115178199928e-05,5.3036186983118555e-05,16503111.471245816,37361881.606724426,2.127340410567011e-06,7731624.653952278,5.804858779685672e-05,0.8024204935226249,1.2638072632853437e-07,9.876548574538901e-07,1.1733567362171016e-07,0.001,0.024945735931396484
11799,2025-09-25T00:30:39.235567,319.1839032173157,4.216921752231428e-06,4.4710228053190804e-07,2.5044992071343586e-06,1.7100545335324568e-07,2.8999488677072804e-07,8.042820240916626e-07,3.770143572334739e-11,1.6510807292356902e-05,2.3943842822825106e-05,4.903889895035048e-05,3.286354210432207e-05,9.900563279972136e-05,8.161720085950808e-06,0.000122365162211745,16503111.471245816,37361881.606724426,2.127340410567011e-06,7731624.653952278,5.804858779685672e-05,0.8024204935226249,1.2638072632853437e-07,9.876548574538901e-07,1.1733567362171016e-07,0.001,0.02630305290222168
11849,2025-09-25T00:30:40.518912,320.46724820137024,1.8685349232328008e-06,4.43800530547378e-07,5.859668021912512e-07,6.779653460853297e-08,1.8628138320764265e-07,5.84687825266883e-07,1.9176979882545853e-12,1.4744257585977311e-05,1.840247391190045e-05,2.3982200068636156e-05,2.4973927228814616e-05,4.129730941984159e-05,1.769946295607777e-06,4.956971229102697e-05,17360289.34113577,37881099.03999726,2.1017011162183998e-06,8158853.584088891,5.341597655122949e-05,0.7404444985733833,1.2638072632853437e-07,9.876548574538901e-07,1.1733567362171016e-07,0.001,0.02545309066772461
11899,2025-09-25T00:30:41.772891,321.7212269306183,7.337507668125909e-06,4.87977388274885e-07,5.511908511834918e-06,2.9743571872131724e-07,4.713590158189618e-07,5.686035819962854e-07,2.2352691919635959e-10,4.114159865108932e-05,3.898079230728757e-05,6.66210788327773e-05,3.372368094387725e-05,3.601399229319307e-05,1.9122532570441128e-05,0.00014477049261913324,17360289.34113577,37881099.03999726,2.1017011162183998e-06,8158853.584088891,5.341597655122949e-05,0.7404444985733833,1.2638072632853437e-07,9.876548574538901e-07,1.1733567362171016e-07,0.001,0.026098966598510742
11949,2025-09-25T00:30:43.174639,323.1229751110077,2.2130452634883113e-06,3.7264058505570574e-07,8.98909149782412e-07,7.094570264598588e-08,2.529062328449072e-07,6.171341624394699e-07,5.093226951302654e-10,6.102677089772206e-06,1.058495218513213e-05,2.692963914353283e-05,4.680054280493819e-05,6.697979561412389e-06,2.7912335631949553e-05,7.223253003307408e-05,18195588.550992444,38482519.52881535,2.073301184773212e-06,8599542.65179738,4.961373423082156e-05,0.6909650351311771,1.2638072632853437e-07,9.876548574538901e-07,1.1733567362171016e-07,0.001,0.03787684440612793
11999,2025-09-25T00:30:44.430112,324.37844800949097,6.526184733957052e-06,3.6483285725807946e-07,5.3991793720342685e-06,6.431778842852509e-08,1.912726190766989e-07,5.063057528786885e-07,2.7631302801367497e-10,2.336113221823681e-05,1.409347744000354e-05,2.4046572660282858e-05,7.694894536758084e-06,1.0933877105695205e-05,2.0581773731772183e-05,2.9083648332865898e-05,18195588.550992444,38482519.52881535,2.073301184773212e-06,8599542.65179738,4.961373423082156e-05,0.6909650351311771,1.2638072632853437e-07,9.876548574538901e-07,1.1733567362171016e-07,0.001,0.024161815643310547
12049,2025-09-25T00:30:45.781501,325.7298369407654,1.7976235540118068e-06,3.737692395588965e-07,4.415254863943119e-07,4.0335329742902104e-08,1.6392246493523999e-07,7.780390660627745e-07,3.196834810759164e-11,0.00010251734706101092,4.621714921082627e-05,1.6413033013768982e-05,1.0210310083678255e-05,1.9005302067565516e-05,6.777178779268368e-06,0.00010592884473341254,18984711.481685642,39119088.58731021,2.0442926468126026e-06,9078060.67853513,4.624719370772397e-05,0.6462431804500547,1.1340498673462207e-07,7.719186214671936e-07,9.650612753375754e-08,0.001,0.024135828018188477
12099,2025-09-25T00:30:47.055789,327.0041251182556,3.7351603623392293e-06,4.999789666726429e-07,2.3554678136861185e-06,4.908973849637732e-08,1.4981198148689145e-07,6.807611043768702e-07,5.063013203132627e-11,2.128254894944812e-05,6.9540863677544195e-06,2.064985566248977e-05,1.948076940819125e-05,2.114953012873836e-05,8.536131874926853e-06,3.126004251617285e-05,18984711.481685642,39119088.58731021,2.0442926468126026e-06,9078060.67853513,4.624719370772397e-05,0.6462431804500547,1.1340498673462207e-07,7.719186214671936e-07,9.650612753375754e-08,0.001,0.026342153549194336
12149,2025-09-25T00:30:48.504377,328.4527132511139,2.2649983293376863e-06,3.869191687044804e-07,6.989650387367874e-07,4.958081945005688e-08,4.074820765254117e-07,7.220398856588872e-07,1.1316123385562982e-11,7.493985485925764e-05,2.2209067055461258e-05,1.997900320787107e-05,3.8241069598669406e-05,4.2571442062737574e-05,3.9107553024249214e-06,5.7795600288348006e-05,19710084.183566567,39827203.126095265,2.0134430999068176e-06,9533492.151298271,4.314820078193205e-05,0.6059844172569576,1.1340498673462207e-07,7.719186214671936e-07,9.650612753375754e-08,0.001,0.20733213424682617
12199,2025-09-25T00:30:49.912676,329.8610122203827,1.4850048728476395e-06,3.601783475914999e-07,3.483829971173691e-07,4.314280488415534e-08,1.7660073581282631e-07,5.563606464420445e-07,3.3931468745862503e-10,6.913801151139294e-05,4.1925475276238e-05,1.7063817805725028e-05,1.0308194689572635e-05,2.1732743835393028e-05,2.1435410941278006e-05,6.621957300557437e-05,19710084.183566567,39827203.126095265,2.0134430999068176e-06,9533492.151298271,4.314820078193205e-05,0.6059844172569576,1.1340498673462207e-07,7.719186214671936e-07,9.650612753375754e-08,0.001,0.026713132858276367
12249,2025-09-25T00:30:51.205681,331.15401697158813,2.021967020482407e-06,4.209676092159498e-07,7.300155857592472e-07,5.490237597882697e-08,3.409849682611821e-07,4.748633273266023e-07,2.3320362307899245e-10,8.703444864988764e-06,4.23071242912285e-05,2.2431440013780653e-05,1.5759573497809473e-05,1.1704805415892591e-05,1.7262774090953828e-05,5.296985937150049e-05,20098794.512352772,40323144.37758483,1.991394289662325e-06,10047602.223099107,4.047064077376615e-05,0.5711835795430025,1.1340498673462207e-07,7.719186214671936e-07,9.650612753375754e-08,0.001,0.024875640869140625
12299,2025-09-25T00:30:52.482851,332.43118715286255,5.998243523208657e-06,4.396801216444146e-07,4.897326562058879e-06,4.0822516922389696e-08,1.69370977687322e-07,4.509200550728565e-07,1.228021989652106e-10,2.7650863482041258e-05,1.676697708545432e-05,1.914855406177702e-05,1.0300094237557676e-05,5.1230215464381995e-05,1.2538549832256577e-05,5.1782785428948354e-05,20098794.512352772,40323144.37758483,1.991394289662325e-06,10047602.223099107,4.047064077376615e-05,0.5711835795430025,1.1340498673462207e-07,7.719186214671936e-07,9.650612753375754e-08,0.001,0.0263979434967041
12349,2025-09-25T00:30:53.905077,333.853413105011,3.3504645671200706e-06,3.088282767294004e-07,2.2711353722115746e-06,8.889151814628349e-08,1.6344318964911508e-07,5.178654873816413e-07,3.009249238683509e-10,9.371183951885441e-06,3.814421087703655e-05,3.293420005979077e-05,1.8951549849708122e-05,4.2277271838437755e-05,1.909284012772314e-05,7.992017308245753e-05,20403910.598819204,40813165.79476142,1.9700501342152698e-06,10591110.697533661,3.7860652100467855e-05,0.5401415443106564,1.1340498673462207e-07,7.719186214671936e-07,9.650612753375754e-08,0.001,0.025814056396484375
12399,2025-09-25T00:30:55.193376,335.1417121887207,6.319064141280251e-06,3.412903879507212e-07,5.29935232407297e-06,5.985281603670956e-08,2.4217783334279375e-07,3.761420259706938e-07,2.4869828418871975e-10,1.2265425990380198e-05,1.681392675592563e-05,2.2636792079107183e-05,8.47316191131046e-06,2.4732076139830826e-05,1.7371586515033186e-05,3.336384373327664e-05,20403910.598819204,40813165.79476142,1.9700501342152698e-06,10591110.697533661,3.7860652100467855e-05,0.5401415443106564,1.1340498673462207e-07,7.719186214671936e-07,9.650612753375754e-08,0.001,0.024532079696655273
12449,2025-09-25T00:30:56.471985,336.4203209877014,6.0195707192178816e-06,3.8438059846157557e-07,4.934912794851698e-06,5.057054863755184e-08,1.5191668012448645e-07,4.977451339982508e-07,4.486555918448154e-11,3.481455215805477e-05,1.603901585468184e-05,2.1293969623670327e-05,1.8995234799243284e-05,5.887854299204727e-05,7.189941574000244e-06,6.495789275195101e-05,20748442.41946787,41318620.00235025,1.9485797562580707e-06,11182456.699834442,3.549566136184638e-05,0.5123344744681286,1.1340498673462207e-07,7.719186214671936e-07,9.650612753375754e-08,0.001,0.024869918823242188
12499,2025-09-25T00:30:57.748766,337.69710206985474,1.360086116619641e-06,3.7185714063525666e-07,3.3568872481737344e-07,4.865043834456628e-08,1.4428036365643493e-07,4.594411393554765e-07,1.682356892684922e-10,0.000274811177998258,5.035187365905325e-05,1.9451256303184934e-05,7.134630707772697e-06,1.2710793365117876e-05,1.3932070214768947e-05,0.0002510756276324445,20748442.41946787,41318620.00235025,1.9485797562580707e-06,11182456.699834442,3.549566136184638e-05,0.5123344744681286,1.1340498673462207e-07,7.719186214671936e-07,9.650612753375754e-08,0.001,0.025007963180541992
12549,2025-09-25T00:30:59.145758,339.09409403800964,1.3385082411332405e-06,3.469384637355688e-07,2.703418715555017e-07,6.586673606534532e-08,2.2025209034381987e-07,4.3493830048646487e-07,1.707209096313278e-10,8.34793283236683e-06,8.05635437093367e-06,2.5792123788703304e-05,5.3843785771539625e-05,2.7001129054589624e-05,1.3918747726585534e-05,7.395174702587756e-05,20350179.852450185,42692646.683776215,1.9905959893334157e-06,12214541.205693912,3.449101146188342e-05,0.5034099989817075,9.883500240448484e-08,6.628130790886644e-07,8.173919496812232e-08,0.001,0.024408817291259766
12599,2025-09-25T00:31:00.402388,340.3507239818573,1.1654745321720839e-05,2.7857095119543374e-07,1.0538834430917632e-05,5.936878721968242e-08,2.968693024740787e-07,4.807286018149171e-07,3.727035902123532e-10,4.0086942816116986e-06,3.757939384166718e-05,2.460104268474368e-05,2.1466311911678405e-05,3.751187508501428e-05,2.058436028968449e-05,7.623977423247265e-05,20350179.852450185,42692646.683776215,1.9905959893334157e-06,12214541.205693912,3.449101146188342e-05,0.5034099989817075,9.883500240448484e-08,6.628130790886644e-07,8.173919496812232e-08,0.001,0.028514862060546875
12649,2025-09-25T00:31:01.706532,341.6548681259155,7.008593001955887e-06,3.34445985572529e-07,5.854111805092543e-06,5.900355759536069e-08,2.6164860855715233e-07,4.991078981220198e-07,2.7566163240955177e-10,2.3442077837190825e-05,1.5884616514349794e-05,2.2795005819356384e-05,9.656961177581766e-06,1.4015977069950762e-05,1.7550168034074187e-05,3.2494182930168345e-05,20035728.700026385,43764555.67344873,2.027669803132315e-06,13237356.39201249,3.343679192325013e-05,0.49479548720898336,9.883500240448484e-08,6.628130790886644e-07,8.173919496812232e-08,0.001,0.061959028244018555
12699,2025-09-25T00:31:03.154272,343.10260820388794,3.435257895034738e-06,2.915806192049786e-07,2.3675995635130676e-06,5.556647764137779e-08,2.739451474553789e-07,4.4573374680112465e-07,8.320756861301959e-10,4.489827241459363e-06,1.4009074706864388e-05,2.204348760618149e-05,5.315125594015174e-05,1.1529493545896945e-05,3.051796486107896e-05,7.565428535712877e-05,20035728.700026385,43764555.67344873,2.027669803132315e-06,13237356.39201249,3.343679192325013e-05,0.49479548720898336,9.883500240448484e-08,6.628130790886644e-07,8.173919496812232e-08,0.001,0.025906085968017578
12749,2025-09-25T00:31:04.474185,344.42252111434937,8.990894457383547e-06,3.437741611378442e-07,7.979528163559735e-06,3.280568705577025e-08,2.072051756840665e-07,4.275276808130002e-07,5.334820432634224e-11,3.060166742973349e-05,2.4888427779145656e-05,1.7154359808083348e-05,2.3226763689603676e-05,2.3803868297778563e-05,7.649892947627699e-06,4.927936924775252e-05,19775713.40031801,44808464.665106736,2.05837357883431e-06,13998707.354947222,3.2456126843693266e-05,0.4847683739646558,9.883500240448484e-08,6.628130790886644e-07,8.173919496812232e-08,0.001,0.026369094848632812
12799,2025-09-25T00:31:05.862131,345.810467004776,6.6518305175122805e-06,2.727898333887424e-07,5.6847102314350195e-06,3.5101354711741806e-08,2.374710561525717e-07,4.217320963562088e-07,2.6055817226033895e-11,3.952895723438228e-05,2.723666188165204e-05,1.3126034670019244e-05,5.804485865166533e-05,2.333779742496463e-05,5.3537351793153825e-06,8.521206544768393e-05,19775713.40031801,44808464.665106736,2.05837357883431e-06,13998707.354947222,3.2456126843693266e-05,0.4847683739646558,9.883500240448484e-08,6.628130790886644e-07,8.173919496812232e-08,0.001,0.024882793426513672
12849,2025-09-25T00:31:07.127129,347.07546520233154,3.935701897717081e-06,2.719572762543976e-07,3.02286116493633e-06,3.35998961986661e-08,1.4609611298510572e-07,4.497787813306786e-07,1.1408539002388807e-08,2.1576779525566226e-05,2.2189566987047052e-05,1.748178950455619e-05,1.1688502389867524e-05,3.98719378280638e-05,0.00011129060509036024,0.00011577504038671351,19464249.19606322,45750986.716407955,2.0947347658117467e-06,14523159.101075986,3.1564237790363956e-05,0.4776004914493913,9.883500240448484e-08,6.628130790886644e-07,8.173919496812232e-08,0.001,0.024880170822143555
12899,2025-09-25T00:31:08.370369,348.3187050819397,6.706145086354809e-06,2.6956666943078744e-07,5.662690455210395e-06,2.787375841251105e-08,2.102487144384213e-07,5.315164912644832e-07,4.249358642738343e-09,2.0311097548216442e-05,1.498313334167297e-05,1.5188262553879399e-05,3.6904052092519776e-05,1.2757408280522199e-05,6.785030241373923e-05,8.282492951593162e-05,19464249.19606322,45750986.716407955,2.0947347658117467e-06,14523159.101075986,3.1564237790363956e-05,0.4776004914493913,9.883500240448484e-08,6.628130790886644e-07,8.173919496812232e-08,0.001,0.025177955627441406
12949,2025-09-25T00:31:09.640316,349.58865213394165,1.076132775779115e-06,2.753496630703012e-07,2.502919471680798e-07,4.619259286187116e-08,1.3394810594036244e-07,3.7001910868639243e-07,3.312569663016518e-10,5.841934008811546e-06,3.864407263920387e-05,2.2488208338195967e-05,2.684664950490547e-05,1.303769494591101e-05,1.869608745414133e-05,4.3180086182324145e-05,19170358.2868837,46729154.76020583,2.1326780807304508e-06,14929241.911770793,3.078591428301852e-05,0.465606215970387,9.883500240448484e-08,6.628130790886644e-07,8.173919496812232e-08,0.001,0.024409055709838867
12999,2025-09-25T00:31:10.955225,350.9035611152649,6.47673641651636e-06,2.5718983920342e-07,5.596416485786904e-06,3.711618390411786e-08,1.4641310031038302e-07,4.3470140553836245e-07,4.899261440982627e-09,7.884613400482191e-05,1.5213109928745478e-05,1.8924208201600004e-05,9.180967081997531e-06,3.189741584075741e-05,7.206336848178594e-05,9.739391250039174e-05,19170358.2868837,46729154.76020583,2.1326780807304508e-06,14929241.911770793,3.078591428301852e-05,0.465606215970387,9.883500240448484e-08,6.628130790886644e-07,8.173919496812232e-08,0.001,0.0259549617767334
13049,2025-09-25T00:31:12.539089,352.48742508888245,2.3316363240155624e-06,2.895996829010983e-07,7.392108045678469e-07,2.214423915347652e-07,2.7015317982659326e-07,8.038412602218159e-07,7.389016065673104e-09,2.813890410157533e-05,2.9545760353161973e-05,5.6953398544758924e-05,6.0571435510811306e-05,0.00011283465319239972,8.731306903070674e-05,0.0001997061033970562,18761185.133827917,48079681.953208506,2.184787188462682e-06,15491118.061129868,3.019348921908969e-05,0.45245649462471355,8.788784811031292e-08,9.911944971463527e-07,7.26284667962318e-08,0.001,0.026177167892456055
13099,2025-09-25T00:31:13.814353,353.76268911361694,3.527369472067221e-06,2.448208249461459e-07,2.5578476652299287e-06,6.505869976081158e-08,1.4206844412001374e-07,4.2682898993007257e-07,9.07447699205477e-08,2.0808465344590303e-05,2.0742784587943262e-05,2.5313961309671636e-05,8.791178555117563e-06,3.840876673667029e-06,0.0003051009388914961,0.00030980035523387714,18761185.133827917,48079681.953208506,2.184787188462682e-06,15491118.061129868,3.019348921908969e-05,0.45245649462471355,8.788784811031292e-08,9.911944971463527e-07,7.26284667962318e-08,0.001,0.026816129684448242
13149,2025-09-25T00:31:15.299106,355.2474422454834,3.960281901527196e-06,2.1947042228021019e-07,3.121030431429972e-06,3.1663589084018895e-08,1.835677068129371e-07,4.04329455250263e-07,2.2041445058018638e-10,3.924845659348281e-05,1.9659647420275518e-05,1.5852075807262882e-05,3.978458252601756e-05,1.6751656700343867e-05,1.4452859098211977e-05,5.866181664496826e-05,18348852.39536908,49282490.25633645,2.2267854100224703e-06,16083017.091788037,2.9714577818085805e-05,0.41856066115141066,8.788784811031292e-08,9.911944971463527e-07,7.26284667962318e-08,0.001,0.02573704719543457
13199,2025-09-25T00:31:16.582966,356.5313022136688,1.0253111213387456e-06,2.119641777653669e-07,1.8206128515885212e-07,5.505629019353364e-08,1.4454714403200342e-07,4.3167077024008904e-07,1.1515530716488254e-11,3.572020884329611e-06,2.1893464128335088e-05,2.5325204665966733e-05,4.8906989294088045e-05,3.867685740692533e-06,3.3044289162038554e-06,4.856042424207808e-05,18348852.39536908,49282490.25633645,2.2267854100224703e-06,16083017.091788037,2.9714577818085805e-05,0.41856066115141066,8.788784811031292e-08,9.911944971463527e-07,7.26284667962318e-08,0.001,0.025361061096191406
13249,2025-09-25T00:31:17.996585,357.9449210166931,1.9026972495339578e-06,3.086130959673028e-07,8.267479643109255e-07,6.55324754461617e-08,1.2376465008401283e-07,5.770850748376688e-07,9.539489198573392e-10,3.350477173447128e-05,1.3488652885441342e-05,2.002296117119499e-05,1.8151720542257227e-05,4.930325908415127e-05,2.9043803612762607e-05,6.527867727752513e-05,18013149.504169032,50306934.11634208,2.2584563337917123e-06,16426569.323179198,2.934919501373223e-05,0.3888328108317148,8.788784811031292e-08,9.911944971463527e-07,7.26284667962318e-08,0.001,0.02396988868713379
13299,2025-09-25T00:31:19.287667,359.2360031604767,3.742188255273504e-06,2.283999407381998e-07,2.830789981089765e-06,3.9409698615600064e-08,1.551229047436209e-07,4.884117856818193e-07,5.3611205752535085e-11,2.347392182393255e-05,2.6331130567417632e-05,1.4447933863219448e-05,1.0025942813491804e-05,4.41302109925104e-06,6.893243812995011e-06,4.036796252612391e-05,18013149.504169032,50306934.11634208,2.2584563337917123e-06,16426569.323179198,2.934919501373223e-05,0.3888328108317148,8.788784811031292e-08,9.911944971463527e-07,7.26284667962318e-08,0.001,0.02547907829284668
13349,2025-09-25T00:31:20.821402,360.76973819732666,1.2088311223124037e-06,2.0296350555781828e-07,2.4311751189998176e-07,4.928833163830859e-08,1.3714037550016656e-07,5.762087198490917e-07,1.1267319022234545e-10,1.3689358228367362e-05,5.324803875170988e-05,2.3553183539446855e-05,2.454062425286482e-05,3.3023855097688856e-05,9.642705020652783e-06,9.638964041499033e-05,17624400.58595498,50970939.76721499,2.2850690568182113e-06,16760790.815084279,2.9043072190656583e-05,0.36197365286378846,8.788784811031292e-08,9.911944971463527e-07,7.26284667962318e-08,0.001,0.02514505386352539
13399,2025-09-25T00:31:22.105629,362.0539650917053,6.813444542785874e-06,2.1421860196824127e-07,5.975258773105452e-06,2.6589235702090264e-08,1.3865988535144425e-07,4.58470196917915e-07,2.478370286773668e-10,0.00011445525341018268,1.0959297154283304e-05,1.4493064124498744e-05,1.982507774502612e-05,6.812440049915267e-06,1.4318505067895973e-05,0.00010001013067581414,17624400.58595498,50970939.76721499,2.2850690568182113e-06,16760790.815084279,2.9043072190656583e-05,0.36197365286378846,8.788784811031292e-08,9.911944971463527e-07,7.26284667962318e-08,0.001,0.029094934463500977
13449,2025-09-25T00:31:23.386718,363.33505415916443,1.499140353189432e-06,1.9995866296085296e-07,5.521044954548415e-07,3.54293696602781e-08,2.0524436195046292e-07,5.064012498223747e-07,2.320777467770818e-12,1.0799037753691957e-05,5.156099762882899e-05,1.9362594375695433e-05,1.3888103413971319e-05,1.4525075402200128e-05,1.341238682982985e-06,6.48921880677515e-05,16805442.725903228,50416328.177709684,2.30733662886592e-06,17020027.878395073,2.878746931258055e-05,0.337417749753794,8.788784811031292e-08,9.911944971463527e-07,7.26284667962318e-08,0.001,0.027106046676635742
13499,2025-09-25T00:31:24.674704,364.6230399608612,1.4274296518124174e-06,2.6583651902001293e-07,2.888197059291997e-07,2.61275687307716e-07,1.3185554337269423e-07,4.795863333129091e-07,5.592881713312181e-11,2.981023451674671e-05,7.023620876835201e-05,6.300566434295775e-05,4.5026401821434245e-05,8.28235511418301e-06,6.586785669450904e-06,0.00013528670936064922,16805442.725903228,50416328.177709684,2.30733662886592e-06,17020027.878395073,2.878746931258055e-05,0.337417749753794,8.788784811031292e-08,9.911944971463527e-07,7.26284667962318e-08,0.001,0.028108835220336914
13549,2025-09-25T00:31:26.177998,366.12633419036865,1.2669160014411318e-06,1.6238438149684953e-07,2.886557410874957e-07,3.4152183303604033e-08,1.7272070351737057e-07,6.08962011483527e-07,4.089823965602868e-11,1.6476471944736535e-05,2.7175622727530796e-05,1.9608091072388217e-05,2.5039344894962364e-05,9.965212446409298e-06,5.4844433902857606e-06,2.3117506211760066e-05,16151575.890842669,48454727.672528006,2.3077716929948736e-06,17213411.445374217,2.888058941694172e-05,0.31888728775187614,9.174443249548858e-08,5.209744244893955e-07,7.477377295117549e-08,0.001,0.023958921432495117
13599,2025-09-25T00:31:27.458569,367.40690517425537,7.290768280654447e-06,1.7847371225343522e-07,6.2851754591974895e-06,1.1295922064391561e-07,1.7396165219452087e-07,5.398854341365222e-07,3.1225977359383705e-10,1.0009289544036196e-05,3.341561257338521e-05,4.1183567887433064e-05,6.395929516032156e-05,2.1376305003734576e-05,1.518517612531691e-05,0.00010925679089373997,16151575.890842669,48454727.672528006,2.3077716929948736e-06,17213411.445374217,2.888058941694172e-05,0.31888728775187614,9.174443249548858e-08,5.209744244893955e-07,7.477377295117549e-08,0.001,0.028620004653930664
13649,2025-09-25T00:31:28.743659,368.6919951438904,1.0292536671840935e-06,1.3725085068472254e-07,2.6643510864232667e-07,3.875912213402444e-08,1.6099660626878176e-07,4.2575200609462627e-07,6.000679120266028e-11,6.386805132804299e-06,2.8857542038982053e-05,2.096993312746005e-05,3.524104842642653e-05,2.77539651853719e-05,6.502426067230267e-06,4.520721527157777e-05,15697821.202030875,47093463.606092624,2.306009094305085e-06,17226669.86241829,2.9137016194171843e-05,0.30454984021782605,9.174443249548858e-08,5.209744244893955e-07,7.477377295117549e-08,0.001,0.024960041046142578
13699,2025-09-25T00:31:30.039378,369.9877140522003,1.1584321555346833e-06,1.4564805894679012e-07,2.777309191515087e-07,1.0926105176167766e-07,9.218663166166152e-08,5.336048047865916e-07,7.325534493243802e-13,6.837546170121984e-06,5.9341433951922146e-05,4.2114576298322604e-05,6.624975675086152e-06,2.9191486647670243e-05,7.189518704579203e-07,9.71977393950023e-05,15697821.202030875,47093463.606092624,2.306009094305085e-06,17226669.86241829,2.9137016194171843e-05,0.30454984021782605,9.174443249548858e-08,5.209744244893955e-07,7.477377295117549e-08,0.001,0.024897098541259766
13749,2025-09-25T00:31:31.457365,371.4057011604309,7.057250513753388e-06,1.398270370600585e-07,6.106252840254456e-06,4.449176316256853e-08,2.0609037676422304e-07,5.600641088676639e-07,5.245097689510203e-10,3.732314131792896e-06,3.510617302225508e-05,2.442254342210598e-05,4.584572752874028e-05,2.9076874966678362e-05,1.90029982572767e-05,8.130048498003757e-05,15488338.639553301,46465015.9186599,2.3100677009644138e-06,17491801.907043215,2.9565494926525573e-05,0.29578016505547894,9.174443249548858e-08,5.209744244893955e-07,7.477377295117549e-08,0.001,0.025176048278808594
13799,2025-09-25T00:31:32.780580,372.7289161682129,6.255523658182938e-06,1.7228526871804206e-07,5.379815775086172e-06,1.7938321050792183e-08,1.9446845556103654e-07,4.909727522317553e-07,4.2665745936254496e-11,0.00021243371672441554,6.702133950323254e-05,1.068904297845294e-05,7.475469744097465e-05,3.837121564078354e-05,5.424784434735188e-06,0.0002612858911732981,15488338.639553301,46465015.9186599,2.3100677009644138e-06,17491801.907043215,2.9565494926525573e-05,0.29578016505547894,9.174443249548858e-08,5.209744244893955e-07,7.477377295117549e-08,0.001,0.023529052734375
13849,2025-09-25T00:31:34.091421,374.0397570133209,1.04744376585586e-05,1.3962730349703634e-07,9.650814718042966e-06,3.370949386294342e-08,1.3618051752928295e-07,5.132404226060316e-07,8.64996241300986e-10,4.852971488869136e-06,6.981272750738161e-05,2.0038049349738184e-05,4.041350154720188e-05,2.861670846553911e-05,2.4240867226617726e-05,0.00010258765136387489,14786557.158825455,44359671.476476364,2.3449774735628774e-06,17592451.659075554,3.007771914671482e-05,0.29176748359508914,9.174443249548858e-08,5.209744244893955e-07,7.477377295117549e-08,0.001,0.02725505828857422
13899,2025-09-25T00:31:35.368709,375.317045211792,5.364834123611217e-06,1.1381835918200522e-07,4.697438725997927e-06,3.413730453871722e-08,1.8994541051142733e-07,3.294816224297392e-07,1.2771533830502335e-11,7.245975571543455e-06,5.799348508994549e-05,1.9678172142718913e-05,7.659834642975588e-05,1.5456145526145956e-05,2.9461734275449117e-06,0.00012902651193189514,14786557.158825455,44359671.476476364,2.3449774735628774e-06,17592451.659075554,3.007771914671482e-05,0.29176748359508914,9.174443249548858e-08,5.209744244893955e-07,7.477377295117549e-08,0.001,0.026366233825683594
13949,2025-09-25T00:31:36.656117,376.604453086853,1.770614744600607e-06,1.3513147223420674e-07,8.613931186118862e-07,2.6843775202678444e-08,1.0670601824358528e-07,6.356739277180168e-07,4.86646678510283e-09,1.7684087131769267e-05,1.4368997922843354e-05,1.794683994071783e-05,1.31690186761759e-05,4.880659793453318e-05,5.7653917088185664e-05,8.190382119057022e-05,14325164.646229116,42975493.93868735,2.4017987576184917e-06,17563906.87981521,3.0916342059965205e-05,0.2922494965694659,9.174443249548858e-08,5.209744244893955e-07,7.477377295117549e-08,0.001,0.02562093734741211
13999,2025-09-25T00:31:37.923682,377.8720180988312,3.4374379538348876e-06,1.4863699959732912e-07,2.563484031270491e-06,8.380150973152922e-08,1.1887500761531555e-07,4.874110004493559e-07,3.522944780343096e-08,9.583067340205175e-06,1.1075828001034701e-05,3.611668853053402e-05,4.413393209204384e-05,4.282524981145331e-06,0.00015556862197246873,0.00017587427313027365,14325164.646229116,42975493.93868735,2.4017987576184917e-06,17563906.87981521,3.0916342059965205e-05,0.2922494965694659,9.174443249548858e-08,5.209744244893955e-07,7.477377295117549e-08,0.001,0.024839162826538086
14049,2025-09-25T00:31:39.290067,379.2384030818939,6.539432888530428e-06,1.1361299812051584e-07,5.656826942868065e-06,2.1672304839626122e-08,1.580642674525734e-07,5.891216687814449e-07,1.3470660698011727e-10,5.553630105775749e-06,4.600510017677422e-05,1.4048298888224556e-05,6.305572400631416e-05,2.1755410433452034e-05,9.48640466719454e-06,0.00010808586747088034,14010459.668140482,42031379.00442144,2.4559807449512234e-06,17518491.215326805,3.209430790456923e-05,0.28460528915321603,7.15916712579201e-08,4.151208088387648e-07,5.8980347716897086e-08,0.001,0.025516033172607422
14099,2025-09-25T00:31:40.571237,380.5195732116699,7.77022069087252e-06,1.1789808951334635e-07,7.095701676007593e-06,2.5563968719666263e-08,9.176915227726568e-08,4.3538557292777114e-07,3.902099976471618e-09,1.545311516760144e-05,2.0833864265756345e-05,1.5150936715564495e-05,2.447733112998439e-05,7.857207283645773e-06,5.09197333026687e-05,5.897778540397772e-05,14010459.668140482,42031379.00442144,2.4559807449512234e-06,17518491.215326805,3.209430790456923e-05,0.28460528915321603,7.15916712579201e-08,4.151208088387648e-07,5.8980347716897086e-08,0.001,0.025925159454345703
14149,2025-09-25T00:31:42.087486,382.03582215309143,1.3444101796267205e-06,1.1533771271388105e-07,5.899767074879492e-07,7.4955650575248e-08,7.184792139014462e-08,4.916585680803109e-07,6.335990065942099e-10,4.682606545939721e-06,2.0274135806283116e-05,3.436698094796657e-05,3.17571342534467e-05,4.2507768907770035e-06,2.0159128968389033e-05,5.7573071628069184e-05,13743585.851561744,41230757.554685235,2.514068878813917e-06,17467232.077162128,3.3426053287715164e-05,0.2758939674655172,7.15916712579201e-08,4.151208088387648e-07,5.8980347716897086e-08,0.001,0.028851032257080078
14199,2025-09-25T00:31:43.455356,383.4036920070648,1.0510976835576002e-06,1.0297265617964513e-07,2.3654470737710653e-07,2.5217516963493836e-08,2.4570567802584264e-07,4.399236956942332e-07,7.333892937388953e-10,1.8251705771700887e-05,1.0788828678226829e-05,1.5426829497868533e-05,6.68727126771446e-05,1.8062272141095528e-05,2.172965993853884e-05,6.529760598530382e-05,13743585.851561744,41230757.554685235,2.514068878813917e-06,17467232.077162128,3.3426053287715164e-05,0.2758939674655172,7.15916712579201e-08,4.151208088387648e-07,5.8980347716897086e-08,0.001,0.02618694305419922
14249,2025-09-25T00:31:44.768986,384.71732234954834,5.2534737733367365e-06,9.158676306242342e-08,4.254940904502291e-06,4.274482989785611e-08,1.2457165610157972e-07,7.391329290840076e-07,4.972551259641023e-10,3.845995926167093e-06,3.6401838929475435e-05,2.4961532190520064e-05,4.502677873149428e-05,3.785547092303344e-05,1.7678281918524542e-05,8.149127140602276e-05,13575896.020299094,40727688.06089728,2.5880397583375368e-06,17292551.541894697,3.493040458061819e-05,0.26924552298872867,7.15916712579201e-08,4.151208088387648e-07,5.8980347716897086e-08,0.001,0.02597522735595703
14299,2025-09-25T00:31:46.205947,386.1542830467224,5.626163783745142e-06,1.1458329396418776e-07,4.7810904106881935e-06,1.7218022563270097e-08,1.1193146320920278e-07,5.665996809511853e-07,3.474074006248884e-08,1.1131205569672945e-05,9.47048409019701e-06,1.0619077187529962e-05,1.2057465225541315e-05,2.1515205687221266e-05,0.00014797343103112318,0.0001549946104634636,13575896.020299094,40727688.06089728,2.5880397583375368e-06,17292551.541894697,3.493040458061819e-05,0.26924552298872867,7.15916712579201e-08,4.151208088387648e-07,5.8980347716897086e-08,0.001,0.025722980499267578
14349,2025-09-25T00:31:47.477991,387.42632699012756,1.255060169569333e-06,1.3749696847753512e-07,2.7356034593140066e-07,1.217869360914392e-08,1.6887950948785146e-07,6.604697091461276e-07,2.474956906084458e-09,4.5494065512582516e-05,6.011520455094921e-05,1.0646259834156228e-05,7.299866727133635e-05,2.2589409255567152e-05,3.844418062753384e-05,0.00015669817940225313,13414000.70514113,40242002.115423396,2.661428917168058e-06,17118887.22268666,3.6260365656168865e-05,0.2555719802692803,7.15916712579201e-08,4.151208088387648e-07,5.8980347716897086e-08,0.001,0.02523970603942871
14399,2025-09-25T00:31:48.794128,388.74246406555176,3.545925892467494e-06,1.0621138102351324e-07,2.6723203063738765e-06,4.740250147960978e-08,7.641988730711091e-08,6.326893071673112e-07,1.0882473588935682e-08,2.78822086584199e-06,1.3709542464309946e-05,2.4044764096377203e-05,1.4237784951339433e-05,4.554051010854218e-05,8.063752700197698e-05,9.897867520053749e-05,13414000.70514113,40242002.115423396,2.661428917168058e-06,17118887.22268666,3.6260365656168865e-05,0.2555719802692803,7.15916712579201e-08,4.151208088387648e-07,5.8980347716897086e-08,0.001,0.025393962860107422
14449,2025-09-25T00:31:50.123947,390.0722830295563,1.3170147212804295e-06,1.0024145780107574e-07,5.651942842632707e-07,1.4841472939508549e-08,9.499198938556219e-08,5.41613815130404e-07,1.316304010234859e-10,1.2126583032069969e-05,3.068705585518748e-05,1.0743046537546811e-05,2.0859357621209364e-05,2.8752209674405468e-05,8.609958209932843e-06,6.615175069203155e-05,13293109.804727543,39879329.41418263,2.7193804287903494e-06,16938873.84516078,3.7029238346069085e-05,0.23988930230407446,7.15916712579201e-08,4.151208088387648e-07,5.8980347716897086e-08,0.001,0.02406597137451172
14499,2025-09-25T00:31:51.406824,391.35515999794006,6.061400199541822e-06,8.942313201032448e-08,5.272980615700362e-06,2.9897393005740014e-08,7.676847246784746e-08,5.812880772282369e-07,1.1042196490507195e-08,9.924236840043984e-06,1.97638478679607e-05,2.004287206556995e-05,2.200047491647425e-05,6.4295279981380055e-06,7.88961671969453e-05,8.635167503087103e-05,13293109.804727543,39879329.41418263,2.7193804287903494e-06,16938873.84516078,3.7029238346069085e-05,0.23988930230407446,7.15916712579201e-08,4.151208088387648e-07,5.8980347716897086e-08,0.001,0.029848814010620117
14549,2025-09-25T00:31:52.986940,392.93527603149414,1.3972114629723364e-06,9.583171589611084e-08,3.616544006490585e-07,8.44591170334752e-08,7.594577766667499e-08,7.787989488861058e-07,5.214824683186237e-10,3.6770682854846074e-06,5.1552098057465776e-05,3.8473679612975924e-05,3.332412620832738e-05,8.222188602088647e-05,1.6531496442413872e-05,0.00012344576291642122,13199690.473367127,39599071.42010138,2.769229772386136e-06,16732580.544421032,3.79052123637027e-05,0.22318202817839156,7.233183652033404e-08,3.582956367154111e-07,5.5660702713566934e-08,0.001,0.028434038162231445
14599,2025-09-25T00:31:54.274643,394.2229790687561,6.628614755754825e-06,9.819365942576042e-08,5.635616616928019e-06,4.190451718955046e-08,1.5221843341350905e-07,7.004911708463624e-07,1.9037572906999145e-10,4.686558681964031e-06,2.6877166154506075e-05,2.4302815145961888e-05,7.142581530405247e-06,2.586027264792375e-05,9.993197435171604e-06,4.551937901805278e-05,13199690.473367127,39599071.42010138,2.769229772386136e-06,16732580.544421032,3.79052123637027e-05,0.22318202817839156,7.233183652033404e-08,3.582956367154111e-07,5.5660702713566934e-08,0.001,0.03373003005981445
14649,2025-09-25T00:31:55.604671,395.5530071258545,1.1939174555664067e-06,1.0425195995367176e-07,2.522639306334895e-07,1.756250611606447e-08,1.623669731998234e-07,6.573803830178804e-07,9.176822496348436e-11,1.2650136627108694e-05,6.271764666225384e-05,1.3069701423544899e-05,7.448290285819558e-05,1.3342846617041047e-05,6.720098004258844e-06,0.00013704918779119076,13161924.640247786,39485773.92074336,2.8068014512346152e-06,16586069.15385692,3.8573998433851266e-05,0.20847155389408614,7.233183652033404e-08,3.582956367154111e-07,5.5660702713566934e-08,0.001,0.02932882308959961
14699,2025-09-25T00:31:56.881037,396.8293731212616,5.504436103365151e-06,9.503072107008848e-08,4.615917987393914e-06,3.924589009329793e-08,1.0829925400912543e-07,6.455545076278213e-07,3.8766814758339763e-10,3.1674597461458244e-06,6.663897876054557e-06,2.251887003638663e-05,1.0526400200379379e-05,1.1017284203251753e-05,1.3821419763936277e-05,3.176204556008649e-05,13161924.640247786,39485773.92074336,2.8068014512346152e-06,16586069.15385692,3.8573998433851266e-05,0.20847155389408614,7.233183652033404e-08,3.582956367154111e-07,5.5660702713566934e-08,0.001,0.02777099609375
14749,2025-09-25T00:31:58.214576,398.1629123687744,6.1495356931118295e-06,8.264520801049002e-08,5.100077487441013e-06,1.6943408454039854e-08,2.070038362944615e-07,7.426151000800019e-07,2.505165519472996e-10,2.119524738001843e-05,4.840558304412796e-05,1.1276185413565101e-05,8.782298531685153e-05,1.0750411232947604e-05,1.0746243190998321e-05,0.00013649237276409007,13133746.70661253,39401240.11983759,2.8226453576472424e-06,16410736.368344719,3.913063369463399e-05,0.19457330459735375,7.233183652033404e-08,3.582956367154111e-07,5.5660702713566934e-08,0.001,0.02470231056213379
14799,2025-09-25T00:31:59.633744,399.58207988739014,2.5177230327244615e-06,7.784392153098452e-08,1.3630311741508194e-06,4.7362977539933127e-08,1.5905126815596304e-07,8.689492574376345e-07,1.4846193163720045e-09,2.3845348015019582e-06,2.3730015620428296e-05,2.6463300509710578e-05,4.463629576936201e-05,5.949931680922229e-05,2.6155229320147936e-05,0.00010922917893383206,13133746.70661253,39401240.11983759,2.8226453576472424e-06,16410736.368344719,3.913063369463399e-05,0.19457330459735375,7.233183652033404e-08,3.582956367154111e-07,5.5660702713566934e-08,0.001,0.028781652450561523
14849,2025-09-25T00:32:01.003170,400.9515061378479,4.9410546125727706e-06,8.052855093865219e-08,3.981571353506297e-06,5.299479255427286e-08,6.221149106977464e-08,7.628260618730565e-07,9.222013153120656e-10,1.4931819991289686e-06,9.108047156361208e-06,3.009072327422553e-05,7.5686980954937554e-06,7.479118609455873e-05,2.0000726262114316e-05,8.413034179636567e-05,13221918.743310053,39480263.7643601,2.8339060919391624e-06,16136126.918133778,3.9053846882930096e-05,0.1823831144377341,7.233183652033404e-08,3.582956367154111e-07,5.5660702713566934e-08,0.001,0.027868986129760742
14899,2025-09-25T00:32:02.265265,402.2136011123657,1.1673635071929311e-06,8.871472800819902e-08,3.53475144265758e-07,3.740401055551956e-08,9.860029592800856e-08,5.866418746336421e-07,2.5274295989419215e-09,2.4108226435797487e-06,4.67636493070834e-05,2.299118061163076e-05,1.2785654287048959e-05,2.5097048092576017e-05,3.315872313156628e-05,7.441942014257871e-05,13221918.743310053,39480263.7643601,2.8339060919391624e-06,16136126.918133778,3.9053846882930096e-05,0.1823831144377341,7.233183652033404e-08,3.582956367154111e-07,5.5660702713566934e-08,0.001,0.024230003356933594
14949,2025-09-25T00:32:03.889969,403.8383049964905,2.6481852728466038e-06,1.1113128550732654e-07,1.2884652278444264e-06,1.7257455908747943e-08,1.6440191075162147e-07,1.06344646155776e-06,3.4829839012928687e-09,5.3040324154730605e-05,1.9332550245780767e-05,5.661725435334427e-06,1.6836245466934416e-05,0.00010215645718816252,3.781298367568239e-05,0.00011891615538200559,13491505.013254663,39387279.30680339,2.8584726370697498e-06,16025470.322260385,3.9148273485177625e-05,0.17220683376079765,7.233183652033404e-08,3.582956367154111e-07,5.5660702713566934e-08,0.001,0.025441884994506836
14999,2025-09-25T00:32:05.162344,405.110680103302,4.14183614338981e-06,7.633876464296918e-08,3.0225621685531223e-06,3.74485651377654e-08,1.4493696198769612e-07,8.603511219007487e-07,1.9877433032888803e-10,1.9977784099479176e-06,2.2747292735011244e-05,2.2425881204228645e-05,4.5827326374926854e-05,3.163287268450585e-05,9.03970073294805e-06,8.262699943183253e-05,13491505.013254663,39387279.30680339,2.8584726370697498e-06,16025470.322260385,3.9148273485177625e-05,0.17220683376079765,7.233183652033404e-08,3.582956367154111e-07,5.5660702713566934e-08,0.001,0.02440190315246582
15049,2025-09-25T00:32:06.520156,406.4684920310974,1.6153115893757786e-06,9.04150638803003e-08,6.593560897272255e-07,2.3245473101951575e-08,1.7069775992695213e-07,6.714057576573396e-07,1.9132305462132848e-10,1.7032160334389634e-05,5.0446406238001434e-05,1.6389320193313146e-05,6.858950809845886e-05,6.459435457283045e-06,8.674901925352939e-06,0.0001228849711248044,13902208.018314794,39369024.32966969,2.886253205667919e-06,15824851.785950385,3.916651066653362e-05,0.16402038294912283,6.074012759427205e-08,3.4166697560067405e-07,4.7678565096020975e-08,0.001,0.026248931884765625
15099,2025-09-25T00:32:07.785838,407.7341742515564,1.6310007140418747e-06,1.0109233272714846e-07,6.564615091519954e-07,1.034902208374433e-08,1.4388521663022402e-07,7.191097779468691e-07,1.0279136569701919e-10,5.325965825658006e-05,1.9803928809162025e-05,7.519572071436712e-06,2.9317147315185082e-05,2.170485156238481e-05,6.371513783360015e-06,6.977710680164892e-05,13902208.018314794,39369024.32966969,2.886253205667919e-06,15824851.785950385,3.916651066653362e-05,0.16402038294912283,6.074012759427205e-08,3.4166697560067405e-07,4.7678565096020975e-08,0.001,0.02622509002685547
15149,2025-09-25T00:32:09.069323,409.0176591873169,3.329244918859331e-06,7.766283971477606e-08,2.48638116318034e-06,2.4110747176564473e-08,5.529155089334381e-08,6.857800940451853e-07,1.850823314053507e-11,4.766162945229478e-06,2.2475288584499448e-05,1.9354782703801062e-05,2.1144589580271404e-05,2.3394761005170975e-05,2.6450738967080967e-06,5.127252290829507e-05,14069860.564360818,39366629.78477147,2.9287067625182175e-06,15596375.506766962,3.916889448883462e-05,0.15727582437961515,6.074012759427205e-08,3.4166697560067405e-07,4.7678565096020975e-08,0.001,0.026691198348999023
15199,2025-09-25T00:32:10.347560,410.2958960533142,1.504247620687238e-06,8.911474225214988e-08,6.35559104011918e-07,1.8337962259806773e-08,6.683359288217616e-08,6.93424283326749e-07,9.779477228022415e-10,4.817668021643223e-05,5.126770587302007e-06,1.6577129702374503e-05,2.095517567658618e-05,1.25162669153375e-05,1.926878197922741e-05,4.6848991151595405e-05,14069860.564360818,39366629.78477147,2.9287067625182175e-06,15596375.506766962,3.916889448883462e-05,0.15727582437961515,6.074012759427205e-08,3.4166697560067405e-07,4.7678565096020975e-08,0.001,0.02496194839477539
15249,2025-09-25T00:32:11.608843,411.5571792125702,5.669613528880291e-06,8.644285287573439e-08,4.777471531269839e-06,2.065021398323097e-08,7.238021737521194e-08,7.124379521883384e-07,2.3062568521581284e-10,1.8847107298552765e-05,8.856384022254678e-06,1.312385119899693e-05,2.4712277005093152e-05,1.5210116643302627e-05,9.159567958052738e-06,3.847664422457903e-05,14043601.504716659,39557556.180939436,2.9693194610728875e-06,15364935.72096343,3.924352899267545e-05,0.15107829345930718,6.074012759427205e-08,3.4166697560067405e-07,4.7678565096020975e-08,0.001,0.023797988891601562
15299,2025-09-25T00:32:12.863773,412.8121089935303,4.318569153838325e-06,7.946580637963052e-08,3.409639703022549e-06,1.619425127330487e-08,6.793647600034092e-08,7.427883588206896e-07,2.5449462537352474e-09,1.1960071592340442e-05,1.7916455898883487e-05,1.5731982409033073e-05,3.1917952126752914e-05,5.957316859256658e-05,3.048355914838159e-05,7.927219009746596e-05,14043601.504716659,39557556.180939436,2.9693194610728875e-06,15364935.72096343,3.924352899267545e-05,0.15107829345930718,6.074012759427205e-08,3.4166697560067405e-07,4.7678565096020975e-08,0.001,0.0241086483001709
15349,2025-09-25T00:32:14.123414,414.071750164032,2.8646311420743586e-06,6.964843635159923e-08,2.0752222553710453e-06,4.7014349746632433e-08,8.761306702353977e-08,5.848731348123692e-07,2.600183679479784e-10,2.8348915084390365e-06,1.1661099471954515e-05,3.200054218512735e-05,3.8764477759062e-05,5.591488217225492e-06,9.567922098001736e-06,5.974204838370798e-05,14153343.168896489,40017252.6346602,3.0317131712874133e-06,15185785.690341908,3.896114919686352e-05,0.14600821829223642,6.074012759427205e-08,3.4166697560067405e-07,4.7678565096020975e-08,0.001,0.025094985961914062
15399,2025-09-25T00:32:15.596103,415.5444390773773,1.5111695574887563e-06,6.981154143659296e-08,6.153396157060342e-07,3.7210678982546597e-08,9.848747595242457e-08,6.744742790942837e-07,1.584588282810273e-08,9.166979897690735e-06,4.587386968105736e-05,2.4585350169067736e-05,4.904340372406688e-05,3.6589606998085474e-05,7.48602208365825e-05,0.00013108961572717582,14153343.168896489,40017252.6346602,3.0317131712874133e-06,15185785.690341908,3.896114919686352e-05,0.14600821829223642,6.074012759427205e-08,3.4166697560067405e-07,4.7678565096020975e-08,0.001,0.025722980499267578
15449,2025-09-25T00:32:16.859164,416.80750012397766,1.2497118859755574e-06,7.073956709291451e-08,5.455768246065418e-07,2.4208903326439213e-08,4.0211695306879847e-08,5.68363986985787e-07,6.108401007232089e-10,7.603820745685687e-06,2.7707836042201822e-05,1.8619098406811467e-05,1.2262102235225874e-05,2.5125776956053213e-05,1.4414808014722867e-05,5.1057891885761625e-05,14415470.759540152,40275816.513686635,3.1034227820099154e-06,14973855.088335251,3.872611866898191e-05,0.14030464750290467,6.074012759427205e-08,3.4166697560067405e-07,4.7678565096020975e-08,0.001,0.024136066436767578
15499,2025-09-25T00:32:18.151428,418.09976410865784,1.7932298987943796e-06,7.582546146522873e-08,1.0321870149709866e-06,1.2914255442808553e-08,1.0095288160982818e-07,5.703760734832031e-07,9.741966122689405e-10,2.8474279488452332e-05,3.0266734989774535e-05,7.936588960496995e-06,5.2032383905871014e-05,3.598928076309636e-05,1.8212742069519986e-05,9.592841287355482e-05,14415470.759540152,40275816.513686635,3.1034227820099154e-06,14973855.088335251,3.872611866898191e-05,0.14030464750290467,6.074012759427205e-08,3.4166697560067405e-07,4.7678565096020975e-08,0.001,0.028287887573242188
15549,2025-09-25T00:32:19.623219,419.5715551376343,1.5104527619769215e-06,1.044601276589674e-07,5.690749276254792e-07,1.042259345496177e-08,1.4374636236880178e-07,6.818414703957387e-07,9.073910511858685e-10,0.00021174088398416503,1.6358096212207304e-05,7.302445022153425e-06,6.360692087046329e-05,7.027142442014148e-06,1.729923025150857e-05,0.00022161754358302765,14676754.787636189,40548427.24012279,3.2044936053168936e-06,14702232.811162164,3.848216638750609e-05,0.13588120308124318,6.360635751434529e-08,1.1030632549591246e-06,6.103623917397272e-08,0.001,0.02679610252380371
15599,2025-09-25T00:32:20.959904,420.90824007987976,5.521074854186736e-06,7.049752070997783e-08,4.69397264168947e-06,2.7247585521195106e-08,5.896504617908249e-08,6.490436703643354e-07,2.1348281364907962e-08,4.001135379444018e-06,1.0879222246714449e-05,2.0759148003144204e-05,4.1641956642467435e-06,1.4103487754370156e-05,8.39960432734606e-05,8.257679042432936e-05,14676754.787636189,40548427.24012279,3.2044936053168936e-06,14702232.811162164,3.848216638750609e-05,0.13588120308124318,6.360635751434529e-08,1.1030632549591246e-06,6.103623917397272e-08,0.001,0.025342941284179688
15649,2025-09-25T00:32:22.399297,422.3476331233978,1.5126403241083608e-06,6.931071538929245e-08,6.118821715972445e-07,8.384499494695774e-08,5.723279272729087e-08,6.683572451038344e-07,2.2012379474745103e-08,4.819989451365012e-06,2.439064824941707e-05,4.064318214266401e-05,7.951184594386811e-06,2.029596707597049e-05,8.326690239084045e-05,9.72449864094749e-05,14987290.184703613,40836154.86033097,3.2892292557260132e-06,14486059.706259606,3.822887807087328e-05,0.1293881772259312,6.360635751434529e-08,1.1030632549591246e-06,6.103623917397272e-08,0.001,0.025115966796875
15699,2025-09-25T00:32:23.669849,423.61818528175354,1.5512438267251127e-06,7.384799260989894e-08,5.524850053006958e-07,8.227267755955836e-08,4.707214529275916e-08,7.873796334934013e-07,8.186305855417686e-09,5.604901346775367e-06,1.7797334206122154e-05,4.144612582570041e-05,9.408377206461054e-06,5.604250271603418e-05,5.0778326844776606e-05,9.31233495345251e-05,14987290.184703613,40836154.86033097,3.2892292557260132e-06,14486059.706259606,3.822887807087328e-05,0.1293881772259312,6.360635751434529e-08,1.1030632549591246e-06,6.103623917397272e-08,0.001,0.02496933937072754
15749,2025-09-25T00:32:24.979866,424.9282021522522,2.4363109787373105e-06,8.112947114113922e-08,1.6484482330270112e-06,4.806817344160663e-08,1.4868787445720955e-07,5.083592782284541e-07,1.6178912654041255e-09,1.0175411238077662e-05,5.186723454570945e-05,2.597093438287056e-05,6.466681364421966e-05,1.4132933113952559e-05,2.198296304901375e-05,0.00011352719800540351,15411013.080960363,41210568.35566657,3.3403604785954216e-06,14365416.228907114,3.759150258494552e-05,0.12289313063297862,6.360635751434529e-08,1.1030632549591246e-06,6.103623917397272e-08,0.001,0.024230003356933594
15799,2025-09-25T00:32:26.226685,426.1750211715698,1.7883609189084382e-06,7.60887743922467e-08,8.538477231923025e-07,1.3074141769209291e-08,1.3473169246935868e-07,7.023872399258835e-07,8.23128232241288e-09,4.042412106296105e-05,9.494431439255133e-06,1.00085381937865e-05,2.2739738441069113e-05,2.04327084187037e-05,4.963996545555647e-05,6.144142458388741e-05,15411013.080960363,41210568.35566657,3.3403604785954216e-06,14365416.228907114,3.759150258494552e-05,0.12289313063297862,6.360635751434529e-08,1.1030632549591246e-06,6.103623917397272e-08,0.001,0.024222135543823242
15849,2025-09-25T00:32:27.480597,427.4289331436157,1.562154011480743e-06,5.8486971710181024e-08,7.121455496417184e-07,3.293781247748484e-08,1.012349244433608e-07,6.56404495202878e-07,9.443137383158273e-10,6.976517806972046e-06,1.2988904449574032e-05,2.0362240300940038e-05,9.014066112575218e-06,4.653871849224337e-05,1.6359816442591756e-05,5.18914387650487e-05,15628627.318020143,41684327.65761808,3.3983459319372737e-06,14218824.328679727,3.694780718053202e-05,0.11611230858669613,6.360635751434529e-08,1.1030632549591246e-06,6.103623917397272e-08,0.001,0.02767205238342285
15899,2025-09-25T00:32:28.945719,428.89405512809753,3.0565129236492794e-06,6.738233793157633e-08,2.2885817543283338e-06,4.094527383813329e-08,4.277304199717946e-08,6.168168624753889e-07,1.358913242349713e-11,3.2073567343293755e-06,2.594478433131951e-05,2.7894987671621993e-05,1.0933643329160973e-05,2.3956399909412276e-05,1.9653985460107386e-06,3.955918519867782e-05,15628627.318020143,41684327.65761808,3.3983459319372737e-06,14218824.328679727,3.694780718053202e-05,0.11611230858669613,6.360635751434529e-08,1.1030632549591246e-06,6.103623917397272e-08,0.001,0.025526046752929688
15949,2025-09-25T00:32:30.211509,430.1598451137543,6.594417300220812e-06,8.264899520327162e-08,5.47871923117782e-06,1.2192087694984366e-07,4.4814445487872945e-08,8.630256047581497e-07,3.2883686884588315e-09,8.286687604764217e-06,1.9950765661875316e-05,5.183326165968527e-05,1.031405843754189e-05,7.114294282318484e-05,2.9814928494349822e-05,8.341409820995217e-05,15948312.483318374,41984058.54281783,3.4372040013863464e-06,14124080.464496564,3.62897090807251e-05,0.1105155125466606,6.360635751434529e-08,1.1030632549591246e-06,6.103623917397272e-08,0.001,0.025372982025146484
15999,2025-09-25T00:32:31.473049,431.4213852882385,1.2625006320376997e-06,2.2088649132001592e-07,2.2411560962609656e-07,4.036374789961883e-08,1.868380081759824e-07,5.839357868353545e-07,6.3608509570656224e-09,8.225050772651035e-05,4.904099215854078e-05,1.5495681031762607e-05,8.652166957033577e-05,3.115268815741331e-05,4.114391698149962e-05,0.0001749471276976902,15948312.483318374,41984058.54281783,3.4372040013863464e-06,14124080.464496564,3.62897090807251e-05,0.1105155125466606,6.360635751434529e-08,1.1030632549591246e-06,6.103623917397272e-08,0.001,0.02563929557800293
16049,2025-09-25T00:32:32.815717,432.76405334472656,1.5591240298817866e-06,7.600769436066912e-08,6.81998187701538e-07,3.676200677205088e-08,6.715309552873805e-08,6.964988870095112e-07,7.041404681551455e-10,1.055413121874233e-05,6.710359876767485e-06,2.5834212881675612e-05,2.7678010781145858e-05,6.341111093782687e-06,1.3493081715447205e-05,3.734937689008595e-05,16044630.46575096,42370674.5336045,3.532156834915719e-06,13920158.345941678,3.608419786833509e-05,0.10652961763622378,1.012754964335727e-07,1.38528116622183e-06,8.401773499144838e-08,0.001,0.025278329849243164
16099,2025-09-25T00:32:34.081109,434.0294451713562,2.265954435642925e-06,6.839101729383401e-08,9.894876029648003e-07,1.3558521061440842e-07,4.2417610757183866e-07,6.439340154429374e-07,4.3802534932524395e-09,2.812010432849575e-06,0.00013593505916239653,5.164291658537472e-05,0.00011285718048478844,5.6722210417923445e-05,3.377238531716446e-05,0.00024994892238265815,16044630.46575096,42370674.5336045,3.532156834915719e-06,13920158.345941678,3.608419786833509e-05,0.10652961763622378,1.012754964335727e-07,1.38528116622183e-06,8.401773499144838e-08,0.001,0.024837970733642578
16149,2025-09-25T00:32:35.348993,435.2973291873932,1.4053632639843272e-06,6.619638526217386e-08,4.6726313485123683e-07,4.650747342793693e-08,1.2494278678332194e-07,6.962106908758869e-07,4.242821205480141e-09,4.198035436755253e-06,7.18194631240724e-05,2.9359235480016713e-05,4.8512094151210224e-05,2.7880137758973578e-05,3.298143348432522e-05,0.000126445519756015,16638405.874575317,42115747.6962559,3.657150034991246e-06,13699725.736852096,3.63166931557129e-05,0.10503146729278055,1.012754964335727e-07,1.38528116622183e-06,8.401773499144838e-08,0.001,0.024688243865966797
16199,2025-09-25T00:32:36.604954,436.5532901287079,1.403145006406703e-06,8.309395838068667e-08,5.780303240499052e-07,5.697342331245636e-08,6.886423165042288e-08,6.159850727271987e-07,1.9804442807913603e-10,6.08264096878357e-06,1.0531857237592815e-05,3.400438877635056e-05,1.608055463557523e-05,3.4850862873156166e-05,7.138817388657648e-06,5.9490584076619286e-05,16638405.874575317,42115747.6962559,3.657150034991246e-06,13699725.736852096,3.63166931557129e-05,0.10503146729278055,1.012754964335727e-07,1.38528116622183e-06,8.401773499144838e-08,0.001,0.027103900909423828
16249,2025-09-25T00:32:37.867445,437.8157811164856,1.6122382930916501e-06,7.477358821006419e-08,7.025558375062246e-07,1.871702615119375e-08,7.336333851526433e-08,6.733227451150015e-07,6.950583752995954e-08,1.2342479931334369e-05,3.5313038398229555e-05,1.7852479715933983e-05,2.9953819617400143e-05,7.252210530903242e-06,0.00013288161013511127,0.0001537608399914273,17328493.5383547,42027287.985352814,3.7586437814593945e-06,13519892.839464279,3.6394776690904663e-05,0.10408453063475927,1.012754964335727e-07,1.38528116622183e-06,8.401773499144838e-08,0.001,0.02615499496459961
16299,2025-09-25T00:32:39.132141,439.0804772377014,4.196657755528577e-06,1.0818754958563659e-07,3.054182798223337e-06,1.6710220762661265e-08,3.6379373113959446e-07,6.515012387353636e-07,2.2825714651730777e-09,2.7680231208968816e-05,6.499821477946552e-05,1.554369582696211e-05,0.0001235724218565846,3.8742960479556074e-05,2.4077557100563082e-05,0.00021243049222166674,17328493.5383547,42027287.985352814,3.7586437814593945e-06,13519892.839464279,3.6394776690904663e-05,0.10408453063475927,1.012754964335727e-07,1.38528116622183e-06,8.401773499144838e-08,0.001,0.032798051834106445
16349,2025-09-25T00:32:40.583567,440.53190326690674,1.0608999218675308e-05,7.516881339597603e-08,9.526625035505276e-06,1.9640399528952912e-08,1.1502019248155193e-07,8.725243105800473e-07,2.0189476826470987e-11,5.585908640863896e-06,6.316772425270266e-05,1.8614665414323348e-05,2.1049085612743756e-05,6.91876603628019e-05,2.253115723896681e-06,9.471037845157682e-05,18051542.05360233,41685729.80442962,3.8887599819966125e-06,13108493.243112797,3.650306588633782e-05,0.10378465249512418,1.012754964335727e-07,1.38528116622183e-06,8.401773499144838e-08,0.001,0.08530211448669434
16399,2025-09-25T00:32:41.864393,441.8127291202545,6.25048232905101e-06,2.438202386656485e-07,5.028909981774632e-06,1.7047470635134232e-07,2.1335968369839975e-07,5.752675065195945e-07,1.864991183708753e-08,0.00021120988126475306,5.48401222229656e-05,1.1951851001883662e-05,7.484035907086448e-05,4.320918939608529e-05,6.797571687388447e-05,0.0002461366588234568,18051542.05360233,41685729.80442962,3.8887599819966125e-06,13108493.243112797,3.650306588633782e-05,0.10378465249512418,1.012754964335727e-07,1.38528116622183e-06,8.401773499144838e-08,0.001,0.024710893630981445
16449,2025-09-25T00:32:43.136021,443.08435702323914,1.4067968550079968e-06,7.347213681896392e-08,4.6092313255030604e-07,1.5183140078534052e-07,7.894787756868027e-08,6.411848971765721e-07,4.374943185503355e-10,3.7250005805650954e-06,5.611715644667316e-05,5.646276902977006e-05,1.808732036159827e-05,4.316605295510071e-05,1.043325201894184e-05,0.00010742224612417581,17919216.210021842,41664409.3470631,4.094721193961358e-06,12791511.828890199,3.6955675120144536e-05,0.10383803420732322,1.012754964335727e-07,1.38528116622183e-06,8.401773499144838e-08,0.001,0.025070905685424805
16499,2025-09-25T00:32:44.585676,444.5340120792389,1.9253875507274643e-06,8.229978476492761e-08,8.770293788984418e-07,5.744806230723043e-08,3.0530515005011694e-07,5.952285277999181e-07,8.076491475605962e-09,8.18213062152647e-06,6.313192803284204e-05,3.4705527110116765e-05,0.00010243472481675,1.7109842518956014e-05,4.497461277342535e-05,0.00017829197542706544,17919216.210021842,41664409.3470631,4.094721193961358e-06,12791511.828890199,3.6955675120144536e-05,0.10383803420732322,1.012754964335727e-07,1.38528116622183e-06,8.401773499144838e-08,0.001,0.03177189826965332
16549,2025-09-25T00:32:45.971760,445.9200961589813,1.337858293481986e-06,8.918735971974456e-08,2.949867052848276e-07,1.7391919016063184e-08,1.1380613784695015e-07,8.048680228966987e-07,1.7618178915768112e-08,3.647686138222533e-05,4.528836529703704e-05,1.0165205921517654e-05,3.295715101901945e-05,2.5013817057400567e-05,6.612350061792524e-05,0.00011137910662620174,17939137.974600576,41393799.280093715,4.290686698098611e-06,12356020.469842752,3.760923287414496e-05,0.10372398656782315,4.901608363638843e-08,2.8976043608963664e-07,3.7812910136381106e-08,0.001,0.026361942291259766
16599,2025-09-25T00:32:47.210817,447.1591532230377,3.201539584551938e-06,9.512462639804653e-08,2.2344995613821084e-06,7.23862658702501e-09,1.1165622737507874e-07,7.524243983425549e-07,5.962297322525956e-10,0.00012871222929481573,1.0836538082205135e-05,3.3839017510569257e-06,1.787641590305389e-05,4.8282193020162865e-05,1.2195811109214376e-05,0.00013907423207949426,17939137.974600576,41393799.280093715,4.290686698098611e-06,12356020.469842752,3.760923287414496e-05,0.10372398656782315,4.901608363638843e-08,2.8976043608963664e-07,3.7812910136381106e-08,0.001,0.027118206024169922
16649,2025-09-25T00:32:48.587710,448.5360460281372,3.14876433549216e-06,7.171975369146821e-08,2.2449357857112773e-06,2.130000531508358e-08,8.727061384661283e-08,7.232732173179102e-07,2.6502069983003196e-10,1.1947272928741325e-05,2.3495054462561012e-05,1.900704285698239e-05,3.943699342326403e-05,7.966826705077043e-06,8.10087328609613e-06,6.75890348092038e-05,17518389.39621009,41294062.24463737,4.520566512473989e-06,11976119.070034767,3.7956287017311245e-05,0.10398071075629069,4.901608363638843e-08,2.8976043608963664e-07,3.7812910136381106e-08,0.001,0.030785083770751953
16699,2025-09-25T00:32:49.979809,449.9281451702118,1.0584496976662194e-06,8.68181402324808e-08,1.6132565860971226e-07,5.410785419712738e-08,5.5453547531669756e-08,6.966185992496321e-07,4.125968899870713e-09,2.014558031621727e-05,1.4945594125506388e-05,3.178532014398985e-05,8.268900202491683e-06,5.4120502549058435e-05,3.1885748309045585e-05,7.277062559952427e-05,17518389.39621009,41294062.24463737,4.520566512473989e-06,11976119.070034767,3.7956287017311245e-05,0.10398071075629069,4.901608363638843e-08,2.8976043608963664e-07,3.7812910136381106e-08,0.001,0.024602174758911133
16749,2025-09-25T00:32:51.240806,451.1891419887543,3.225983164156787e-06,1.5312426171476545e-07,2.2855635961605003e-06,4.266860997859112e-08,6.644997085913928e-08,6.556635980814463e-07,2.2512868014246123e-08,6.247576943641682e-05,8.989030333350816e-06,6.6374906321213556e-06,1.9283402562082205e-05,1.3976697183540465e-05,7.432971140430554e-05,0.0001151857754913431,17147608.320209257,41306446.010710515,4.725502600780582e-06,11668228.87463976,3.795098577685694e-05,0.10399525577549366,4.901608363638843e-08,2.8976043608963664e-07,3.7812910136381106e-08,0.001,0.02832794189453125
16799,2025-09-25T00:32:52.486907,452.43524289131165,6.830670827184804e-06,7.406212887417496e-08,5.938915364822606e-06,9.931483191394364e-08,5.7061495084553826e-08,6.612211791434675e-07,9.534571049352181e-11,9.679618334642359e-06,2.9465297288746656e-05,5.4037365447222123e-05,1.4002688519623274e-05,1.5484290321972574e-05,4.830680488689737e-06,4.659534473546487e-05,17147608.320209257,41306446.010710515,4.725502600780582e-06,11668228.87463976,3.795098577685694e-05,0.10399525577549366,4.901608363638843e-08,2.8976043608963664e-07,3.7812910136381106e-08,0.001,0.025616884231567383
16849,2025-09-25T00:32:53.920023,453.8683590888977,8.042036824917886e-06,8.976614651601267e-08,6.828013738413574e-06,4.123698005287224e-08,1.6860082041603164e-07,9.116860155700124e-07,2.7328417306904385e-09,1.6645726823825735e-05,2.0118840117930965e-05,2.962528645633864e-05,6.689763614865394e-05,8.43009559041977e-05,2.5897093177495226e-05,0.00013604736570859625,16856261.72850108,41232130.50609394,4.858932456887575e-06,11406530.832846817,3.802064296222488e-05,0.10454778326619305,4.901608363638843e-08,2.8976043608963664e-07,3.7812910136381106e-08,0.001,0.025152921676635742
16899,2025-09-25T00:32:55.194154,455.1424901485443,1.537370621917944e-06,6.79846934303896e-08,5.49306889752188e-07,1.5583833601340302e-07,2.2506623054141528e-07,5.377866045819246e-07,1.3878379556686582e-09,6.186338807354709e-06,9.261030678215856e-05,6.483999096501519e-05,7.065576021962027e-05,2.0761876524653085e-05,1.8443665563954616e-05,0.00017938918604656947,16856261.72850108,41232130.50609394,4.858932456887575e-06,11406530.832846817,3.802064296222488e-05,0.10454778326619305,4.901608363638843e-08,2.8976043608963664e-07,3.7812910136381106e-08,0.001,0.02480316162109375
16949,2025-09-25T00:32:56.440153,456.3884892463684,7.564423867734149e-06,1.0840194164529748e-07,6.658905022050021e-06,1.4068766596153637e-08,1.5936085162593372e-07,6.123326556917164e-07,1.1354583939748863e-08,0.00012166874400147489,1.6619850576428313e-05,2.311915896326941e-06,7.091091439367186e-05,7.3285629385069836e-06,5.3080034420258744e-05,0.00017789878708765908,16742348.874526467,40600648.15231638,4.935023039488424e-06,11099278.951435575,3.8298224676244865e-05,0.10573081149577036,4.901608363638843e-08,2.8976043608963664e-07,3.7812910136381106e-08,0.001,0.029754161834716797
16999,2025-09-25T00:32:57.688795,457.63713097572327,1.0826287279996905e-06,6.712686939636114e-08,2.1657163529198442e-07,9.369167486283914e-08,1.2053632758579624e-07,5.7067910574915e-07,1.4023105343596853e-08,7.232831388820387e-06,1.0843890210517258e-05,5.327826588951068e-05,4.137045829080711e-05,1.3984024641028298e-05,5.8805726871808007e-05,9.810076425554882e-05,16742348.874526467,40600648.15231638,4.935023039488424e-06,11099278.951435575,3.8298224676244865e-05,0.10573081149577036,4.901608363638843e-08,2.8976043608963664e-07,3.7812910136381106e-08,0.001,0.026060819625854492
17049,2025-09-25T00:32:59.078328,459.02666425704956,1.2776684343407396e-05,6.818294906452138e-08,1.1744456969609018e-05,3.4721203689969116e-08,1.2441022079201502e-07,7.694468990848691e-07,3.546689342215359e-08,1.6575383272282946e-05,9.019303886916525e-05,2.1040852492194866e-05,6.406596165859383e-06,8.072398816563397e-05,9.358838838611393e-05,0.00015666123719123784,16732191.489959817,40194949.249779,4.9639197185736215e-06,10787199.087154642,3.871845506544141e-05,0.10579538808311818,5.132973868171575e-08,3.703833613144525e-07,4.0838095571871236e-08,0.001,0.02415633201599121
17099,2025-09-25T00:33:00.298969,460.2473051548004,1.5326678521887516e-06,1.0761934987613131e-07,1.350116747289576e-07,3.1521966548098135e-07,1.1411672318217825e-07,8.565576194996538e-07,4.142887366498371e-09,1.3164256046771536e-05,6.8298346352586066e-06,9.521882778796524e-05,4.549811190697783e-05,9.301052234043796e-05,3.170666616313956e-05,0.00017136934329447116,16732191.489959817,40194949.249779,4.9639197185736215e-06,10787199.087154642,3.871845506544141e-05,0.10579538808311818,5.132973868171575e-08,3.703833613144525e-07,4.0838095571871236e-08,0.001,0.02287602424621582
17149,2025-09-25T00:33:01.516451,461.46478724479675,5.83827386435587e-06,6.745427327814468e-08,5.116341526445467e-06,2.1389592319565054e-08,4.3554507556109456e-08,5.796675281999342e-07,9.866428563043428e-09,3.0556668897416965e-05,1.46704257474289e-05,2.0317157414700787e-05,9.863743155331354e-06,2.8971850853859948e-05,4.9173360790742326e-05,6.455967114570176e-05,16905901.2307546,40318228.99955075,4.927486534093563e-06,10531990.133413464,3.860357966468992e-05,0.10641747793062672,5.132973868171575e-08,3.703833613144525e-07,4.0838095571871236e-08,0.001,0.023580312728881836
17199,2025-09-25T00:33:02.729550,462.6778862476349,1.1377129567335942e-06,6.229408455737939e-08,2.687053779482085e-07,6.63542110146409e-08,5.848709960787346e-08,6.817897428845754e-07,8.245308602550239e-11,3.3448307561498278e-06,1.2830040269773761e-05,3.5414538954622925e-05,1.101197826343903e-05,2.9541694982233662e-05,4.508525319330207e-06,5.238645331093603e-05,16905901.2307546,40318228.99955075,4.927486534093563e-06,10531990.133413464,3.860357966468992e-05,0.10641747793062672,5.132973868171575e-08,3.703833613144525e-07,4.0838095571871236e-08,0.001,0.02406620979309082
17249,2025-09-25T00:33:03.951301,463.89963722229004,6.4196860876108985e-06,8.595782929887719e-08,5.637198228214402e-06,9.689086866160324e-09,6.043171651981538e-08,6.220817567736958e-07,4.3272305738639716e-09,2.5091653519152213e-05,2.909824891024974e-05,4.914385888728817e-06,4.374039805008138e-06,9.97339216570818e-06,3.271623246672139e-05,4.7140044095281306e-05,17170642.117091194,40536566.91788088,4.8749821937929795e-06,10320978.388361359,3.840628243852968e-05,0.10756715000270264,5.132973868171575e-08,3.703833613144525e-07,4.0838095571871236e-08,0.001,0.025030136108398438
17299,2025-09-25T00:33:05.354035,465.30237102508545,5.611526376014808e-06,5.40698259499095e-08,4.676936896430561e-06,7.279612646016176e-08,1.1046954284665844e-07,6.45769432594534e-07,5.1484899898923686e-08,4.004396186728621e-06,1.0761078134015006e-05,4.146337632823984e-05,2.228341426634752e-05,2.621207794137223e-05,0.00011288267612001221,0.00011685179389004189,17170642.117091194,40536566.91788088,4.8749821937929795e-06,10320978.388361359,3.840628243852968e-05,0.10756715000270264,5.132973868171575e-08,3.703833613144525e-07,4.0838095571871236e-08,0.001,0.025515079498291016
17349,2025-09-25T00:33:06.563475,466.5118110179901,1.1119575447082752e-06,5.320025664445893e-08,2.0761842733918456e-07,6.92554209535956e-08,7.26396294226106e-08,7.06124922089657e-07,3.1188664983972103e-09,3.754433444037028e-06,3.2195064958249275e-05,4.215624840755524e-05,4.970486861629037e-06,2.5484638200431618e-05,2.762954834241199e-05,6.989619532634423e-05,17722008.63910893,41329280.48707524,4.853096169030381e-06,10234843.326208938,3.858766461379006e-05,0.10695159951467038,5.132973868171575e-08,3.703833613144525e-07,4.0838095571871236e-08,0.001,0.024379968643188477
17399,2025-09-25T00:33:07.764277,467.7126131057739,5.475232683238573e-06,6.809228381143839e-08,4.683510724134976e-06,1.241307785448953e-07,1.3143680632765609e-07,4.5676310378439666e-07,1.1298440405482779e-08,7.603354205446339e-06,3.0191492744536538e-05,6.219755380420824e-05,3.2610722194224766e-05,2.5174049836731526e-05,5.259380069124626e-05,0.0001161218361636918,17722008.63910893,41329280.48707524,4.853096169030381e-06,10234843.326208938,3.858766461379006e-05,0.10695159951467038,5.132973868171575e-08,3.703833613144525e-07,4.0838095571871236e-08,0.001,0.02434086799621582
17449,2025-09-25T00:33:08.964887,468.91322326660156,1.7401290506313671e-06,6.389483786506389e-08,5.170474537408154e-07,1.174963628614023e-07,8.587404920490371e-08,9.528389455226716e-07,2.9773647991504504e-09,4.118928335418318e-06,4.417761280380831e-05,5.70805911013319e-05,1.2363533701587835e-05,0.00011641144574152298,2.6765752908496798e-05,0.00014847835982456062,18421992.705109954,42127541.60899446,4.801276202665212e-06,10165508.82276338,3.887012770656899e-05,0.1059465498774679,5.132973868171575e-08,3.703833613144525e-07,4.0838095571871236e-08,0.001,0.02305316925048828
17499,2025-09-25T00:33:10.174049,470.122385263443,3.1733561627333984e-06,5.3932712518189874e-08,2.352555384277366e-06,5.664101720981307e-08,5.4029886342732425e-08,6.537953254337481e-07,2.401672194451976e-09,2.183185021071538e-06,9.867544540470374e-06,3.7533753482454715e-05,3.7114458800025103e-06,1.4871772221998923e-05,2.41161262152692e-05,4.733008222029284e-05,18421992.705109954,42127541.60899446,4.801276202665212e-06,10165508.82276338,3.887012770656899e-05,0.1059465498774679,5.132973868171575e-08,3.703833613144525e-07,4.0838095571871236e-08,0.001,0.02358412742614746
17549,2025-09-25T00:33:11.465885,471.4142210483551,1.1747557664421038e-06,7.172259586241125e-08,2.5189845587192394e-07,2.1605952582604004e-08,7.401180113220107e-08,7.464875579898944e-07,9.029354153256008e-09,1.596621940594538e-05,5.604619384597496e-05,2.4222905016818386e-05,3.2175390221678324e-05,7.230818220069632e-05,4.640866778999497e-05,0.00013681384499858814,19184117.672862772,42907879.18135607,4.717234972854571e-06,10114070.50393232,3.907840928079438e-05,0.10456891692760453,4.5420229355386255e-08,3.146752760585514e-07,3.562499628628757e-08,0.001,0.026360750198364258
17599,2025-09-25T00:33:12.988001,472.9363372325897,3.5387176922085928e-06,2.949157362763799e-07,5.885389100512839e-07,1.838928369579662e-06,1.1007950462271765e-07,6.839878778919228e-07,2.2267380828111527e-08,3.9151465646742585e-05,0.00010532045336146156,0.00024849393746272466,2.056769213083629e-05,4.386442218552882e-05,7.269988428695848e-05,0.00036280697503281113,19184117.672862772,42907879.18135607,4.717234972854571e-06,10114070.50393232,3.907840928079438e-05,0.10456891692760453,4.5420229355386255e-08,3.146752760585514e-07,3.562499628628757e-08,0.001,0.024650096893310547
17649,2025-09-25T00:33:14.219875,474.16821122169495,2.0466395653784275e-06,8.599587886237714e-08,8.188174547285598e-07,1.5739229297651036e-07,9.286618052328777e-08,8.611997373009217e-07,3.036798190692025e-08,5.545649965680325e-06,2.07459996643523e-05,6.33804000871485e-05,1.2215148787455437e-05,9.918006450996255e-05,8.415614776177188e-05,0.00014721563384634227,19902659.4623031,42803241.1542393,4.461488317862956e-06,10139415.266404917,3.927604271860174e-05,0.1026798278933553,4.5420229355386255e-08,3.146752760585514e-07,3.562499628628757e-08,0.001,0.02638101577758789
17699,2025-09-25T00:33:16.007703,475.95603919029236,1.681639105299837e-06,7.081156638832908e-08,6.290586611612525e-07,3.2845662190084113e-07,4.126525965375549e-08,6.112186383688822e-07,8.284605779174115e-10,8.051230048650176e-06,3.305588218967012e-05,0.00010143489896751315,4.510189911596233e-06,6.5405556553649936e-06,1.3910466515502582e-05,0.00012059587848505925,19902659.4623031,42803241.1542393,4.461488317862956e-06,10139415.266404917,3.927604271860174e-05,0.1026798278933553,4.5420229355386255e-08,3.146752760585514e-07,3.562499628628757e-08,0.001,0.0300900936126709
17749,2025-09-25T00:33:17.236097,477.184433221817,7.74664840719197e-06,6.131285346100412e-08,6.894541911606211e-06,6.750163805691045e-08,8.237398674282304e-08,6.316126928140875e-07,9.305947124005343e-09,3.166833926044598e-06,1.5369191668580318e-05,3.327024691317686e-05,2.7996071792054802e-05,5.37900604862552e-05,4.641110072647102e-05,8.485494696752722e-05,20692678.231769525,42530994.751230404,4.173102610171135e-06,10208759.375050059,3.961758283434695e-05,0.10104361477948898,4.5420229355386255e-08,3.146752760585514e-07,3.562499628628757e-08,0.001,0.02505803108215332
17799,2025-09-25T00:33:18.544625,478.4929609298706,2.3633099317521555e-06,6.989752421304729e-08,1.498820211054408e-06,1.4264822212339823e-08,1.3421690425730048e-07,6.399354788300116e-07,6.175068900660108e-09,1.7030198996337794e-05,2.5805327574502697e-05,1.3135519867876775e-05,4.685498700945954e-05,1.3115928606002178e-05,3.7606749857542194e-05,8.980074657379732e-05,20692678.231769525,42530994.751230404,4.173102610171135e-06,10208759.375050059,3.961758283434695e-05,0.10104361477948898,4.5420229355386255e-08,3.146752760585514e-07,3.562499628628757e-08,0.001,0.025366783142089844
17849,2025-09-25T00:33:19.891943,479.84027910232544,2.3382287963613635e-06,1.3095700523990672e-07,8.282223120659182e-07,5.438913035504811e-07,1.1034791214115103e-07,7.150017609092174e-07,9.808686307621883e-09,7.353551348566589e-06,2.978116047869327e-05,0.00010720287378188168,3.976778594343353e-05,5.693595531531195e-05,4.707333708889869e-05,0.00014032660552290083,21586602.321487784,42414992.43829141,3.939269935538725e-06,10237464.809241824,4.023215541476841e-05,0.0995609154346199,4.5420229355386255e-08,3.146752760585514e-07,3.562499628628757e-08,0.001,0.025751829147338867
17899,2025-09-25T00:33:21.192067,481.14040327072144,1.6586842548349523e-06,1.0675687178718363e-07,7.086782716214657e-07,1.8416865543713357e-07,8.042014343345727e-08,5.526304676095606e-07,2.6029859157006285e-08,8.724577956648167e-06,4.89859846419505e-05,5.76505252184872e-05,3.167602921307101e-05,1.7535749045148048e-05,7.648260145345544e-05,0.00012988217015435797,21586602.321487784,42414992.43829141,3.939269935538725e-06,10237464.809241824,4.023215541476841e-05,0.0995609154346199,4.5420229355386255e-08,3.146752760585514e-07,3.562499628628757e-08,0.001,0.03789520263671875
17949,2025-09-25T00:33:22.648003,482.59633922576904,5.793874152004719e-06,8.199784673479371e-08,4.892388460575603e-06,3.2626065404883775e-08,1.1253606402306104e-07,6.733905024702835e-07,9.35795108070181e-10,8.588713660470302e-06,3.070792879732473e-05,1.914902040695835e-05,3.864644045021554e-05,6.06202127795636e-06,1.4373618033648258e-05,7.544631627309453e-05,22703670.847932655,42210333.541383676,3.7272198023110653e-06,10289631.506668337,4.109964209237451e-05,0.09739862605702551,4.5420229355386255e-08,3.146752760585514e-07,3.562499628628757e-08,0.001,0.024134159088134766
17999,2025-09-25T00:33:23.896935,483.84527111053467,1.0963328350044321e-05,9.782062448948636e-08,9.772937119123526e-06,6.222027781888073e-09,1.5633128214176395e-07,9.177339279631269e-07,1.2283270400814672e-08,6.225293484766866e-05,4.644151814542403e-05,1.1491981682217035e-06,1.9458891075484367e-05,7.550348336548253e-05,5.217628669251315e-05,0.00012845547550704813,22703670.847932655,42210333.541383676,3.7272198023110653e-06,10289631.506668337,4.109964209237451e-05,0.09739862605702551,4.5420229355386255e-08,3.146752760585514e-07,3.562499628628757e-08,0.001,0.023699045181274414
18049,2025-09-25T00:33:25.270612,485.21894812583923,5.832719580212142e-06,1.2447621600131242e-07,4.989457920601126e-06,1.4875658926882807e-08,9.903040165681887e-08,5.79090965402429e-07,2.5788683188920913e-08,0.0002986381889634268,5.627826888259559e-05,3.6455552442928715e-06,5.023537527454074e-05,1.2252902009738158e-05,7.464425873653552e-05,0.0003245257412277256,23478565.678135905,41942366.79704493,3.5676904397380786e-06,10398173.786093928,4.1380152758708034e-05,0.09520098703794953,5.285496484930263e-08,1.5359839835582534e-06,5.111192891149585e-08,0.001,0.0266571044921875
18099,2025-09-25T00:33:26.565604,486.51394033432007,6.135598596301861e-06,6.37724326679745e-08,5.183644589124015e-06,4.247900164955354e-08,8.738703627386712e-08,7.563382382613781e-07,1.977489727522652e-09,3.593939513070934e-06,2.017849978849561e-05,2.7000164248059268e-05,7.88372120416607e-06,8.433449490878142e-05,2.066201118709088e-05,0.00010109433802146613,23478565.678135905,41942366.79704493,3.5676904397380786e-06,10398173.786093928,4.1380152758708034e-05,0.09520098703794953,5.285496484930263e-08,1.5359839835582534e-06,5.111192891149585e-08,0.001,0.02857232093811035
18149,2025-09-25T00:33:27.843730,487.7920660972595,1.1845227163576055e-06,9.525803790211285e-08,2.732066661792487e-07,1.1123042931160398e-08,7.137542468171887e-08,7.187219921434007e-07,1.4837540085466117e-08,4.284085839977322e-05,1.3783075475487976e-05,1.1852097604505606e-05,5.808024624637018e-06,1.0274806086243538e-05,5.620508779530277e-05,6.228065215549701e-05,24617250.762924068,42075343.45024665,3.449259657818647e-06,10641490.544669457,4.125338011104754e-05,0.09401478980292163,5.285496484930263e-08,1.5359839835582534e-06,5.111192891149585e-08,0.001,0.023942947387695312
18199,2025-09-25T00:33:29.098910,489.0472459793091,1.7883975260701845e-06,6.573587540970038e-08,8.01805867922667e-07,1.3244720875604798e-08,1.0217794255140689e-07,7.435823476953374e-07,6.185075562825659e-08,2.2074007237849167e-05,3.651769684344027e-05,1.1684583225184326e-05,2.878250503980706e-05,3.209028521944243e-05,0.0001147558062111968,0.00013723746247926096,24617250.762924068,42075343.45024665,3.449259657818647e-06,10641490.544669457,4.125338011104754e-05,0.09401478980292163,5.285496484930263e-08,1.5359839835582534e-06,5.111192891149585e-08,0.001,0.024240732192993164
18249,2025-09-25T00:33:30.461640,490.4099760055542,3.0971616524766432e-06,6.804859964404386e-08,2.2844008071842836e-06,6.557348086744241e-08,7.513454391983032e-08,5.982395236969751e-07,5.7647939755156585e-09,3.4732347054790184e-06,2.8818931712992915e-05,3.760093599588502e-05,1.892494535696311e-05,1.808779928857856e-05,3.4474260289695405e-05,6.372352952810921e-05,25803082.646374825,42169664.148506775,3.359525409707351e-06,10884629.173183985,4.1163127616344174e-05,0.09128982274339721,5.285496484930263e-08,1.5359839835582534e-06,5.111192891149585e-08,0.001,0.023816823959350586
18299,2025-09-25T00:33:31.693478,491.641813993454,6.729872438882012e-06,1.9197537426407507e-07,5.345296358427731e-06,5.183821016885304e-08,2.2372232422185334e-07,9.167417829303304e-07,2.982894764524957e-10,4.207546514567206e-05,1.002276981920001e-05,3.09142972888213e-05,5.5965588247718206e-05,9.648855502766958e-05,7.842768143710896e-06,0.0001437537189575748,25803082.646374825,42169664.148506775,3.359525409707351e-06,10884629.173183985,4.1163127616344174e-05,0.09128982274339721,5.285496484930263e-08,1.5359839835582534e-06,5.111192891149585e-08,0.001,0.025188922882080078
18349,2025-09-25T00:33:33.126677,493.07501316070557,7.412154445773922e-06,2.245062091787986e-07,5.3953140195517335e-06,8.210384407902893e-07,7.806588797620861e-08,8.847589469951345e-07,8.470960821682638e-09,1.8918019260573795e-05,2.461049349990916e-05,0.0001321052017504286,1.2567859109194214e-05,6.160735892919676e-05,4.096378854561762e-05,0.00017393259975179306,26947944.208319157,42773517.695603326,3.29861044858244e-06,11085114.621229822,4.065399087494096e-05,0.08982987105327568,5.285496484930263e-08,1.5359839835582534e-06,5.111192891149585e-08,0.001,0.20253896713256836
18399,2025-09-25T00:33:34.389473,494.33780908584595,1.678180069575319e-06,7.739547669416424e-08,6.56597649140167e-07,1.321730707104507e-07,4.555473864797932e-08,7.615650474690483e-07,4.894126881538341e-09,7.390668553567681e-06,1.9114215554628563e-05,4.6508587407374704e-05,7.390758880825972e-06,4.662580433383151e-05,3.133222925389941e-05,8.245369473480993e-05,26947944.208319157,42773517.695603326,3.29861044858244e-06,11085114.621229822,4.065399087494096e-05,0.08982987105327568,5.285496484930263e-08,1.5359839835582534e-06,5.111192891149585e-08,0.001,0.025545835494995117
18449,2025-09-25T00:33:35.627460,495.57579612731934,6.181222488521598e-06,2.915409140769043e-07,4.859360160480719e-06,4.385951157814816e-08,3.2088914281303005e-07,6.649331112384971e-07,6.400329155553663e-10,0.000605730006056653,5.7191529870294826e-05,1.1754145742994079e-05,0.00012853374908019296,2.0615387675328358e-05,1.1285937846386694e-05,0.0007027134807800131,28306777.786245625,43508791.09088512,3.2334651740936595e-06,11362913.893278709,4.00594956693008e-05,0.08853164102273346,5.285496484930263e-08,1.5359839835582534e-06,5.111192891149585e-08,0.001,0.02738809585571289
18499,2025-09-25T00:33:36.851658,496.7999939918518,2.7053029043599963e-06,7.606285379324618e-08,1.6885988998183166e-06,1.3130438958341983e-07,7.279332692178286e-08,7.36090328246064e-07,4.529197017433262e-10,7.352761926054416e-06,3.290954306752857e-05,4.844899875653526e-05,2.6375875418528907e-05,4.120373746463428e-05,9.4758940294742e-06,7.914287383692104e-05,28306777.786245625,43508791.09088512,3.2334651740936595e-06,11362913.893278709,4.00594956693008e-05,0.08853164102273346,5.285496484930263e-08,1.5359839835582534e-06,5.111192891149585e-08,0.001,0.024834871292114258
18549,2025-09-25T00:33:38.132539,498.08087491989136,5.855806193721946e-06,8.124302297574104e-08,5.059927389083896e-06,1.463737042683988e-08,6.868769020229593e-08,6.271044981076557e-07,4.206545778373538e-09,1.7938108077651375e-05,1.7682139488971973e-05,7.156921199745658e-06,4.460850363624127e-06,3.099467668350408e-05,2.8818365824560017e-05,4.289648343140065e-05,29811143.263108455,44042678.67596118,3.153724029026103e-06,11607594.588021656,3.9319105162510916e-05,0.08757459634979267,4.617988480504209e-08,3.4325415754210553e-07,3.442634266548339e-08,0.001,0.024388790130615234
18599,2025-09-25T00:33:39.333986,499.2823221683502,6.117452358012088e-06,9.494820574218465e-08,5.020892331231153e-06,1.0849344533880867e-07,1.049797901941929e-07,7.731106848041236e-07,1.5028234656710993e-08,1.294160215893382e-05,8.081245302641158e-06,4.192675125413779e-05,1.2400060481875992e-05,5.7017789512412424e-05,5.4302815035951045e-05,8.61241419249531e-05,29811143.263108455,44042678.67596118,3.153724029026103e-06,11607594.588021656,3.9319105162510916e-05,0.08757459634979267,4.617988480504209e-08,3.4325415754210553e-07,3.442634266548339e-08,0.001,0.024734020233154297
18649,2025-09-25T00:33:40.567480,500.51581621170044,1.168075414170744e-06,8.89494344846753e-08,2.2562244339496829e-07,1.116639847253964e-08,7.912660748843336e-08,7.413696039293427e-07,2.1840971697884015e-08,5.6019056378612364e-05,2.3730223090294622e-05,7.696641917726389e-06,1.071835774730266e-05,6.4328029288316365e-06,6.522949610791946e-05,8.986344404673762e-05,31480646.801939495,44870688.36440683,3.0746758663858535e-06,11911930.172324406,3.842104392267815e-05,0.08621082807395872,4.617988480504209e-08,3.4325415754210553e-07,3.442634266548339e-08,0.001,0.02662515640258789
18699,2025-09-25T00:33:41.770617,501.7189531326294,1.4597987956221914e-06,9.327339967057924e-08,3.4138625437662995e-07,1.8776415799948154e-07,1.3494387474111136e-07,7.023699595265498e-07,6.119797724135623e-11,1.1506140475753447e-05,3.114527290084274e-05,5.5651650674640286e-05,1.5954195881882844e-05,2.599262128067032e-05,3.4414088991199458e-06,7.509918035654397e-05,31480646.801939495,44870688.36440683,3.0746758663858535e-06,11911930.172324406,3.842104392267815e-05,0.08621082807395872,4.617988480504209e-08,3.4325415754210553e-07,3.442634266548339e-08,0.001,0.02499699592590332
18749,2025-09-25T00:33:42.993413,502.9417493343353,2.4315843347721966e-06,2.205269424848666e-07,1.021363914333051e-06,1.84470067665643e-07,2.604895996682899e-07,7.447325742759858e-07,1.1640831527881534e-12,3.152762101973281e-05,2.4751419311835366e-05,5.248341122108109e-05,3.366854384053845e-05,1.765576169388913e-05,4.7066376243498927e-07,8.527584154095401e-05,33218549.690201096,45447917.39527226,2.975457169379702e-06,12212044.725224186,3.750642840725658e-05,0.08523940115050554,4.617988480504209e-08,3.4325415754210553e-07,3.442634266548339e-08,0.001,0.023073196411132812
18799,2025-09-25T00:33:44.198532,504.14686822891235,1.3014557680435246e-06,8.97438354741098e-08,3.3920292707989574e-07,8.826078357060396e-08,1.3379300867200072e-07,6.450289333770343e-07,5.426216365123082e-09,7.558530889461312e-06,2.986332190177205e-05,3.3731181085961025e-05,8.50011992870018e-06,3.485607347099619e-05,3.219184733553111e-05,6.904565694631778e-05,33218549.690201096,45447917.39527226,2.975457169379702e-06,12212044.725224186,3.750642840725658e-05,0.08523940115050554,4.617988480504209e-08,3.4325415754210553e-07,3.442634266548339e-08,0.001,0.02383112907409668
18849,2025-09-25T00:33:45.406902,505.355238199234,1.2571207435030374e-06,8.634649617533796e-08,3.0224060765249305e-07,4.081462989802276e-08,1.5133329611671797e-07,6.749799581484694e-07,1.4057062180938829e-09,1.1256241372834408e-05,6.866928860102211e-05,2.4124520094822486e-05,5.686960483961659e-05,3.697995285547474e-05,1.6335911118838852e-05,0.00014472823134395506,35248398.18139552,45992638.049173735,2.885314472330672e-06,12597876.257429466,3.665371739494004e-05,0.08433686117222143,4.617988480504209e-08,3.4325415754210553e-07,3.442634266548339e-08,0.001,0.022497177124023438
18899,2025-09-25T00:33:46.829060,506.7773962020874,6.511851552204462e-06,8.691939967775397e-08,5.637265530822333e-06,3.885783073087623e-08,1.056321821124584e-07,6.423321678994398e-07,8.446544574880477e-10,3.5075840477832085e-05,1.7430593285053275e-05,1.840246595925301e-05,2.372472854232238e-05,6.990465172005486e-05,1.2635692912467498e-05,7.526308142447295e-05,35248398.18139552,45992638.049173735,2.885314472330672e-06,12597876.257429466,3.665371739494004e-05,0.08433686117222143,4.617988480504209e-08,3.4325415754210553e-07,3.442634266548339e-08,0.001,0.02392411231994629
18949,2025-09-25T00:33:48.040424,507.98875999450684,1.5335863281507045e-06,7.424052483884225e-08,6.801872132200515e-07,4.2789562115785884e-08,1.1847001957221437e-07,5.849396416124364e-07,3.295945560921609e-08,5.113274674312021e-06,3.192180632298436e-05,2.274477378643231e-05,5.5506637683509086e-05,2.6667165591595253e-05,7.857747120284012e-05,0.00012522354642450345,36871459.17178892,46476468.24732428,2.7992410350824346e-06,12926466.534685565,3.538996301772565e-05,0.08354173780194565,4.617988480504209e-08,3.4325415754210553e-07,3.442634266548339e-08,0.001,0.023679018020629883
18999,2025-09-25T00:33:49.301674,509.2500100135803,1.6052106275310507e-06,7.817703817636357e-08,7.012333185230091e-07,7.035945515099229e-08,1.2028638707306527e-07,6.193376975716092e-07,1.5816638665455685e-08,8.55251184883489e-06,1.5499012614801953e-05,3.3576272317001914e-05,4.493555309084648e-05,1.2511988333990878e-05,5.4325031656127385e-05,8.83144672269203e-05,36871459.17178892,46476468.24732428,2.7992410350824346e-06,12926466.534685565,3.538996301772565e-05,0.08354173780194565,4.617988480504209e-08,3.4325415754210553e-07,3.442634266548339e-08,0.001,0.023714065551757812
19049,2025-09-25T00:33:50.588462,510.5367982387543,8.2291317085037e-06,6.817837316930309e-08,7.401918992400169e-06,5.379192202781269e-08,1.3698357292923902e-07,5.682418304786552e-07,1.6579468700705924e-11,2.767640807669637e-06,1.8774172253471195e-05,2.602698447014962e-05,3.6626575603151275e-05,3.848606311494622e-05,1.7505390573641983e-06,5.8377717916670346e-05,38839600.052573495,47234623.59301166,2.724505060154741e-06,13170657.83641996,3.446308518679621e-05,0.08238658018288728,3.516217716992287e-08,2.8345840519250487e-07,2.8045592515013595e-08,0.001,0.02358698844909668
19099,2025-09-25T00:33:51.796868,511.7452042102814,1.6616845641692635e-06,6.698746801703237e-08,8.156897592925816e-07,3.145615679045477e-08,8.940514817368239e-08,6.503347549369209e-07,7.811340019259205e-09,5.5223899291235745e-06,3.1237089340234306e-05,1.7664187109744608e-05,9.372778298602969e-06,2.4966500767673264e-05,3.7830656395998484e-05,5.368640308571796e-05,38839600.052573495,47234623.59301166,2.724505060154741e-06,13170657.83641996,3.446308518679621e-05,0.08238658018288728,3.516217716992287e-08,2.8345840519250487e-07,2.8045592515013595e-08,0.001,0.022989988327026367
19149,2025-09-25T00:33:53.064572,513.0129079818726,1.1913281014130916e-05,9.24093228604761e-08,1.09464399429271e-05,4.556116550702427e-08,2.4788499786154716e-07,5.796574669147958e-07,1.3287518862981074e-09,1.2494238449406636e-05,0.00011356898718181202,2.2567319895274284e-05,8.065738567727692e-05,1.020324621658575e-05,1.5594300903488775e-05,0.00020112043363127124,41248952.846995994,47972554.07833742,2.66980032946264e-06,13520558.12603301,3.37255813957167e-05,0.08128848419633518,3.516217716992287e-08,2.8345840519250487e-07,2.8045592515013595e-08,0.001,0.024536848068237305
19199,2025-09-25T00:33:54.337102,514.2854382991791,9.14180782274343e-06,2.96674585342771e-07,5.990611043671379e-06,1.6246257246166351e-06,4.089902745363361e-07,8.190535822905076e-07,1.8529328071892337e-09,2.7303747693341874e-05,3.738356763033052e-05,0.0001735841201989112,7.108652774557596e-05,9.124149505428555e-05,1.827113641648644e-05,0.000214208976203967,41248952.846995994,47972554.07833742,2.66980032946264e-06,13520558.12603301,3.37255813957167e-05,0.08128848419633518,3.516217716992287e-08,2.8345840519250487e-07,2.8045592515013595e-08,0.001,0.025977134704589844
19249,2025-09-25T00:33:55.586340,515.5346763134003,8.501196134602651e-06,7.669851243008452e-08,7.699006346228998e-06,2.992083736330642e-08,1.2523587145096826e-07,5.702061116608093e-07,1.2934081583537704e-10,4.643911061371592e-06,4.3377137865317735e-05,1.669062705971401e-05,7.979231952056569e-06,4.115461907832763e-05,4.819957713625378e-06,5.607075699908381e-05,43572821.67513655,48550109.85653452,2.5405043295748952e-06,13643033.242595345,3.260623623107577e-05,0.08061889473065754,3.516217716992287e-08,2.8345840519250487e-07,2.8045592515013595e-08,0.001,0.027363061904907227
19299,2025-09-25T00:33:56.871578,516.8199143409729,1.1152061460961704e-06,7.166373450218089e-08,2.4925213892856846e-07,6.192076540401104e-08,5.4413913375128686e-08,6.754087280569365e-07,2.546902466704637e-09,3.72975094344245e-06,5.5209828183211354e-05,2.800408439365625e-05,2.011141603351483e-05,5.624497285376046e-05,2.1396562415009197e-05,9.51552391056557e-05,43572821.67513655,48550109.85653452,2.5405043295748952e-06,13643033.242595345,3.260623623107577e-05,0.08061889473065754,3.516217716992287e-08,2.8345840519250487e-07,2.8045592515013595e-08,0.001,0.024721145629882812
19349,2025-09-25T00:33:58.270834,518.2191700935364,2.446792223054217e-06,7.637392229753459e-08,1.6838436067700968e-06,2.5355621602329848e-08,8.034659515487874e-08,5.58905071557092e-07,2.1967411001355686e-08,5.564583994170707e-06,2.1053952236342556e-05,1.6561755565534932e-05,2.8796221552405816e-05,2.4888359471079808e-05,6.28540943717259e-05,9.317810222179537e-05,46446226.42297825,48731817.68426667,2.430881566346995e-06,13820751.955786781,3.146934176340036e-05,0.08032909560625319,3.516217716992287e-08,2.8345840519250487e-07,2.8045592515013595e-08,0.001,0.024860858917236328
19399,2025-09-25T00:33:59.571060,519.5193960666656,6.682913408440072e-06,8.954082630907578e-08,5.788904218206881e-06,7.369007448687626e-08,1.9238724746628577e-07,5.351989784685429e-07,3.1922393617378475e-09,1.0746541231598247e-05,4.3696060056676886e-05,2.6961044666329915e-05,4.347714908298843e-05,2.2368917436855164e-05,2.388279495322196e-05,9.668153132868562e-05,46446226.42297825,48731817.68426667,2.430881566346995e-06,13820751.955786781,3.146934176340036e-05,0.08032909560625319,3.516217716992287e-08,2.8345840519250487e-07,2.8045592515013595e-08,0.001,0.026838064193725586
19449,2025-09-25T00:34:00.965988,520.9143242835999,3.2732789350120584e-06,8.895931102870236e-08,2.5297665615653386e-06,2.0273326128972258e-08,7.34725418283233e-08,5.59214640816208e-07,1.5924783713927582e-09,2.512115404971773e-05,1.2649299385177569e-05,1.2231905226599061e-05,2.2690779027420966e-05,1.605989825619338e-05,1.6927909190971488e-05,5.080425133797031e-05,49718582.81846937,48743417.15888073,2.3380964047574874e-06,13934916.66814101,3.054664392681269e-05,0.08031002506758116,3.516217716992287e-08,2.8345840519250487e-07,2.8045592515013595e-08,0.001,0.1491410732269287
19499,2025-09-25T00:34:02.279625,522.227961063385,2.607327814985183e-06,1.2314940533997287e-07,1.7656020645517856e-06,1.1941037314500136e-07,1.7468404678311344e-07,4.24245996555328e-07,2.357532502550441e-10,2.1103375488178898e-05,5.1991737869078627e-05,3.9332726402083445e-05,6.739487847597622e-05,1.6423290906632786e-05,6.4998746729331455e-06,0.00014294635244188785,49718582.81846937,48743417.15888073,2.3380964047574874e-06,13934916.66814101,3.054664392681269e-05,0.08031002506758116,3.516217716992287e-08,2.8345840519250487e-07,2.8045592515013595e-08,0.001,0.025693893432617188
19549,2025-09-25T00:34:03.596796,523.5451319217682,3.906255187757779e-06,1.1139980671259764e-07,2.7259322905592853e-06,3.128052128431591e-08,4.5508556922868593e-07,5.825514790558373e-07,5.344718157634931e-12,4.063804296940308e-05,0.00010674498314201565,1.763732350188945e-05,0.0001336707913277277,1.8110619681452136e-05,9.854725066970858e-07,0.0002517235402896734,53317911.0745346,48693547.77105889,2.2633226126313816e-06,13949335.755870512,2.998042257414758e-05,0.08133674453114675,3.1270108280523345e-08,1.7500116200608318e-07,2.4495102834976024e-08,0.001,0.023734569549560547
19599,2025-09-25T00:34:04.792852,524.7411880493164,1.8018772607319988e-06,1.2545292804588826e-07,8.330226819452946e-07,2.3469668519737752e-07,4.113886120649113e-08,5.457043812384654e-07,2.1861792376398625e-08,2.1248436964111647e-05,2.8794375512697444e-05,5.4568409653154264e-05,4.870965639919676e-06,1.9196715654631568e-05,6.277743019533371e-05,0.0001036707091306293,53317911.0745346,48693547.77105889,2.2633226126313816e-06,13949335.755870512,2.998042257414758e-05,0.08133674453114675,3.1270108280523345e-08,1.7500116200608318e-07,2.4495102834976024e-08,0.001,0.022917747497558594
19649,2025-09-25T00:34:05.995185,525.9435210227966,1.7843361774794175e-06,2.997900594436942e-07,5.777366141046514e-07,3.247645352644213e-08,2.2164246615830052e-07,6.08850143635209e-07,4.384048679639818e-08,0.00020237272411915215,4.693288585200556e-05,7.3424691701425635e-06,5.411788159023896e-05,5.20631770412137e-06,8.874111973723305e-05,0.0002559839433859219,56950134.17189985,48652304.64942722,2.1843012371453946e-06,14068604.667166453,2.9542816829936222e-05,0.08140628412941739,3.1270108280523345e-08,1.7500116200608318e-07,2.4495102834976024e-08,0.001,0.0226898193359375
19699,2025-09-25T00:34:07.206040,527.1543762683868,7.579529210488545e-06,1.5806867281753512e-07,6.462678811658407e-06,1.9092235348239228e-08,5.4606391586276e-07,3.9355779790639644e-07,6.788999223905634e-11,8.591245049229044e-05,0.00012161084962399225,9.739827764380953e-06,0.0001428573462396888,2.36423017861631e-05,3.4794996257153398e-06,0.0003033747770360618,56950134.17189985,48652304.64942722,2.1843012371453946e-06,14068604.667166453,2.9542816829936222e-05,0.08140628412941739,3.1270108280523345e-08,1.7500116200608318e-07,2.4495102834976024e-08,0.001,0.023191213607788086
19749,2025-09-25T00:34:08.419420,528.3677561283112,6.390273483702913e-06,1.2278917438379722e-07,5.5447567319788504e-06,2.4270301324236243e-08,2.2701769353261625e-07,4.24983340963081e-07,4.645670514946687e-08,3.0088881226045484e-05,5.953092026800282e-05,1.3775945183472808e-05,8.550611250155003e-05,2.3721553762431318e-05,9.254908797759224e-05,0.00018960802594421877,59833550.42350705,48306368.15411312,2.161589910292401e-06,13988255.302033445,2.9722857104893543e-05,0.08363596073890484,3.1270108280523345e-08,1.7500116200608318e-07,2.4495102834976024e-08,0.001,0.027014970779418945
19799,2025-09-25T00:34:10.581153,530.5294890403748,1.7978748019231716e-06,1.7018830078541214e-07,7.855668968659302e-07,2.743465472576645e-07,7.776416310889545e-08,4.899268901681353e-07,8.189773165190317e-11,1.9014239802727596e-05,2.3553968176629305e-05,5.878155781229121e-05,2.2605055948771486e-05,4.1665680721362955e-06,3.877522174931955e-06,7.62175955067276e-05,59833550.42350705,48306368.15411312,2.161589910292401e-06,13988255.302033445,2.9722857104893543e-05,0.08363596073890484,3.1270108280523345e-08,1.7500116200608318e-07,2.4495102834976024e-08,0.001,0.02486586570739746
19849,2025-09-25T00:34:12.428113,532.3764491081238,3.509791895339731e-06,1.0719659826463612e-07,2.604586825327715e-06,2.0334280037559438e-08,2.537675527491956e-07,5.164006324775983e-07,7.506023358416769e-09,4.91674474384101e-05,6.559229411296844e-05,9.755000224998401e-06,7.388135774307797e-05,4.8721735794955605e-06,3.761935045454996e-05,0.00015821806332635434,62569024.52816158,47853612.664993696,2.117516598316981e-06,13878820.281035278,2.9977296694418722e-05,0.08612179004787075,3.1270108280523345e-08,1.7500116200608318e-07,2.4495102834976024e-08,0.001,0.04310107231140137
19899,2025-09-25T00:34:13.896497,533.8448331356049,1.1526494745339733e-05,3.0323448640956485e-07,8.45039448904572e-06,1.7469862996222218e-06,3.111674402589415e-07,6.913874699421285e-07,2.3323902809124775e-08,3.251681924441775e-05,2.524440707084e-05,0.00014627710497042528,3.7413221538791295e-05,6.265994756129138e-05,6.56166512434138e-05,0.00020648367797424509,62569024.52816158,47853612.664993696,2.117516598316981e-06,13878820.281035278,2.9977296694418722e-05,0.08612179004787075,3.1270108280523345e-08,1.7500116200608318e-07,2.4495102834976024e-08,0.001,0.027178049087524414
19949,2025-09-25T00:34:15.264786,535.2131221294403,2.400856374151772e-06,2.2337212612910662e-07,3.794950771407457e-07,5.77196885842568e-07,1.4075330057039537e-07,1.0698288406274514e-06,1.0209981304853954e-08,2.187197235134256e-05,1.3666751891696773e-05,7.840149758543464e-05,4.422929747249215e-05,0.00011236013373373288,4.381471402394803e-05,0.0001503602247420832,65360192.38012916,47712792.352705285,2.0385591840121617e-06,13815248.642791893,3.006846307405377e-05,0.0877746378092822,3.1270108280523345e-08,1.7500116200608318e-07,2.4495102834976024e-08,0.001,0.023109912872314453
19999,2025-09-25T00:34:16.602796,536.5511322021484,3.112980039077229e-06,8.209356394672795e-08,2.457298251101747e-06,4.570534883896471e-08,3.7407673403322406e-08,4.904368893221545e-07,3.841877163623941e-11,4.2736473210040514e-06,7.651699564393713e-06,1.9998288965634706e-05,7.581550059382547e-06,1.3366512925082564e-05,2.7116848265743443e-06,2.175922670284504e-05,65360192.38012916,47712792.352705285,2.0385591840121617e-06,13815248.642791893,3.006846307405377e-05,0.0877746378092822,3.1270108280523345e-08,1.7500116200608318e-07,2.4495102834976024e-08,0.001,0.02436089515686035
